alpha,beta,delta,F0,omega_ext,A,n_branches
1.3596959854212585,0.24338915326582308,0.049991934864512005,1.3078490670128218,1.1896010825327394,1.9777924024505187,1
1.2927367177553042,0.040448490253355424,0.11212443838376494,0.2260705224997674,0.8364769615119072,0.3739154609785576,1
1.645475359702889,0.13153305595200704,0.15568527554046696,0.9395022963787877,1.4888739209394117,2.8560376236259177,1
1.7175391505144106,0.19628514183120566,0.06503568022615587,0.17255559888719482,0.9544358109925156,0.21158254585810818,1
1.2653432828010855,0.052270128475097155,0.08606333448967753,0.5604564221824976,1.1514475405710303,2.555907077862413,1
1.6690095085966812,0.06438512192749303,0.16885260946447725,0.6542593523372346,1.0444572226271505,1.004700659825104,1
1.694169956690067,0.17209194305846107,0.1773598199267823,0.6988566080527471,1.0506527099791476,0.954664176252549,1
1.3921325065113015,0.02233002061356578,0.010822130397738423,0.4061818892306296,0.9168841335235379,0.7248797171322852,1
1.1128670703439159,0.11935671115072669,0.03959404193380593,0.7841570638226679,1.2268461386736986,2.7437850125090417,1
1.5069146597071965,0.09734343822745051,0.04669177699622415,0.912933393660645,1.0740701629182556,1.6482079169363564,1
1.4412017447803813,0.1712824061542291,0.07321214523170569,1.0078816527208703,1.1924898145856444,1.9523246733241209,1
1.760123533599762,0.08244487208814093,0.05347726847015084,0.20122238089476863,1.3349081531035925,1.4873123599503566,1
1.5862452327691516,0.13856337684975994,0.19038273124913496,0.2884472637007297,1.3324584499496368,1.1040149980534275,1
1.2935276122085693,0.13726065252611375,0.05513345790534792,0.670163394128555,1.0603214871460533,1.569727874997131,1
1.9460988827884451,0.11884752069752567,0.02601318749007562,1.130818178792976,1.0194650924631916,1.1116110985531096,1
1.203131310695583,0.11921721277017311,0.05653705901072563,1.1966087198859616,1.224592279843469,2.8262260059217192,1
1.716658949648002,0.09749129615980977,0.12596859640094674,1.4151783226468755,1.269082385834329,2.466706645414206,1
1.797915305395556,0.23981149939035554,0.08705923126423416,0.6024968364454866,1.3879780088863536,1.6300264922884777,1
1.4447643989796506,0.22545124613560677,0.046358930532807645,0.7993500114707406,1.300421667500385,1.960129664532,1
0.5703674656727455,0.07691841684255249,0.05904185564398424,0.5273328178710758,0.8777621453590112,2.6162938771359707,1
0.6798198633929189,0.20988929080345942,0.09322100881622049,0.8234689365400056,1.2070860158001158,2.609635624771364,1
1.5534641990962093,0.043031052094344074,0.0921563187327468,0.13493889211972232,1.224499584150346,0.959992774501848,1
0.5661133741070312,0.11957055362247516,0.036425998443578675,1.4232102162505254,1.2129724212165451,3.777100500322673,1
1.5503101821548317,0.2397591293882333,0.1394135021417234,0.6097200238293288,1.2476135459980355,1.463093997097221,1
1.1298131542788186,0.07473189070736518,0.11061965397811235,0.5643723719412244,0.9100970010384175,1.354396427845369,1
1.0540576335952292,0.27443449306819395,0.09773291927046769,0.4343150201535393,0.8441269156646668,0.8647489358375351,1
0.7308877022225692,0.17467301893233367,0.06746062181696924,0.7079134076467407,0.9320362607037618,1.9460052019885368,1
0.6595569694952812,0.05087122460703442,0.09320635898974845,0.10114231868909906,1.4838048472983143,0.06533122227222923,1
1.6667154396337014,0.05518102345181012,0.09394143216190161,1.410707218682234,0.8326268428855839,1.3423361071826088,1
0.7618639689804522,0.1878381189670583,0.01808794983838807,1.398885645853928,0.8290874160413148,2.0672468147465004,1
1.5645905901426422,0.25680940915287254,0.03157281607288446,1.1059536826833039,0.9482333282941214,1.1825162760783103,1
1.5528138911805849,0.2752791909545374,0.15694052263585467,1.4349363026758066,1.012796232434768,1.4621397098236326,1
1.2843299247687958,0.1695020393215102,0.13061777242448402,1.287316891259952,1.4924032144551491,3.1927497014223167,1
1.9405945356263632,0.23131990479702105,0.1364338240771324,1.4665337760404613,1.078116921380427,1.3359112574247025,1
1.0599894672888568,0.1478538289289093,0.1825838143849132,1.4348675657023273,0.8111562709317885,1.8259536695480558,1
1.2431181197815717,0.04555604810421395,0.1329643775707478,0.15942119832295923,0.8584291701395153,0.30538421572323937,1
0.8037949454892095,0.15730883630784104,0.12464487314316622,1.0373640105460784,1.0686485314239642,2.491911735971678,1
0.6864961392823212,0.11522364003747856,0.1474721234443327,1.400002615833072,1.2641606360656263,3.7759095243542826,1
1.9887397363755754,0.035285785605754676,0.10163158574783505,0.6014992026294614,1.0766517715861172,0.707737822378848,1
1.5382943637165651,0.1429990659421641,0.1120897446650376,0.678601381098294,1.467318361520911,2.732530544076721,1
0.815479783534482,0.013401972843774064,0.1941787427216922,0.7130089270277583,0.9343910953230326,3.6318687233077416,1
0.5203554179046284,0.24700721548774596,0.04593866460552771,0.45841788878698786,1.0013096237451196,1.9598904330266549,1
1.9621415949881702,0.06078847835305823,0.04422088126810442,0.20767567326438383,0.8631474589831317,0.17036016378586755,1
1.5849750949835482,0.1661497903253504,0.054189416903516835,0.22119746231984583,1.223309814536247,0.9957009245054245,1
1.560729387080579,0.07162903122212037,0.11366485868392957,0.9535767115803719,1.183976143710559,2.1844205743745557,1
1.7276161217807129,0.22884958209186546,0.10130784524157477,0.6993060112482063,1.4583521146257308,2.033469413285737,1
0.9786953793984235,0.2892439716419342,0.0680564246942544,0.3764807647057986,1.1173882792364003,1.5252703338357572,1
1.1544602981179581,0.06108727742806634,0.03662217918460357,0.23956825469129642,0.9400357036125091,0.794166822199796,1
1.0624077525502904,0.16517702129836026,0.023850917402844937,0.6643667647467025,1.281609517818985,2.595097270799939,1
1.8114334306777733,0.15428398125108175,0.048068350851578845,1.1556229498583621,1.4056798804222423,2.3666335836457075,1
1.626093956928576,0.08822681242780503,0.05973014469481493,0.2304307493595223,1.3595964355360748,2.1123293282981233,1
1.4182324953908,0.1263339391083608,0.18035041979672364,0.22467456377350145,0.8565546614623869,0.316001021371451,1
1.2953705579297676,0.14758906945774627,0.19383226127813422,0.725625062213041,1.4808865519147814,0.834737696096902,1
1.0745401535058188,0.2738675130166748,0.0801052730146482,0.8419975889398289,1.3195480775447959,2.2370515525234382,1
1.848911380410263,0.17063268174333282,0.013177339773049196,1.3913634654449833,1.1487349594241272,1.613191285291183,1
0.6451827609610293,0.19215739962553707,0.18081878669073967,1.3284350254370427,1.1993110390401793,2.88483940838375,1
1.7181251292821837,0.14989153014738077,0.04753737399217046,0.3340599931086331,1.4406414275810946,2.109224316474096,1
1.7049513271604957,0.28226374992963355,0.15016831019209761,0.6418631063414091,1.0094832743775841,0.7758294444047209,1
1.2517769928248872,0.12944067140957552,0.017805648772011535,1.2028996100522444,1.2285149862542104,2.692362159753742,1
1.1130924247489569,0.1953468085074785,0.018320054214291316,1.3738019004879258,1.265148855409179,2.6258284670205994,1
1.4342298511264095,0.25100212196334065,0.11675496008940123,1.2578705457638109,0.8327503324698621,1.2242082491209298,1
0.9449703249773969,0.06491529187185249,0.18024385697013046,0.4235361876105096,0.918540946259621,1.547743120696137,1
0.6142707617300542,0.2248626984883895,0.06193900813762499,1.2991284128040859,1.1977744818748104,2.760473577495781,1
0.8500108287146794,0.26982742434540335,0.016204110016268987,0.44298385384006456,0.9029923948141654,1.254135496327041,1
0.7725734148231377,0.2515085730567721,0.17082519540496166,0.14765524966140608,1.0827595756029798,0.3520602306589196,1
1.1244519787291984,0.2764352097478695,0.15458776697358148,0.2330203653488646,0.9864451916826262,0.753435152133934,1
1.683499423843271,0.18873504517112616,0.03830317003651289,0.5139596421134283,1.2259375360657148,1.2598377452846423,1
1.04480816347187,0.19688532053797408,0.13715607084356957,1.017095630349559,1.3219489945735874,2.654278817750176,1
1.4193492241343844,0.11158670462270652,0.0768498201420496,0.35397046092593065,0.9417466164209005,0.6216326410131061,1
1.5399327023646872,0.0688037764564944,0.039735774299541754,1.1165966306112964,1.4157847562863053,3.8164893762128296,1
1.659527105074332,0.026659986021123502,0.08608028713539928,0.6420105367045599,1.2013209935651434,2.0305077327819574,1
0.7393025975647918,0.2830128510526111,0.026541051734293844,0.5847925887458199,1.2047092982778183,2.150925145349801,1
0.964019317121737,0.2872695246014553,0.13766234785670062,0.811015644601648,1.2878813141608239,2.1780297475302817,1
1.7390199399788109,0.09415033798339444,0.029049537933948363,0.7070218698125293,0.9213385544093622,0.7592241509526944,1
1.5584591491551407,0.2829662051564694,0.14555926592305687,0.6837727734936845,1.4862202575758565,2.0614184708969048,1
1.2752957326647583,0.2202682076784609,0.1569034079081827,1.170484056135395,0.9742855014097842,1.5664381606644133,1
1.8678989870159008,0.04711072459788794,0.19010438922990472,0.2899214934400772,1.0285305460071945,0.34621370840992327,1
0.8703398462693779,0.0262802232619916,0.1930590265758321,0.12925676165410424,1.4939250742815577,0.09288891313333211,1
1.1714921637093392,0.25202747585415775,0.030087401586238842,0.22827700747150398,0.8555410771033148,0.4730810211612633,1
1.2329083738234827,0.16921263136737416,0.16623803947381577,0.16084516785228617,1.1345273843253005,0.8385229448356561,1
0.8125792394874796,0.13985154505112135,0.1299283347643472,0.9185442600877752,0.8845216118542931,1.99224356258269,1
1.095887370607248,0.2608476540996278,0.14986348765384133,0.5453416160068207,1.2533726579708786,1.8849512256674261,1
0.9402697724677735,0.01680107444805335,0.02988387285733754,1.0076633458132516,0.933138223818844,3.873854753467331,1
1.6554591890538801,0.21531690343683416,0.06100061457529169,0.654784405904814,1.492739969686221,2.286556948707077,1
1.1646857334612575,0.13275209021085513,0.1268464224263479,0.246408970523921,1.3343815595157953,0.395041218238066,1
1.8808040926552048,0.022834312445434296,0.1493475494368212,1.1000465022086374,1.2990541699953146,2.855164575713324,1
1.760573347450275,0.023596908311264007,0.14505467160693084,1.1349234532290284,1.307402399168794,3.478826443316011,1
1.8824123043189842,0.277245553591379,0.1609567613926165,0.5217294991247996,1.2751953028048493,1.0157734561611698,1
1.3825650044300628,0.2292563797981653,0.08023201818479692,0.23063465513266873,1.2746074785454664,1.4537003656268623,1
0.6816424013467235,0.03196233127469429,0.0747287281317421,0.7035958544585691,0.9528371322931389,4.0147920566484085,1
1.1749223277010694,0.0960148185059735,0.031857197492663525,0.6824422168518971,1.1301023979643658,2.3341974935085896,1
1.2134422399690408,0.26256108269391204,0.1515067129109444,0.5880406854732991,0.9185478709577803,1.0047159442406592,1
1.969228506571081,0.1815201041906919,0.17519231530841786,1.3896996472631382,1.4624877048131228,2.296359145814606,1
0.778583611990491,0.14607618665609626,0.07027786668496676,0.8632483235084747,0.8592335491294103,1.922073481305052,1
0.7228583757283823,0.2264559240953316,0.11405511714397774,1.1454062895281238,1.1610447576758505,2.5021736456996986,1
1.5477820686559762,0.0183564288407045,0.1624916283728044,1.3435125154984147,0.9405137367845777,1.8491738199287204,1
1.3562027198649953,0.12108206142083165,0.15649537605342592,1.3266548267614506,1.1619478664851943,2.3894880411102255,1
1.2604025457706993,0.06609426278375671,0.10164038664802161,0.30287444683685316,1.472502244021367,0.331099803074763,1
0.8029212559234673,0.07607626011711896,0.09017886564562867,0.6437794669001827,0.9685494983360442,2.552584656955336,1
1.5910340117930224,0.1928400076311766,0.18242265456060724,0.7774360688721285,1.1096117800432528,1.252601256185054,1
1.2449714967931278,0.22308907579705858,0.15029707338589837,1.0264811196893178,1.0638153202877834,1.6844805411828077,1
0.6145390354460033,0.2407875903516021,0.10983696258972575,1.1302759318333777,0.9809195325098565,2.1766824718671813,1
1.2407445259491965,0.05098833739488092,0.09289389683582278,0.23781465214482558,1.4505434021460935,0.2730466914503963,1
1.3871909537855842,0.20128869609705632,0.11548617286231631,0.17307893394784743,1.3020343873920042,0.5810515387359544,1
1.2625710450443852,0.25036314390302145,0.05235802628272315,1.1976658612291182,1.2919634510019036,2.23519894269257,1
0.8376216458983166,0.2049984766362408,0.09580831080501276,1.3752039075531008,0.9749884298597508,2.1864145480975656,1
1.9075063370197423,0.05539494135113637,0.16051617654662756,0.5084552578503709,1.1235259901404608,0.735207272093497,1
0.8244699406604508,0.06553182821730011,0.1334009274431106,0.7602537853859075,0.9514082175096656,2.6312262511073956,1
0.8031044290408104,0.20527491667092546,0.023636896267186513,1.3661514571909092,1.1080671933585098,2.5084058316572238,1
1.1389968825472352,0.045746272655925034,0.17433310921406367,0.7209223642628421,1.041571079314196,2.361338203717117,1
0.9757358580296962,0.12995992472147944,0.06937551566155077,0.1551878075683387,1.3014986932659265,0.2157436729737716,1
1.6708042776317027,0.11003965554429167,0.08663410405081212,0.8670024477668316,1.249554343462593,1.9643746627385037,1
0.6622444250277937,0.12035966274476108,0.04715879174057979,1.3258359600705474,0.9524286221006206,2.8126357165208895,1
1.7315111384346251,0.029100172837343646,0.10720062484189617,0.39201399419853267,0.8808618101677789,0.4067206946464954,1
1.4127032998915923,0.29124179270250206,0.08192288240088204,1.0293046913390704,1.371588134962726,2.0847349560787567,1
1.7275946430499642,0.031655179175852276,0.07784813271877777,1.2328683429615865,1.1005077645982713,1.9975619722497042,1
0.7150102795428008,0.057497414492208056,0.12052482314405907,0.7688664770035306,1.4335159126388821,0.5751089283144082,1
1.1755190096884736,0.24131563476224077,0.1558703642973036,0.7188852103679738,0.9548966425801912,1.2597422873290323,1
1.8470571134798568,0.017266304989687162,0.1674352911356549,0.4360330575166186,0.817656091022806,0.36698380696282745,1
1.828574977223679,0.09566296370921484,0.08055368067590499,0.8425081326208342,1.1633885096953833,1.366964710031886,1
1.6795245135072203,0.12216289485905137,0.0641094605451624,0.15045727446031515,1.2935075145015826,1.0764067442702931,1
1.5336162110892546,0.22478078468775797,0.07459878615333572,1.1503171218691506,0.8638804901706928,1.1404480919557616,1
1.0906464205179882,0.2292577995813836,0.014135019764281418,0.7826014196069229,1.0549241208656106,1.682947969343715,1
1.6153437333483969,0.09966622399991223,0.17329916424632824,0.36996849171520385,0.9711306405862711,0.5192105123038001,1
1.2067946314460558,0.2723442842165928,0.1530114229526693,1.1476962088752243,1.232734472602429,2.033632745755104,1
1.0573286759758973,0.18220166046008415,0.18051189313293417,0.7458944866398216,1.205941653401136,2.194391202340055,1
1.8635930488993402,0.21685252332830435,0.08692908218326868,0.3511151575091299,1.4316403193982261,1.5271741332184812,1
1.1732989223759565,0.21334401800152347,0.08818864975130403,1.2741764829504945,1.4103632040151362,2.7991532019044483,1
0.8354085248837846,0.1931284913714267,0.010287258336394144,0.9527647516918473,0.9907102777194113,2.052477082501464,1
1.417136731365075,0.05647434399622719,0.02162015294256788,0.772269386533684,0.8348862695341631,1.0113081290037529,1
1.9015210845492816,0.09857563209128237,0.15873047003197716,1.1302960715119634,0.8513777456256032,0.9078884530639948,1
1.4156296360837612,0.09353535103085224,0.02854386620275328,0.5326839510190264,1.3020455139704883,2.615594420869429,1
1.6900746016846289,0.15370855997552613,0.16669603637361055,0.1900199762519954,1.0729091334367864,0.32783858460936305,1
1.7997689161978931,0.20034692604891102,0.13257228811988597,1.3428114502553261,1.184090005172165,1.6417569220832562,1
1.8241027309995521,0.22876829392260495,0.014389115796740768,0.22116004195764472,1.1600250294205776,0.43290676695670827,1
0.6223577131594502,0.03637168881258028,0.1133961885617592,1.1651926826501344,0.8688750554447118,3.8990810086782677,1
1.4329263332973665,0.03567266211150646,0.11427440541610365,0.5995911715591316,0.9356326582913445,1.0086769484812663,1
1.6861773075465596,0.13118545933149062,0.023555660871180925,0.17750774819598586,1.3993857986245684,1.9101489082303371,1
1.4298458555544356,0.08350395952133605,0.18690243020921443,0.22439122974021525,1.4992156305510482,0.26078480596963527,1
1.6349179326198051,0.0397334411091192,0.08202905739059498,1.0097723780208863,1.083073182457721,1.7893563293116506,1
1.5077310709255283,0.12039742279763901,0.07410640575170499,0.5633022899170133,0.8481231451656571,0.6769076923662152,1
1.1192365317511421,0.19961811122094736,0.17891096559737127,0.5351617741010447,0.9102842047087509,1.0833990247487568,1
1.8694189692710406,0.22340544693659337,0.03777686925207185,1.3665609440312996,0.9772277913057729,1.187115160114532,1
1.0855612265340304,0.28873564216036435,0.08112620966485912,0.9658993202248731,1.1741317702811662,1.9097050787398238,1
1.6106472689961318,0.10208565043254841,0.09590175381210385,0.3424666070657894,1.486463840909534,0.5798142860778974,1
0.9332030698300866,0.09157454413312872,0.1672223334192359,0.6287843821832962,0.8887761318981051,1.6934920069490804,1
1.1264704983884442,0.05479654383048575,0.07883881141126531,1.171134862393049,0.8645479946702962,2.0846784238671034,1
1.6655640437356811,0.2280844626933432,0.06392704177013375,0.9945825743834893,1.2714681100888132,1.738863577660969,1
1.7792253834852563,0.024014471159942433,0.14695017441744493,0.6377421931822186,0.9722913169821445,0.7451261133787741,1
0.8208101830252467,0.23151041725220456,0.10136011148214787,0.6194485650975551,1.252198846851996,2.3704194752930543,1
1.9918597669083131,0.07006235874525882,0.11231103896023498,0.7264758075366103,1.1644451546135592,1.0317555443102062,1
0.7142076803703368,0.18285948535124125,0.1738443072593923,0.908276924646071,0.8801650231972078,1.9232329255728735,1
1.683654412203797,0.18624065630042355,0.0886003259100176,0.3555762539036704,0.9396309791418725,0.4281297634883753,1
1.155894866742313,0.04085820597462313,0.16078004902911092,1.4983480505475109,1.1412013258582343,3.950934007189818,1
1.2495499634851035,0.22759924507795842,0.06967975317676278,0.7861093973600557,1.433054858830744,2.535732652091637,1
1.452876310553802,0.04322730735946172,0.18057387318047158,1.0183726971935965,1.3924825553326858,4.010617179742162,1
1.1234376841265195,0.22139145457401754,0.15824101715772212,0.7412178336755487,0.938138308497892,1.3301395695477523,1
1.993284257042372,0.15714871055873453,0.022515381980463586,0.687956651774807,0.8308791293174642,0.5155614974118728,1
1.0249889883813497,0.12689251706692786,0.02306983266656494,0.10417583198027561,1.4600696354340506,0.09415036594060264,1
1.831937631870596,0.28503809863630514,0.09258758023637542,0.7918117967333425,1.340771703581301,1.4978071536178714,1
0.9739361499240897,0.15063358466263788,0.04884075831382384,0.7677751232256799,1.2645780288823216,2.809068173297318,1
1.9969186718167617,0.26873158171459166,0.11544462734918028,1.4104273472744586,1.1376081315193525,1.3247994651419046,1
1.842397374424737,0.24111155504424445,0.13044852104273405,0.7359790727069311,0.9375033651817779,0.6955858464921675,1
0.9293565516118556,0.1391304600631151,0.041000658414395055,0.8626409384489508,0.8620517466487774,1.7282405061926813,1
1.4437469475015852,0.2777777625160008,0.0900147565943602,0.11843235707937368,1.4097165029833802,0.21583270333566154,1
1.9028112520925848,0.24956555135806185,0.060665234639967314,0.6432897857280246,0.9259098741715908,0.5796387704181549,1
1.350543795534847,0.10905349466226098,0.10796002125275388,1.403441265305841,1.269595177864154,2.9578623271155964,1
1.7039169930868971,0.0233333777188694,0.13474372485894762,0.965092704840212,1.2941512351582123,3.3670230240059844,1
0.6324384429410939,0.08237616931483355,0.1625397374119731,0.9512075654419183,1.3876824556581817,0.7436530761716695,1
1.2609213207498011,0.0750602665977088,0.09773638901718432,1.2023110187831125,1.0688098749651482,2.497974291247387,1
1.267084044108742,0.048460320809069694,0.1251770434175074,1.4200894793095635,1.38581443490283,4.929971976099279,1
1.8709858203353926,0.016314928411333505,0.1872151909944994,0.6045557086407204,1.0028914399756792,0.678635000519903,1
1.9537978191363272,0.15486175220581086,0.041362706404378106,1.3937928674916698,0.9874556626840101,1.2119407036390628,1
0.52980957547236,0.24972575943770653,0.024937287444811232,1.0736377261718846,0.8514501514474011,1.982672087522684,1
1.1959844908008022,0.21992361216337258,0.11770618444346263,0.715318397990244,1.2949109975066442,2.1659367997240206,1
1.249062939055383,0.28628285380503105,0.0666485914556714,0.4420884003987984,0.920494259792277,0.8097108276865281,1
0.7978481214568298,0.17037605861341307,0.08163044938029056,0.9016862941235358,1.1896902659999422,2.706719792146623,1
1.6370804145566114,0.25719845781390954,0.031677662282294225,0.9496145142466693,1.373475536262481,1.9508883431655322,1
1.6676855843048595,0.2828598583420251,0.1830175948947811,0.5322782222106067,1.4959974000667107,1.7955612321440209,1
0.799087261679482,0.023738360121762298,0.07684206154437842,0.46890686224652167,0.9325380346446202,3.2961627123667947,1
1.8228763171477766,0.03662253606865628,0.12894147859172286,1.0684431487363142,1.0551233699296736,1.380446342926837,1
0.6867194079373657,0.01714827219841119,0.10168737071704673,0.6507301764897581,1.1820350018563313,0.9166104600529195,1
1.4704038015171808,0.15927368098609118,0.13501953136759381,0.29701428139707087,1.3051508685458924,1.5803611542896807,1
1.2089716600390843,0.16122708944638675,0.11670570046153876,0.29008993083559464,0.9785703434980354,0.8232912378879671,1
0.7568794249648444,0.2231583730578826,0.16137928253097997,0.6952121145325405,1.0050834587741664,1.8730263701394703,1
0.8166955492394228,0.24619372599671352,0.06308063111480534,0.20692856242919414,0.9035483293664043,1.0239376529054744,1
1.4303957846869624,0.06812804508517503,0.07649755303230693,0.9031097613562963,1.051174699695827,1.8091604053023385,1
1.4457634467253915,0.2464361615681281,0.11294396036077951,0.19129479103287866,0.8606888420248351,0.26406675949306085,1
1.5485840146609757,0.07066956226035756,0.12658511888174676,1.275208418045388,1.3268022216024415,3.263784054715242,1
1.6945263950154779,0.14744098081104334,0.18453675296338823,1.001741045005895,1.4710962262700282,2.5942210471822476,1
1.835871836326556,0.19641987308710943,0.07841219907621551,1.2506343730421303,1.3999610813463887,2.1657201621328888,1
1.9791103684245328,0.22843062690857918,0.07314997747459187,0.6612544660958515,1.3614190192126465,1.4003210162325725,1
1.8659618014292367,0.02348564405622021,0.1771522116387608,0.12141665461733298,1.2160320197343018,0.2732966609673819,1
1.9135778171802795,0.233395152264224,0.06781099036094183,0.24984066674557415,1.30641838376446,0.7721315365194438,1
1.3688330755941933,0.23936279312820186,0.08590023219469008,1.034601468320927,1.1877404854766578,1.8266702520902844,1
1.162736979679937,0.021202011874349957,0.18513220549267378,0.20126789120776364,1.2534350202891607,0.430865635063827,1
1.9675378582544554,0.240518454598745,0.1466619803951267,0.2525033085753797,1.1243537201253595,0.3399571097051513,1
0.7448759741899719,0.23215259892845033,0.116233508564226,0.4403826410459041,1.0193472796415906,1.7279018888117113,1
1.4683227896245223,0.251002576720802,0.08321017756002756,0.9955163020613207,0.8415573568970647,1.0331364283593882,1
1.9965169226098767,0.03390401783830118,0.05962034502824679,1.1929356847403656,0.9502077601608349,1.0616058668781592,1
1.488213971560627,0.013150099153885372,0.1969888212972447,0.6510184347064849,0.9931094131467758,1.1803458781284872,1
1.7920295130313018,0.12559235127813223,0.06532689829208249,0.6857100172498061,1.232017142862552,1.4397563662113029,1
1.434701228432791,0.06539715463910588,0.1535810608680789,1.0052903306618062,1.1674611281234175,2.4568694229281847,1
1.2448365557314975,0.16942973330918049,0.07529819944812048,1.315082927723075,1.0433480899757968,1.9860480679971286,1
0.5826700617294986,0.2731838358009865,0.05698465320564757,1.1066144936714866,0.8550498610398001,1.8900365180426142,1
1.1238060747007064,0.24876167973199179,0.09867629807824549,0.7002180491683848,1.389919083555283,2.391211085078428,1
1.1863471226451847,0.20232307579940897,0.09587405108260977,0.28497229025950954,1.4111442304856343,0.3574874011360563,1
1.700534825737874,0.1543503693007359,0.040617590122123154,1.3442202394824563,1.082514997198826,1.6156077875208363,1
1.1443917364084215,0.0955830963240671,0.18397718818350461,1.0615636255214314,1.1746728725081117,2.773370376200912,1
1.6523754044875827,0.1875492106383148,0.13925939232360846,0.4324840363461978,1.3541543825047597,1.6217030175545617,1
1.4955078239962654,0.14328243473604804,0.019903592322091324,1.269227449300226,1.456570819263432,3.102232177232027,1
1.3899732598839978,0.06793972941997055,0.13257317827427692,1.4584820724436973,0.9908793508737453,2.1907003218657857,1
0.9443131979443782,0.042440671745886636,0.02265666578304626,1.4319196751357075,1.1647408187628732,4.734778655263446,1
1.985269746814083,0.19467173923320572,0.06041854205616409,0.7197897555314607,1.2476900782352098,1.149681871557837,1
1.4352133267120581,0.27958615137726806,0.17252009729796455,1.234136541735369,0.896577255663268,1.2622188763137716,1
0.8798768259148433,0.12766861821306866,0.014585825851466795,0.764876295683192,1.2030267708590265,2.9389700108636867,1
1.1922526436828056,0.22794314198798568,0.09526271260672163,0.8474010043012,1.3723995166443677,2.4351018643350475,1
1.049785536072129,0.012708448231271378,0.1871327038832924,1.0325517912124493,0.9577598863017547,3.4142722191127004,1
1.6010957734912026,0.2766337606288583,0.16626488385249785,0.2865959692014658,1.076214855854529,0.5370945478076184,1
0.9500038347568335,0.04782412767725242,0.14011072811413913,1.1995827419622929,1.071870836311244,3.6868170078746054,1
1.9181508055194867,0.178806768046991,0.0887178082461169,0.3998545160003677,1.3179335723079157,1.1011134638705227,1
0.8381848075317764,0.1980624595133108,0.022078135498995604,0.20073484473975894,0.880909790770412,0.9781224502889535,1
0.5307052207946226,0.02151819502974798,0.09082411394300373,0.8995412785112368,1.3477175228399005,0.7008170721012826,1
0.5994294313204328,0.17945385542305017,0.0629445823640078,0.5962035664961167,1.02367014417832,2.283067289492782,1
1.7073863608593431,0.2844808819019969,0.05385094143724632,1.1556940255379202,1.0053394430245461,1.168171644973943,1
0.6986930305280208,0.21084561519819092,0.023293558980660323,0.7756296891368379,0.9907639999678245,2.0452129276322117,1
1.2820267861183925,0.2052216248487007,0.17963366880338022,0.4110138247946473,0.8116730382432434,0.5931900618707122,1
1.2253797428603481,0.05006254407251272,0.01643183304452782,1.114508675416719,1.1651013042113352,3.471686043111766,1
1.7858053422975717,0.09637101683772605,0.0904993540565611,1.3330400632691566,1.1322009704111227,1.7931247687078136,1
1.220423788682744,0.1429334918634063,0.016192993937664418,1.405955424152138,1.1890471945397378,2.6119415418918357,1
1.4230802165181204,0.2246981926611579,0.12176590082901972,1.2040271712287653,1.170133810934085,1.854469794042204,1
1.3103064701701699,0.07562747959816336,0.09775364234200738,1.2735217777357015,1.296946586082723,3.5353648275024008,1
1.1151676505904113,0.061709351138045286,0.1902251678874942,0.16246502118682277,1.345544115992979,0.21989327708102457,1
0.8560731455187796,0.08375528457283464,0.14746633245332058,0.4792129965763704,1.2606715035699292,0.6562514561976044,1
1.0550166033342516,0.20924676324253783,0.1336162999162565,1.1705521959743606,0.8793306911644635,1.6401336565592626,1
1.4540681943143645,0.015685039577224467,0.07482881749023512,1.207538681027014,0.9782226141811405,2.1670677872858097,1
1.3952658501563708,0.23291256565623009,0.030071729178107964,0.31659468257496454,0.816957650041033,0.41730545137144504,1
0.7467260170320307,0.21268562602282545,0.1531057474784292,0.4852241186230858,1.3193477716570547,0.49734058072765125,1
0.6794703470015158,0.10932590112786753,0.16530611076339002,0.6132689781591678,1.0753049204959024,2.735269712374575,1
1.97159410226306,0.288320812265337,0.08187683212519553,1.2969792798652615,1.0915169909056075,1.189878070277687,1
1.7520488660533122,0.16950978528905644,0.05351475428276722,0.8844439977978962,0.9473342449134381,0.9182863612556151,1
1.2399101930941516,0.11155794252925855,0.09967182769943492,0.4207051412898355,0.8946844153243354,0.8324793961891159,1
0.5025360851052998,0.07001245656144807,0.1448208242718833,0.44344432055890726,1.2734548343606518,0.3937482257716087,1
0.6822980633176724,0.18715777215965074,0.09035821345325792,0.300623583281034,0.8790740097811885,1.4265656209793878,1
0.5840073595285177,0.02375587460864824,0.06996979617566407,0.590509453180969,1.2363020635755413,0.6272620025536944,1
1.2170181570600107,0.23310476622346005,0.07737460719831009,0.773796459254146,1.144999493478933,1.740565166612107,1
0.8322486074075366,0.07905435841666915,0.06732942035362513,0.9737939293172476,1.0615875168606053,3.165102784127566,1
0.5201014646151992,0.014690894609511647,0.17536012419098113,0.7483225635786591,1.2393216828281395,0.7243096558643548,1
1.6616401985248275,0.2582386153066588,0.05069547752861223,0.3178818541948763,1.3630033813621631,1.4458127983157527,1
1.1839613798636615,0.037718531343028716,0.1908236295660895,1.00213356518722,1.48242454548135,0.9763522003800383,1
1.1748355202966954,0.2801880136239259,0.09969235268310132,1.4474562584120083,1.1594151910838078,2.0358212544098873,1
1.0294121947697814,0.1856606512191934,0.06640625440219787,0.6753039843425824,1.1602330383317287,2.1199798008303365,1
1.7284519687905646,0.06758011076706352,0.045409172868475164,0.740413024885875,0.9585488448590891,0.8718165811945439,1
1.2218347332813506,0.1887939224565052,0.1675388873081529,1.1138983700979486,1.2275204906483985,2.270991037689685,1
1.9167537050925385,0.22980716582077304,0.1866262033821946,1.3620069640711925,0.9215430456138272,1.0677029630031536,1
1.9782035629561863,0.23672113931596447,0.12672297164384957,0.8655439211552112,1.2128316339676204,1.1451304232859145,1
0.5035164730483757,0.032395177790217305,0.19046343250363296,0.7021061804663631,1.2961299797045416,0.5881095743856353,1
1.8240455335948078,0.26369020153140654,0.0390249297650486,1.3911398912094124,1.365063891331145,1.948906776862648,1
1.942935932835376,0.07383679464336766,0.030353351864996,1.3706672545189857,1.2698611688440402,2.2446762817200914,1
1.399507520334717,0.12284188234255126,0.04279584808712341,0.7256843824558163,1.3116157493147522,2.551259510798186,1
1.503183687365187,0.2793917619903156,0.1608858645968415,0.7857609889089775,0.8190951710629597,0.8044286160249093,1
1.4676938342848396,0.13151455195479847,0.12214833884905388,0.45716807020467387,1.0182733605820244,0.8764310653060872,1
1.3565913852212348,0.14274610619763445,0.13215539060805628,0.7071015584029801,1.3381722270205063,2.478973983179573,1
1.724658182349091,0.2590074788377008,0.05039127681761868,1.431115108343414,1.2441495556438018,1.7881455131560209,1
1.0030618024825646,0.22481566472474956,0.13379163097142052,0.4709856359287995,1.4996144112324594,0.3805216285610561,1
1.9504847907459104,0.22160350778293944,0.10872974238606761,1.4882820143569815,1.2667202256416616,1.7354251471457742,1
1.8778388094700336,0.18618945075316926,0.11713836762715167,0.5041676712971342,1.166408559951389,0.8083243831871899,1
0.7262157331189671,0.09957373416252466,0.15978450249674797,0.763725900672712,1.1127923042468657,3.038958073177495,1
1.3310684538953355,0.23387457054960364,0.13979316111918777,0.6707565696467103,1.3809746421641864,2.1609394449661545,1
1.447883470422488,0.1250378532418218,0.14370526665639505,1.0563591817639955,1.0504529822262296,1.6818330006600788,1
0.9873150578148284,0.09641770663779353,0.03760782276492899,1.4908235126535745,1.1240352062558547,3.1993639433376893,1
1.4507759490916579,0.07487772618967957,0.10046333271807623,1.3793945176095397,1.0094150880280102,2.0452510092613227,1
1.2758260943567,0.11188882569584849,0.11225516126217092,1.0005338441136054,0.9800005951940973,1.731910767146254,1
1.1029617199148616,0.19615967172748972,0.04827989322985571,1.0996526919829461,1.3708727204487197,2.810367688538719,1
1.6587857784830098,0.20217171688596305,0.07825160984978971,0.9826194555757859,0.9781726926879862,1.1039867684238567,1
0.7144613072756585,0.26808367801888217,0.03516842131520399,1.3952433888087785,1.3095717636828947,2.738559299394028,1
0.8928192854061741,0.2871088298487072,0.027258511120493815,1.3348827219266375,1.3114044049546831,2.510753444907341,1
1.4449645567252682,0.19219096079716114,0.10860798040121353,1.1131941820067406,1.4387379272945768,2.6528725940123143,1
1.4403971732763396,0.2392111768294615,0.14689249624862855,0.8769924556687028,1.2773905039047222,1.8633950855228927,1
1.8706771195254153,0.06869430689056344,0.18818020252213413,0.1569572523432437,1.395163558439007,0.5836416975322023,1
1.5729704374027775,0.137279346632551,0.09582812182392683,1.480781599911187,0.9020203957531028,1.4921903282232876,1
0.8844991171856922,0.2012919596007704,0.12052931347257484,0.25351800322083606,1.2254008702672115,0.4161934738423569,1
1.9561885151472538,0.019582769555831825,0.01578149826625089,1.2593305640888572,1.448158628026393,5.124333450430975,1
0.8422684978021471,0.19567380352888736,0.1725558846747693,0.6314676757596619,0.8570993551573289,1.4411594882059406,1
1.47803146765219,0.05819686849986337,0.14365264067510763,1.3436172357205105,0.9834027242449915,1.9452558432782039,1
0.6183638317537083,0.03443094887199996,0.1761605542561562,0.2625852741231817,1.3780373994601613,0.20161686792948982,1
1.2137702517134359,0.2012135161959716,0.016938852157090283,1.404263712106594,1.208312316787767,2.3604293847284854,1
0.5786916239606508,0.08428357935011925,0.11097596705014733,0.3155369766370426,1.3127995812138484,0.274557173832154,1
1.6937583499138822,0.2839166079054507,0.05147119087023146,1.3727586915121572,1.0034366189398416,1.3058385958477794,1
1.3699525112385063,0.17377661078477946,0.052181655632738105,0.18787496540063492,1.1731933282474132,1.118048835127105,1
0.7089591685324229,0.016890350502001102,0.11641131891572916,1.394774121498806,0.9384358222349486,5.590966484645162,1
0.8159568856123107,0.1293547308866852,0.010200844695114012,1.0214598339472667,1.0015593773352405,2.4834428636600774,1
0.8121726648285317,0.24498060819967846,0.19902465435946604,0.2916776604337298,1.1405709068151166,0.6107210365269184,1
1.678300924655371,0.010745026362269181,0.0718369677603489,0.31558450062004506,1.4687950190537524,0.6476995512162476,1
0.989223440557518,0.29598699700454,0.01092500416498666,1.41125046690526,1.3556061594352746,2.5189126814083074,1
1.303800307926568,0.16059245908745562,0.03222452297094555,1.4314316182929812,1.4551031748220418,3.2274026321920126,1
1.220998223487415,0.04852244199751843,0.03810952382061132,0.7919726747661051,1.2296471358855223,3.705122361118538,1
1.754067530290723,0.06456560555539978,0.13789043343574414,0.286827095305573,1.359801652783436,1.523201758049097,1
0.922640419022976,0.1964363922248157,0.0479873665144103,0.9829563173969211,0.9026965921284653,1.751250528604579,1
1.8184095636628903,0.18672281802746943,0.019407818376954607,0.8470242811698769,0.8168778390734807,0.6949347466152923,1
0.8519604257746214,0.2388963064617934,0.19985007983990538,1.2708374573670138,1.0662258383868997,2.157504017547292,1
1.5201984898742174,0.15494423850697311,0.09004526712035059,1.2054433884401285,1.0232094350908554,1.5729964954863283,1
1.26776007038382,0.20310076593833715,0.11132982483046401,0.3814308208897348,1.315571639617557,1.9679298972505745,1
1.2325436018957066,0.21866994587272537,0.18493160157954192,0.6136259224139445,0.9369564326509469,1.0746692045567887,1
0.9321482482212575,0.2836087229293473,0.0634533203065984,0.5268402205822202,1.0740301446041238,1.5988877162515467,1
1.4203043080325306,0.10056742745972856,0.028142287869216145,0.970490978642266,0.8031900347864238,1.1162030715922682,1
0.7534590510082596,0.17156737397724178,0.0558497430943879,0.5659999699774112,0.8613055953991818,1.6148754344629108,1
1.2722609842476635,0.26669550903749045,0.1621370330230489,0.45091671201533046,1.184100186499109,1.3957458081260081,1
1.2373033367025685,0.22065012849125248,0.15174458107039973,0.16408542956527242,0.9697976586101587,0.45321726567017795,1
0.5579796853803708,0.16719508517791026,0.019728687224744808,1.3932386089347775,1.2321083057980964,3.316755289065879,1
1.5574201649453245,0.01000591917551785,0.01977138541719358,0.5732829944636709,1.3268891153475606,6.23134352281982,1
1.3023322959857975,0.07085615012339173,0.15938166434440965,0.29330265435970093,1.1518991301471038,1.445300914137931,1
1.8172705090346968,0.1897799617479705,0.025720582507138205,0.3142460620889806,1.1491664648947368,0.5767689186761985,1
1.812189580861697,0.07399818044508384,0.05015644361463602,0.16721199521244254,1.2676045972157186,0.6946901238025845,1
0.7343270272815146,0.2807832500191957,0.06730266874585124,1.258230325907205,1.0756783290228595,2.17541840521314,1
0.813255862541593,0.1280153979996967,0.09428092447930936,1.2865509507899904,1.162627388264045,3.12183628104759,1
1.8048166478777827,0.017136132809609135,0.047922825072454864,0.4358453618508782,1.1115172220286942,0.75264919793647,1
1.4999692927532555,0.06153993297812166,0.09866016497086715,1.1836494309455985,1.0634474768777529,2.060031185209224,1
1.6825556139343982,0.08732102189249256,0.10216212655026297,0.43411792834251095,1.054561301425708,0.7083472076150094,1
1.4245543564080225,0.12570471315229645,0.1824047131898621,0.9302865044078266,1.449526115732723,2.9869926883026845,1
1.985014832399183,0.18909485755367814,0.18579800349610368,0.446772921577268,1.0049525151560539,0.43820125550806244,1
1.829837355179608,0.2403223548330226,0.045734129455693266,0.6079985435733187,0.8447155448961722,0.5214639982289334,1
1.5815524986927827,0.13995752461398744,0.08065302029371796,0.35751848337918024,0.8196020173100032,0.38536036737942386,1
1.1725551203868358,0.046576986447347604,0.12230283511722266,1.4353829003380663,0.8545990255247214,2.273195971535563,1
0.5898897280369007,0.1829226779170628,0.10726549847517014,0.19070825204795933,1.4423967428953288,0.12744381873473964,1
0.6707792647722168,0.02148294253161142,0.14021076453205794,0.4668120964995002,1.4796448264309898,0.30486848850454257,1
1.5572798353181254,0.12329863105247937,0.1788549915270277,1.4628313304481593,1.46566139455176,3.224047860604756,1
0.6394122229565102,0.2658442290328399,0.08982925570137415,1.1206790782673244,1.1261786430316814,2.3445842316129553,1
1.8809587743437357,0.07777536142441113,0.04950490005666029,1.2484561057099912,1.1892881231144878,1.8604654173379178,1
0.939884040828261,0.292784617035139,0.12229969807750891,0.3382613017601628,1.2056075741739913,1.7136515833530672,1
1.5295418306950226,0.013472158712294412,0.11139944481480554,1.0566582491344132,1.242927953283484,4.502349643442756,1
0.6170821529236881,0.2937928292499525,0.15546190099935686,1.1833650364331174,0.8878644356516684,1.8856013480294267,1
1.2309979414955716,0.23782644309056852,0.15020055687380623,1.4102807647381246,1.430764149159715,2.6930546884635613,1
0.5783149126834491,0.16251647633821767,0.16291312227992547,1.4464648974145475,1.0633362710774241,2.89441417314918,1
0.8591996356813145,0.05329335397437095,0.12225092814257109,0.6397123520826916,1.131930793362604,3.642221188393131,1
1.2011838242870687,0.18270944980962567,0.06434390282901017,0.7720160070771016,1.0028071875081999,1.5089042776077106,1
1.7764989783783003,0.020826597293418826,0.0707559316980361,1.3717957416960702,1.0259939005882661,1.7676740982547832,1
1.5136037261271824,0.05772340681289425,0.15828936419494613,0.7857486434920777,0.846385314395409,0.9295224911115159,1
1.0539216017787136,0.1807760433032112,0.11162653803369336,0.1580857277572365,0.8568660702721107,0.44038221906570785,1
1.985810374558413,0.20594386871817122,0.10999963183413151,0.5393789503328138,1.457830931125718,1.6551673167717806,1
1.6801962741547385,0.16273594888581616,0.01292622162860792,1.0480015802564462,0.9940306974200916,1.2052896011499479,1
1.605815470131476,0.05564173790451824,0.07548064401417447,0.9147697861463739,1.1451454870191482,1.9695600262950863,1
1.6113665964123436,0.11752177089080026,0.1539566428277813,0.7885949039108041,1.2300898627268204,1.819165295970567,1
1.2870990072260753,0.2996194223934956,0.05589313831028021,0.8135086917036675,1.0817439813840308,1.4196652693572218,1
0.9019532438762816,0.025831979554930787,0.09402714705791797,0.17734965045064577,1.3540995138259644,0.18874846815098226,1
0.7239847890091321,0.19152291837458624,0.12532567710970685,0.8728283232716892,1.0155589877647884,2.185292925743207,1
1.6293661652423845,0.012095616615330542,0.19912683989574073,0.6093467981361206,1.2456879145362914,2.2052531435985316,1
1.7145128475129168,0.14550230931435817,0.14922023513215724,0.49775808152753764,0.8204250783561329,0.4643444571393168,1
0.6960800683852748,0.033922650392366256,0.014440467475924668,1.1653609579330326,0.8871080278512821,3.9088802321983533,1
1.8798907107342848,0.1990951452174263,0.11912292927547127,1.145116070810929,1.336492027407031,1.8426855242075013,1
1.842797956688226,0.19301098502101074,0.036391816361440385,0.8941300449215775,1.1093964053761751,1.1235576952395756,1
1.234110337184245,0.25605059569402394,0.18688283107939518,0.21941377928285205,1.3244180870645208,0.4001964947879247,1
1.7724561311416789,0.25322864608676265,0.024271019127230842,0.6832624667768596,1.4073422541637686,1.7673749949571629,1
1.3371074322151009,0.020140234762360924,0.14758212348817898,0.8227745753559234,0.9495658879652071,1.6554924204203019,1
1.4414727186414173,0.1304931272311011,0.13337427125439866,0.5369221777286287,1.2233639360890827,1.7777412520034526,1
1.1063060175509523,0.019791422169678028,0.13003196098390385,0.14738215558076437,1.048652895459259,1.065175045437341,1
1.7930580777161333,0.2197869248212159,0.17290442630045405,0.7321070772454846,1.2659767177524368,1.3560902176600578,1
1.001805942255804,0.26109782065549486,0.15765492490426855,1.4572954488978922,1.3280413805783904,2.566353609354674,1
1.513268078461608,0.16569094220152078,0.1688089991475452,1.0179719109784855,1.3830935267777318,2.4468733574834602,1
1.8405096350369876,0.06606256366327617,0.08672600968326759,1.409757551848945,1.2872267035564287,2.6257527559930764,1
1.8720290173947909,0.01541693237335291,0.143704721494144,0.2578513842837158,1.2568325214418345,0.7386842607547143,1
0.5691709952766164,0.2671773700221752,0.16073888464726727,1.3422401991673114,0.8167500653728564,1.9602040693395697,1
1.7070100694637667,0.0842418522493851,0.14047204645017278,0.9088068914793253,0.9381838218545326,1.0088659698380615,1
1.502755463163429,0.17993288143358033,0.12987964366285734,0.9040721011915106,0.9925377236821946,1.2319563375973166,1
1.9187348045982788,0.22219588495316478,0.06850708508732349,0.6688167460806154,1.2570545456501436,1.1682394862059176,1
1.8278859005495849,0.12610956713155358,0.15179315558823556,0.42087469216677886,0.9500796446705387,0.4409015115383648,1
1.3388077781666028,0.22018033882130028,0.03963993033863803,1.4411216645690001,1.3210734827730595,2.4510285141963974,1
0.6826601284447162,0.1502813360676808,0.10057318715287772,1.4668865448557158,1.343263698054475,3.648514736980974,1
1.2194710669298796,0.13042869514343636,0.03192925267324214,1.435352407186938,1.4115083566619155,3.47776849647446,1
1.6504261982510617,0.18355675130162785,0.09916675663445258,0.39876224997752574,1.258996108181543,1.2711265897890542,1
1.5784081735946596,0.08301886442010994,0.14507013180120196,0.3985236975043963,1.113073796835263,0.9359038155589153,1
0.8064552951702748,0.15064638249865667,0.15680644162259796,0.1539260579031875,0.8945816404676878,0.9002756027400115,1
1.8347589097896617,0.09546798412014945,0.15728629903320884,1.490306175484048,0.9038488285464251,1.298808613161376,1
1.7534261793870631,0.16219718289611756,0.028061016749109872,1.4731258057678887,1.4883659446128155,2.8373295747880958,1
0.6619356153824127,0.14471344034072733,0.1810790556113911,0.8565016376295198,0.9443786949394257,2.2802725640799033,1
0.557034873683972,0.04446114726732133,0.038879814499128376,0.19677057267888892,0.8479634301178524,2.6228442985890754,1
1.493603780014306,0.17437609667560722,0.025869763304741604,0.38454438823790016,1.137821815164938,1.0854401066252881,1
1.5494925784147633,0.23926584792421818,0.1765152302569565,0.7680663494134612,0.9647959650596094,0.9580749051982405,1
1.7407317756700154,0.19797928781929106,0.08388029466080553,0.8059561722428733,1.3238192887065352,1.7550467965237186,1
1.605908610572541,0.268373835809197,0.0772698378914179,0.6555462553124626,1.3465773237397305,1.696709798905769,1
1.8795830954639008,0.20611461735583977,0.046788226262281865,1.317237847173814,0.8447369131975558,0.9975802007102339,1
1.8230143655994844,0.11325290619938427,0.19291243988804097,0.6902875812306644,1.2624503244256826,1.4519568059433978,1
1.3671383698127353,0.2278484059503055,0.03573456825862064,1.0800353588972833,0.8683833122656722,1.2352502985491414,1
1.55993524735965,0.19828674634306148,0.17996360118120908,1.3777207305044572,1.3719969744882503,2.383719807080132,1
1.1075655554710961,0.24698622165573436,0.03898322194519957,0.6307382700269427,1.146785668321881,1.7475388426872287,1
1.6538244692021302,0.06859624113654673,0.16589497358509767,1.3243121763071297,1.4364820166407841,3.6457487530850217,1
1.5620639226062432,0.15304126266712914,0.17381350309338278,1.4184838295946542,0.827364807377711,1.3088665068649818,1
1.0213774843562125,0.21741862252748398,0.07468726268136712,0.8990882786621319,1.0995954108537553,1.974370024551178,1
0.7997308269213703,0.15297402389683543,0.1034807974109704,0.3601498944638436,0.9129411222822879,1.4928989724950594,1
1.6249242853689865,0.091730262820325,0.04083276988849218,0.6278759207379555,1.2730630866845463,2.0695577107525645,1
0.7247141932081704,0.08870514427569638,0.05524223532974765,1.2851016804489872,1.0791447627877209,3.477522427464662,1
1.8943067505818842,0.2650357964891015,0.15605906014508442,0.7519576783352734,1.3553864159547317,1.4482762365300623,1
1.2627568110382992,0.03908698305052491,0.17362198871913026,1.4250177109895759,0.9527365984465083,2.5187845533585986,1
0.9716977237294124,0.11874617145579178,0.18551187252300602,0.5659789605638027,1.0099386198653026,1.8227503293276566,1
0.5175000864549548,0.2517060870024306,0.020524378007320196,1.2604521457464413,0.9639561678174434,2.2644268420890064,1
0.8429320329126131,0.0569455033933929,0.17656331519741814,0.26903911172183237,1.4631458813437392,0.2035724293456896,1
0.8690806229968786,0.1601709134351239,0.11437415522805403,0.4414097491147748,0.8272053937505723,1.1961546874707187,1
0.9691777002436139,0.2105242337239748,0.13520040762763355,1.021145943449159,1.2436768937880407,2.4616303645994573,1
1.7194185091863143,0.13265653965255153,0.08381236038922917,0.6042969149646321,1.3452164390029728,1.9509443605816355,1
1.318964636768955,0.18596787163284492,0.15600860894961494,1.3732892836821875,1.330687910452213,2.59427924487246,1
1.7505284765241198,0.03327392017260091,0.10151496546545907,0.8169341865325969,1.1988272446835786,1.9272706034126086,1
1.4763701430952312,0.23132642778713472,0.15977579095400252,1.4025196592839597,1.2562456189748008,2.0751906821851556,1
0.7332202855661463,0.15361136419199542,0.15875858809028462,1.365971128265677,1.2411258018869404,3.2068749401258447,1
1.3908771035778078,0.03465032782511817,0.17284912217982784,0.4940811324262506,1.1872397514537565,2.1556100041083104,1
1.6013139455073027,0.04614154071515599,0.09541465496009574,0.32891713917600013,1.3227784148967188,2.407995024395231,1
1.1573533864443517,0.23143895760668357,0.1437129879349556,0.3333220082233861,1.0605578296180027,1.1276090388671212,1
1.8947493020800692,0.02523273604969318,0.07367369179313259,0.3096212177577975,1.3342647134779937,1.6187660688968324,1
1.4644728292399931,0.27685445577581375,0.11166498137672401,1.241798243851138,1.1615939454485438,1.703156955669334,1
1.4554875769434303,0.20833869448330114,0.01079582162700866,0.3023548556250665,0.8727379291135258,0.4191624280631447,1
1.6641522738503214,0.22686470750913715,0.013615866599105117,0.3282108306182633,1.0631004741441008,0.5588573361516184,1
1.5779542981347094,0.17922939633043125,0.011373185105277989,1.0579506174247273,1.413550393790067,2.5034540374688445,1
1.5523588255032115,0.19282370753353534,0.05834467127258306,1.0432276442518003,1.2242915348765733,1.862992066324861,1
1.1520094284105173,0.16088263892630952,0.04543924725773945,1.2061699976176832,0.9803411844838725,1.908488223742297,1
1.407676227392897,0.1062552256305648,0.04786527309265622,1.2517773990635692,0.9314097005729309,1.650317643367739,1
1.4450884146676461,0.1902563757003891,0.16676537439315403,0.6376425619170363,1.2375743431245414,1.6830715726875665,1
0.6166790073399211,0.21299467059544464,0.015936487820385575,0.5796010216424307,0.8662272455288131,1.7170119820775491,1
1.1436213235038573,0.26584403168263276,0.13814938225628856,0.2873623278441435,1.084144496889029,1.1062249974860887,1
1.5852010917023869,0.1818295124262064,0.040895639120951,1.1850586806639944,1.2897784171172892,2.1459799747308166,1
1.575765143214316,0.09609718396682854,0.07321488897945155,0.5759187375331625,1.1291386601923359,1.3238150871650305,1
0.9051972315212169,0.10559761599295599,0.1680483126968098,0.7432718797265483,0.9962466335022174,2.195132682640811,1
1.5626800846438025,0.07581898021686963,0.06655557465871977,0.14981879765857184,1.0777971242086308,0.3612650335314708,1
1.2994707953412834,0.27552267294679333,0.07241022685734962,1.0790548656813843,1.4629979311396368,2.4733362130581065,1
1.7081124292265697,0.13982517815976794,0.12592091317819185,1.2494737678373982,1.1860666319839412,1.8479005262227413,1
1.8234839318774325,0.08536442788944651,0.19965005149518286,0.509751090153027,0.8371750804596276,0.44422975344509863,1
1.2267450458119846,0.24717730816798061,0.06525526616269343,1.0648118048279138,0.9051670440072476,1.3882919233828108,1
1.3839347892305331,0.18535561160723715,0.014998530000704197,0.6532590642918642,0.9886716918562407,1.1226854444486525,1
1.8313987633527926,0.23167127345343358,0.11576180199895912,1.002824054079915,1.4944542580216986,2.1825259135318658,1
1.4248225746525005,0.22566946221211656,0.1766732784477926,1.4532434041366127,1.3318194025671288,2.337133713857101,1
1.1227853052360142,0.16282071748184504,0.05737802787812232,0.4404099488868214,1.0870921139622283,1.6254728228218205,1
1.6319143772455142,0.23192698583155066,0.11912413238690232,1.2653789331156833,1.2259869518969557,1.7953179420123235,1
1.2844869521743025,0.05467961109408247,0.017016547026893904,1.1032318776150063,0.9623996321713553,2.0669931236943664,1
1.6404275366811403,0.09033118518295281,0.038751739211508186,1.3915533584767195,1.1487047857974504,2.169655623103234,1
1.8812138707799018,0.10211163544160275,0.10219621077695742,1.455413045105245,1.1835889854263497,1.8994255246812854,1
1.5989426490442147,0.1803743169273328,0.13169150303072769,1.0574902151603713,1.0923532261604052,1.4776097363905591,1
0.6947977833814332,0.10720476651819069,0.029185114320767737,1.394458971371888,1.1077020164335034,3.417350764109219,1
1.5295002601468046,0.011074323709067092,0.16662047170539437,1.251606488817228,0.9474068901378048,1.843928671755584,1
1.3903768141735933,0.06789128063184809,0.173384323089215,1.2447658917331077,1.1806931551750945,2.79801546927681,1
1.9587078356360355,0.06888195793892174,0.011053214461699079,1.1139421768306357,1.1690365849286382,1.5538177189968922,1
1.5751922983617084,0.155519544777697,0.1515985461038429,0.8482126186979843,1.3763089123355265,2.3083412946133652,1
1.5667517463396798,0.027233796419580514,0.0966598013124629,0.930366719122006,0.9560218468150719,1.337712004765573,1
1.6444641297235836,0.09949043688841129,0.12511052537601228,0.35751472449771815,1.24372322736092,1.3067473787080155,1
1.736656728817093,0.027263526170984702,0.13931917177581116,0.4516751913539111,0.8029510615203946,0.4102167660112989,1
1.7561913415632207,0.2676640680155147,0.09315476931735127,0.38572409839659094,1.4187330202391988,1.5316954825003848,1
1.3268429747495865,0.22314905381644412,0.04041636005168006,1.363999024277694,1.4331431615486472,2.708090573839881,1
1.3176687717637288,0.2709267463669123,0.18705433411069347,0.9532167142091185,1.194162828474717,1.7337059025640018,1
1.477019354001094,0.253809272434373,0.03745284096250678,0.2549001052384711,1.2913841813962537,1.3896295978177529,1
1.0498699716403694,0.0487434330524266,0.16090487336071074,0.835361985417214,1.3624965269679175,1.047978099565756,1
0.8119943958862843,0.1460503909938124,0.13335084804302125,0.6750690627026368,0.873722956299255,1.723459982109618,1
1.3130661087583395,0.06661210014691274,0.048574578309066196,0.45149405175044555,0.9375295820193146,0.9398366672879885,1
1.5834575217467526,0.26438151224262696,0.06770366553389452,0.5453027798399507,1.0319775101434754,0.8283899236446859,1
1.6996464779502745,0.19689537467192644,0.19728427519286998,0.8296173549331888,1.4117694963722949,2.011657419683138,1
1.0146830021280524,0.2143392950947105,0.054409607422024046,0.6596496235012242,0.9623419713641432,1.4824716879775452,1
1.6066832913246543,0.021342857256333246,0.01936132156347288,0.20538778715156475,1.0348439458268888,0.381419324228788,1
1.885233075832536,0.036894431560227404,0.01003804193117546,0.22511559900202566,0.8586639567431317,0.19591901498930292,1
1.802653332657587,0.2537448791534043,0.12866715423950395,0.9607312080014476,1.0393903736654044,1.0291528199857876,1
1.8004997469474076,0.1510909994428152,0.1476312148152153,1.4061421427569283,0.9934308159420213,1.360264772635872,1
0.6761435277893588,0.26815242632030695,0.010980169437640686,1.1757918255932076,1.0493829921450044,2.1875701909748204,1
1.7959224809816545,0.025815622510795583,0.19176487787415558,1.4456009959315135,0.9575065805058289,1.5334859506704914,1
1.9038574702573705,0.0386641908310362,0.18059815838997204,0.6494067910168771,1.3639717734798062,2.142696853931681,1
1.449520587892479,0.029931967640022303,0.0824299374256644,1.3732166828949595,1.2656224280201436,4.443241706101175,1
1.7464187181705233,0.03776676860408955,0.08170159521600676,1.1139082631128123,1.2008543990740683,2.3586950072188446,1
1.3235708547762792,0.13195964505711505,0.10898568730535613,1.3254544782836815,1.4450517698030232,3.371279305168164,1
1.0761307702728544,0.03246738645111829,0.10933170531977619,0.23628331312848244,0.8500482778049907,0.630220525434449,1
1.5485456744656318,0.11798967808885934,0.18271288254532547,0.635909803805514,1.111982299152845,1.2743851727145503,1
0.803835466573507,0.1348336673883816,0.1544773514529779,1.0822375011785657,1.2647156965319328,3.2464213229063303,1
1.7903051635358485,0.1329076250159526,0.07400219363930934,0.8595272596711515,1.1083116303734233,1.2072510997014898,1
1.807323648495642,0.0932770550638074,0.1139183869919854,0.9399254383253923,1.0851175362716607,1.253264372266137,1
1.7340496377940329,0.08706751982224638,0.15018043607400677,0.8330789660297095,1.237835110420806,1.8203331555828024,1
1.187697682372121,0.0691960977335446,0.19313362535130177,1.0125909900697598,1.4457672822307224,1.1516830156144906,1
1.9381127266517701,0.1473796286569089,0.025812242014723492,0.2755338409703873,1.1265529354903099,0.40085363907655924,1
1.4075954782996987,0.20465633602905928,0.04653039218459902,1.0000128156496897,1.3487431182505953,2.333100101561401,1
1.2924950961011095,0.19341878524434647,0.16441154299020588,0.8364279647949232,0.9676901321626331,1.3251589414528047,1
1.8038215419856225,0.26419986775388365,0.10929070471517066,0.5573172071860136,0.9559686053109441,0.5792581419446122,1
0.5701197738501196,0.020703541124829673,0.17082039831565116,0.6206689438822534,0.9841168773006894,1.5601171513706105,1
1.4070089355673092,0.07511005744519669,0.10026221973339709,1.4998781172602,1.110344903840753,2.62137393466037,1
1.5474487509136363,0.26298003237416306,0.11627749569301209,0.12428245893085395,1.2961839416791263,0.8245693455748878,1
1.718072333063853,0.02660043322098532,0.03808471923927107,0.9968513591402556,0.8086094288212693,0.921638490140394,1
1.167576390240849,0.23346090179387266,0.0576634825936023,1.4144247413279132,0.8188504351631625,1.5443377615561966,1
1.1686307855728044,0.12769533378133946,0.10826162775317241,0.25998866039739643,0.8161167105102859,0.48799540740344693,1
0.588004202169802,0.2247580271529331,0.17897117818298935,1.027682291819973,1.1840009988243132,2.6075577173209723,1
0.5118907915913085,0.0968849419460275,0.05068092880245994,1.3316413065014603,1.0620825378287244,3.664089892424706,1
1.6754424512996717,0.18480013009672597,0.07123801575760907,0.6498425888032033,0.8647751996376845,0.6568537281771641,1
1.0709814389362462,0.267752738982461,0.1573522129410593,1.23536967189471,1.440345551303182,2.6506077110975723,1
0.6682320602114009,0.0861100755600327,0.1783685499341511,0.677942359812552,1.3474298657244086,0.589366270545716,1
1.1923082148169848,0.14688868335666194,0.012502564942788596,0.18538590390400883,0.968938193138523,0.6247865265604443,1
0.8542734600340081,0.12975704071911348,0.09534965018938196,0.35760551547388886,1.061155148273681,2.0597187395652896,1
1.877646527589747,0.1782414986036389,0.01380938326828551,0.43566539876146804,0.8986122049771024,0.399139986949036,1
1.590034886877397,0.23483839472460635,0.19841075462738506,0.31328038893556076,1.1330753182917817,0.6944458704155565,1
0.5092369878652019,0.18387236274330615,0.08987554539580427,0.3269333274692115,0.8924190901957519,1.8054576924786638,1
1.566421677751986,0.06653022437559789,0.1893880091512828,0.456662712465144,1.12297257419069,1.0833970847024084,1
0.8674002802512468,0.015266839236621931,0.06504746067921435,0.628704061984795,0.8183275080631807,2.3571350964070494,1
1.9478680422157109,0.2962921664770545,0.16346784884795856,0.9312054941173677,1.2738985152321025,1.2868323205006513,1
0.9307166667288318,0.06768627843264208,0.17859110926039448,0.15231636168144638,0.8696292552656588,0.6137258796844536,1
0.7684569552575664,0.05380377739709367,0.11837728293171165,0.21733229630384243,0.8692532859285662,1.4936177148967043,1
0.6838136038907703,0.2085948510058924,0.13372952319857737,0.8912339640303734,1.1559552889796727,2.4956004935718386,1
1.8895743199638513,0.1615690564474663,0.146328382193089,1.3512147097338887,1.42702290609698,2.3660363522976864,1
0.6711600621842555,0.22749315981100274,0.17172711325571957,1.3516826704303915,1.2443806661975985,2.7760140943808884,1
1.0452407407188158,0.010509800569184413,0.13895741814220028,1.2974024706751583,1.1593500649768953,7.025951214847222,1
1.2311172039138054,0.21975216884483845,0.06334686354059456,1.159868772213615,1.2543265089722795,2.2676295425412816,1
1.3125549561184868,0.18921288142033377,0.1372230597956735,1.009177316030785,1.0940097628848888,1.7577522081356125,1
0.7756569529873765,0.1950825945964353,0.1654492831727679,0.9692298802496863,0.9965947985853243,2.1039866402351253,1
0.8798521332195894,0.28411655759689775,0.11666003237965587,0.799560278497809,1.35216868961324,2.4123164662990333,1
1.7903654528064272,0.08407252975867371,0.18479919275059123,0.44517375345618515,1.3760661108012984,1.6796480247588108,1
1.0435788100176246,0.21133794621667124,0.09656286066949235,0.6962401666746603,1.0344025576267444,1.6561749642694163,1
0.8110249259105515,0.05899411197437081,0.16843419024393516,0.1626595811725769,1.0872313605491284,0.399197740605494,1
0.6544229742251602,0.14684042114580947,0.17156187068996706,0.6608996488975003,1.4229294330494557,0.48363436877365956,1
0.6906312758953076,0.2809986454684686,0.11198926721462336,1.2579774608637255,1.2147698126806357,2.462084294998468,1
0.8588145967724182,0.0664821255517474,0.12663840675762977,0.6505036822526651,0.8350133096037974,1.8581588210253648,1
1.1924110014683702,0.09853412094427529,0.0391210058245722,0.11756095215930772,0.9992889743424063,0.5375265442247446,1
0.5204930849003571,0.07349152350609192,0.14868683763639232,1.410693597028674,1.0958775908010236,4.203372490137285,1
1.143146763637764,0.04585513790235104,0.11959702200315916,0.34020334656963747,0.8285677984890225,0.703076810342637,1
1.952601181486331,0.19685725023064665,0.11724443431156273,0.842914002248037,1.250613300932048,1.2927749122393222,1
1.389781694728572,0.16596654061274108,0.123739363362447,1.1521147267853389,1.371273449702613,2.669978172979063,1
1.8908061648392298,0.22745939818075717,0.18794926356608943,0.48860320924834966,0.8234960394282522,0.39137639735814267,1
0.8105217776227271,0.25007282221232047,0.13719331531139453,1.3772978730324053,1.1995976594909075,2.484628582676935,1
1.531102338920419,0.18604139757216837,0.10356239559692154,1.1257869150676785,0.9571142299146682,1.3091814590588524,1
1.8971132161884299,0.2562760201251047,0.10873477387369192,1.3413364966775694,1.3255860218951057,1.7716867880683287,1
1.67939728390316,0.28673958882321765,0.1126337382088303,0.732089863993166,1.4774231554843555,1.9709969011864061,1
1.0603314718246537,0.25506488866720123,0.1379945627805892,0.7114337779169942,1.3110479904483616,2.200652458888388,1
1.7287121654950723,0.2158755042993422,0.07955142014948034,0.19067884770847973,0.9320856713988426,0.2189564071220938,1
1.1623296578992983,0.07765364243232185,0.1753919780156801,0.8856426771193586,0.8626537692666312,1.5374455517603274,1
1.646797042222821,0.26794092463431307,0.07089737524774922,1.1706264294001159,0.884681997025212,1.0686496984635974,1
0.6570580340624399,0.03687794320413945,0.18473727102511228,0.28888325859244524,1.374832752550983,0.22971685728129304,1
1.5353798837123853,0.0278121564726401,0.036371631409937336,1.2095927965623365,1.22308111067751,3.6953289745283153,1
1.6171710299291666,0.06083395102803423,0.030669384921166228,0.6272465928974669,1.2132414885417127,1.9523220049865875,1
1.6637607733885944,0.04965979550793626,0.14455254348180874,0.4241060535801636,0.8058968119631689,0.4128492920373225,1
1.5025345548525204,0.18802508348076724,0.03614590200905986,0.7154552803980078,0.83975562928317,0.804637503365853,1
0.6481942600508728,0.15916131109651135,0.022364386897218626,0.8317283535669641,1.0593537170507064,2.5812930775109475,1
1.6303030985208753,0.29202484619174385,0.12658755416101294,1.242431351966208,0.8219963222337805,1.039123651566564,1
1.888240202620564,0.16343370034149818,0.13027713727089626,1.1387196584786556,0.9563222790400873,1.026095805581727,1
1.996819960540893,0.14405779629425183,0.04235646834861964,1.0237653652956964,1.2519308397304183,1.510096123334233,1
1.9075431923705881,0.04263044573336063,0.12325714790861332,0.7870340807343367,1.246093570489081,1.6739157184186206,1
1.466554658809803,0.10533738883152144,0.1525631512344227,0.4536545852176017,1.2723369622068494,1.911832574780667,1
1.0055609566441746,0.03580038307517681,0.01896023264567306,0.9485234148050791,0.9335663188836711,2.7771031665603365,1
1.703498414293776,0.15823790294532375,0.16001279121172032,1.3266929292051994,0.9482492457756191,1.303909020526909,1
1.3615417328647088,0.07139625561291789,0.14125168749412412,0.9177479195444509,1.084456567302033,2.0724752687415866,1
1.6039154015032755,0.18660616915453637,0.08895946282239522,0.42260209719939557,1.2569384024330703,1.3712591414883302,1
0.5107676164862273,0.05009144676848692,0.07215632071360452,1.2756295757805798,1.063849253610301,4.823515947565853,1
1.756597450079817,0.2549153024039134,0.18193869892069678,1.4099687101700227,0.9645061248165705,1.2422522759457244,1
1.7595673622584642,0.029944459484988105,0.15792615805565713,1.0480145727115726,1.157889849393614,1.9529498850043665,1
0.8063486201386454,0.2271256581588186,0.06648673280568393,0.4142373346968774,0.8633300605855729,1.2488608394829275,1
1.2386493742061526,0.18679260714675894,0.1464837773383231,0.9677306738283444,0.9423557255807693,1.4589186465614727,1
1.9345887439477014,0.2694327376426005,0.04496840668307746,0.36704439344062945,0.9877667031956819,0.3715757597591643,1
0.744070297592268,0.1755684216308639,0.03954239796425889,1.4032307783732307,1.2928886481284516,3.214912499533379,1
0.6283590807688841,0.2062682503921662,0.18553322397200933,0.18885399988843066,1.368921261229942,0.14895570739118483,1
0.5313765493934011,0.10699604618344186,0.17119443204110907,0.19019226907645165,0.8549584322906155,1.0157295882347008,1
1.7984575972714947,0.15353309087965092,0.03774040392420988,1.1957700341702195,1.2566482259530336,1.8903670749581363,1
1.9508685989093162,0.2419560369879044,0.04078439187713305,0.5598091291641997,1.2362506601701393,0.9508116917510533,1
1.7759410387255254,0.2155843036072871,0.06251284460887298,1.4056512038538131,0.8669186603741038,1.1381502435043127,1
1.9031570547873669,0.18393642303034374,0.05003280614531076,0.6426419892516754,1.084201148289043,0.7883219769553442,1
0.8002955002351944,0.02270410158048497,0.1012644859833853,1.261796630025947,0.9748509034468082,4.806048035243095,1
1.0626386173046316,0.190968740630718,0.07097099900360894,1.2351461236914443,1.3470824929698813,2.861653620484037,1
0.9776098683480137,0.10585635411131761,0.07331803927498705,1.3544358599239674,1.2353995669151308,3.4283567654334313,1
1.2467132504074918,0.18295551915833963,0.1779143638543531,1.4597792209414626,1.416852705046149,2.9424807335694965,1
0.6372855383524563,0.24754731111877287,0.13903922441575728,1.1397111851300288,1.1843858394565026,2.52680682918293,1
1.2274271144965259,0.05212871067585628,0.054372704780753456,1.2054932010878394,1.3709492833865369,4.7793210469977145,1
1.1313495306201888,0.2522360539788673,0.14681881538097488,0.48488996879691215,0.8956742845820862,0.9427363599347749,1
0.771720213364849,0.14922214703779604,0.06954960968016531,1.1863085840316778,1.0758375365554225,2.7036243768467343,1
0.5454157846009531,0.16051150675505466,0.06898139665396155,0.851538330071185,0.9285607540752575,2.36194979076384,1
1.2437493117351501,0.26250525955576093,0.06756492964222338,0.7968142047041812,0.9012785320181353,1.148471034761342,1
1.7881536559895976,0.17252565283136007,0.10726216470341321,0.2069804573187775,1.0571734718353494,0.29932448018249025,1
1.475914756645203,0.1753396267294911,0.1613434479178653,1.376280071552628,0.8000317030071599,1.2937122524719955,1
1.8054513279472881,0.2097994602142823,0.12696321449235778,0.8386325100009289,1.3982204191285026,1.8831381451067075,1
1.541141712135991,0.039983173772890575,0.04512490640538432,0.8424700150459249,0.8518413781739992,0.995696316969137,1
1.0138171017913717,0.15045979725683006,0.1994874367432102,0.16804083071271705,0.858230317215109,0.48223914442768795,1
1.392860183710236,0.2988507718756716,0.1874777039577879,0.3680022537102514,0.9155214619922081,0.5664373677926375,1
1.6959437225271514,0.25875184970832554,0.1550134521076977,1.428298472120696,1.479304140548337,2.336176602804878,1
0.8530987175745444,0.29165799643678186,0.04444625107856639,0.7682561223644131,1.0671111985326964,1.8010370264117945,1
1.8217605756444695,0.20016839622265942,0.19738377478600688,1.2031888872038667,1.0260638176264907,1.1974107184588532,1
1.856187320933892,0.0956821455559847,0.17197582964844518,0.7289239977042322,1.328724335845398,1.821022085943277,1
1.7062488232104478,0.015143491729988072,0.12160049229415984,0.8475827103024154,1.332817715441796,4.1433053147695915,1
1.899404381781848,0.2531171991290847,0.1432502818742951,0.9239050148754246,1.4756191581524627,1.930425332498599,1
1.329478249341306,0.29647462482749104,0.06401958174358409,1.1303887166728532,0.844926208800462,1.2035388611501605,1
1.5940886449536347,0.22364093263591628,0.11000122957613996,0.6022838707542362,1.3095860401830395,1.649587267131236,1
1.8412814109478621,0.2526677803067972,0.06479410202326748,0.5660935625014868,1.4847343748900808,1.8557865252143764,1
0.6754683415132987,0.036949812670440785,0.1583828554583236,0.9959435442546916,1.362431167394766,0.8433610089556217,1
1.1104233025363834,0.05814977670881793,0.06183651388474787,1.4962412899894655,1.3257497773129023,4.682077056853744,1
0.8305776425118705,0.08743221835914709,0.08387088820031548,0.14559338822032167,1.2070587165627924,0.23069927841978932,1
1.7883771647052227,0.23745383266797504,0.1505858386980763,0.8961243634242725,1.1954226616338315,1.305035667842749,1
1.948316888902979,0.22171875267259997,0.17127535926310825,0.6520321265134165,0.9812375643911437,0.6141936031294293,1
1.8352452794383158,0.013566052644715929,0.025250712568710438,0.8219550573603112,1.1155799016836252,1.347777171480639,1
1.3889953936926882,0.12803477310365294,0.19427533919807086,0.37711078622300087,0.8721511046085788,0.5550640509821945,1
1.804946609453832,0.050227143311352355,0.048719113474621316,0.8531569055828447,1.2046683567908643,1.7864722330557192,1
1.356311278644293,0.2757130832454203,0.10251896899044069,1.2020547957191976,1.1172011159694213,1.6928632458986026,1
1.5314062254244356,0.030967129383590815,0.18993887419563968,0.6871779927886624,1.1364215003072076,1.7990724935051792,1
1.0886911279587135,0.036901954892521925,0.034326214219084925,0.21975449952358614,0.8756531107462673,0.6556494619486691,1
1.2161494549276433,0.06558051267642134,0.16175247800063758,0.38305523319495305,1.4235434309452009,0.46018588913360814,1
1.0404739745788054,0.04449559153368503,0.0760478107369201,0.17735148102686557,0.8831985701921178,0.6294049690296927,1
1.4893481929711136,0.05520240417444648,0.1089992693234928,0.44866618080697307,0.8094467840874244,0.5276797419035119,1
1.5134215442041443,0.04254947915675368,0.1598752180119257,1.4066726910482457,1.4625973255631992,4.962771670198872,1
1.481815452050241,0.01871632893292316,0.1816906159212768,0.26720597284805414,1.0553504693077895,0.6361289857148472,1
0.937451068921541,0.2849570978211863,0.1290224732027799,1.478414985411295,1.3138022484444076,2.5147577875774814,1
0.5617159006907169,0.2649940567344287,0.14393955143911147,0.5370722178195294,0.864115615412061,1.586022732201354,1
1.129915182598626,0.2744737612938961,0.07129631374902386,0.20474557892919548,1.4623430531825106,0.20364275125901313,1
1.8165437685543881,0.2544719781746574,0.15666293282583968,0.5897179778714142,1.1483656143557572,0.8799430954871693,1
0.7305134819695327,0.07496534237637624,0.018374752296678287,1.3451275632485575,0.8608418761596747,2.9025890962214436,1
0.7948602958731619,0.08151730911802983,0.19394851763853893,1.0045630697986674,1.1582009280190748,3.4574699287240125,1
1.7333502336420368,0.1518908817066766,0.14907790022286838,0.44145822450985983,0.8759815120797212,0.44281572531312297,1
1.292954665132699,0.2495624793418945,0.05645435258343251,0.9659835052535811,1.4524761893987646,2.5223377653941075,1
0.9688586555162684,0.16603026614828106,0.1343830675176874,1.4481602157474092,1.2577155687059127,2.9392663410500792,1
0.5190921083219932,0.25402031457185237,0.18100805793376062,0.8714369185448025,1.115967147859631,2.336271267267705,1
1.9816948991934686,0.1663749894417892,0.086802218760607,0.6647818457693189,1.2074889221795235,1.0087360615939756,1
1.5813991750771386,0.15716378330332917,0.1386434595842776,1.3911737082389675,1.4938450302134623,3.004796026811074,1
1.665671585955921,0.14921180389665561,0.05903542716426066,0.3374833285862866,1.4282105998251078,2.1309573009867266,1
1.6037411817223757,0.16099326236604933,0.12115986221380413,0.7358316195076394,1.0517414437457107,1.1147992266840931,1
1.7748925349046547,0.2847165924216729,0.05834892368660757,0.23946234341904263,1.0919108711160876,0.38749269800728087,1
1.3570768461481226,0.10535223080770655,0.06681494556683443,1.3399488030026059,1.1460069171580638,2.4883915068993687,1
0.9793915996529515,0.046139265088124604,0.1383345862486318,0.42897941239982595,0.8777049439746356,1.4134291538424986,1
0.9822208518146867,0.17709800332459583,0.18780781675850056,0.6343325532414839,1.084384710034195,1.8706577203958512,1
1.7180300149685581,0.041402204800424544,0.1881247103595741,1.3594929719761724,1.2622903391396063,2.950196809687555,1
1.2644139313325027,0.058590062738848155,0.1204356996041102,1.2501024765123947,1.0625630345563999,2.674172550169052,1
1.7462302489387138,0.23655636343076047,0.19148535577892606,1.1085884692442987,0.8759237898594695,0.9600246962582378,1
1.3557541162187998,0.08566181650525526,0.056856756460675194,0.6534235822681891,1.0744971651223723,1.6835014274667353,1
1.6225055682190048,0.21354301514710608,0.07182922708428569,0.6251905688467719,0.8198882647194143,0.6171645037387758,1
0.5495292795147437,0.14506548004020398,0.05391199840074348,1.413629892176945,1.2005850606805941,3.451718563341818,1
0.8906036946726604,0.022027978867379526,0.08868411759827854,0.2694349869557497,0.8129898998301945,1.0444997623647578,1
0.9202262562206853,0.15803986776897938,0.17287886951804599,1.0649341377341677,0.8960520708401064,1.8913549936901821,1
1.7125690314910713,0.14105989101199018,0.07281961719193353,1.2982938820277043,1.1929761368493002,1.9084713408867975,1
1.7107553610398156,0.18479257558419665,0.16451894496970756,1.0508508257690825,1.1411548346905007,1.4500752687857623,1
1.5914090467202022,0.1110579573808665,0.01341919399696302,1.4563350132404937,1.3916530758886307,3.1213108100146814,1
0.8095914900914044,0.23835717797122052,0.08773985879791296,1.2726577928865,1.0982561442216436,2.2960307117155656,1
1.0332345159678844,0.2511211811115156,0.05641750732644725,0.90282923880575,1.1544371157304754,1.9926785833060001,1
1.106322216656285,0.037963586945227806,0.1000066957962659,0.2732242611964818,0.9950157626193482,1.382767286019735,1
1.9016969319207724,0.24256967661969456,0.14162037686496678,0.591854470562084,0.9552729132514108,0.5609438621898735,1
1.0471053314054597,0.02924893980500272,0.06464479592917509,1.3036818414141664,1.082767919964129,4.356083364536158,1
1.4992613687459868,0.10377267280060141,0.12982892273493776,0.5805991916203421,1.0201397475826526,1.0394037113659276,1
0.8015256597848379,0.06116358306686712,0.12174681281236148,1.006041046110568,1.0256749177952753,3.371644277628938,1
1.6497287891477022,0.07109770394977838,0.12336572750212955,1.0370220595686388,1.3778635855767667,3.153525654839495,1
1.4034244889871816,0.1978253132967231,0.1584941414581228,0.6886902555938786,1.0071740356286996,1.1408979723973993,1
1.4016477855240488,0.17540631870962675,0.06329194508352393,0.17107436553160468,0.8745668523167838,0.2638780873686772,1
1.2220647514361516,0.25571395538516367,0.06654615341671283,1.4059936539049385,1.4888347952337333,2.786644300442808,1
1.875746069134201,0.1926401707061642,0.19726035576096493,1.1433960996909556,1.4045554242666731,2.0212008089495517,1
1.6846259069176979,0.10356244191373659,0.012529665621136912,0.4335545162583606,1.2090971998353754,1.2551795738856129,1
0.8294958092322965,0.14920475233784833,0.09419958887769983,0.7342030127028812,0.9495284151688834,1.9694042666951026,1
1.36479510023983,0.04464408659942336,0.11494503503636942,0.462824664318095,1.4280538493060222,0.6814985491401984,1
0.5766407921948646,0.08359372951969132,0.1907540594712354,0.464682472214513,1.249326570698662,0.46493744680007887,1
1.674848810110753,0.23177719373331981,0.15725977938676475,0.3219019945412166,1.1650487994884682,0.7202106772102487,1
1.22454629919021,0.2993691901839317,0.016949490078756096,0.6886264052880877,0.9123319931809318,1.06458734290997,1
1.02684847538014,0.11095726367718953,0.054276262113281404,0.21934609572081298,0.8490906951858308,0.6394379151258617,1
1.5292982040881555,0.12531959537933912,0.010908585756914382,1.232816934916242,1.4976271506126064,3.3856278716000077,1
0.7358156288029328,0.14406642759975802,0.12934167354075027,1.22903769097732,1.0933328358152519,2.8362273497977353,1
1.2652737534781766,0.08688163020538572,0.18789860675277878,0.7728675879984187,0.9035411228459522,1.316743046935868,1
1.4231352474867696,0.20623453730088834,0.12640252863054738,0.9553760755970898,1.2979300053630558,2.104189081579769,1
1.4594477975251392,0.08293600539803,0.18109544676062023,0.1311768347272648,1.4771841886330832,0.17061350051502053,1
1.4936375899348566,0.03642729606619769,0.025374338248560016,1.3138035603740241,1.2113912719370175,3.5444130879665656,1
1.720848674982724,0.17205728955994712,0.05900933792939937,0.24884130514888797,0.9187951481075498,0.28008688469494813,1
1.2812341099177038,0.06966220224685488,0.14095569128395485,1.3714997632354649,1.2334452246715473,3.400355190989987,1
1.0056881428529996,0.25983151079750183,0.1964892310174378,0.31195093451599404,0.9463101507487319,0.9305613786295418,1
1.8217945592316753,0.2935404725715389,0.037753738055530464,0.5419625267345757,1.401248540049878,1.5041669164546614,1
0.6324717362838969,0.12348684107869441,0.14100878455973975,0.7681030185461083,1.1374389599247836,3.0409167874089396,1
1.3520404091375386,0.08176854505081065,0.17673923576514575,1.3181639090068777,0.8374382121904979,1.6037777593855571,1
1.0423485604350784,0.13288015265635164,0.03835876755006864,0.9628227989229822,1.0353731370452812,2.1735675848438265,1
1.9574368209098396,0.08741082012010554,0.12651147328667148,0.5808275742568558,0.8574037166545939,0.4678828079283508,1
1.8061605846509727,0.16061111263688324,0.030503806932947054,0.9965262868559693,1.4585183414746905,2.45312755451829,1
0.7370874368831619,0.13801754023965337,0.1517581625679201,1.0383986771087337,0.915554351834561,2.2752706882668354,1
0.8122812286197351,0.14022729177671459,0.17827047257981515,0.4924824202182093,0.8635693008496146,1.4766555690906167,1
1.9327138108288138,0.1403758627141772,0.11983741607412358,0.5575661885543586,0.9751477368186445,0.5466455278008739,1
0.8772290279427606,0.041407261885926,0.12375892104689161,0.6314240923707071,1.28465994378606,0.8213193672012544,1
1.335514319599741,0.023881968296796053,0.12489246183969648,0.6128749226880458,1.2658547004278282,3.876215443514665,1
1.3302401521601994,0.13328897654356953,0.04935660230945578,0.4975313858209224,0.8140308789502408,0.6940305277330077,1
0.7410798018558287,0.2727222574915813,0.07369427784611414,1.4231617651206927,1.3521700523576774,2.7865170329557,1
1.4837861164093924,0.2892632108233585,0.013994257500751254,0.43925261957557993,1.1809461194150501,1.1566618966520281,1
1.8681934442655161,0.17855682063529751,0.15494193707154122,0.3482640276506186,0.8806670557191094,0.3125987216695899,1
1.9307505125074775,0.19687261574260143,0.06751783798327685,0.7220744705707153,1.196026557527793,1.070700748557038,1
1.301780188614703,0.20735875757321656,0.0725186440074672,1.0206564809482923,1.0837980765015203,1.721050320618385,1
1.1815323550240038,0.19563583032931905,0.044527929705035676,1.2968450075127487,1.104939788290873,2.1086426586083906,1
0.6613069307850911,0.24918745665711822,0.07326601362656668,0.9602928827211736,1.128508129767253,2.331309945105978,1
0.8097686807388909,0.15819789667051903,0.16627426900603037,1.1096816051160248,1.1774802029684075,2.7891890622652586,1
0.8980721359498585,0.21670947723512116,0.09838614839210846,0.7214755331586049,0.9280590954701355,1.5860416129417678,1
1.7828031242012439,0.2870036281967193,0.1536468793146147,0.37316735797190426,0.8292028152636145,0.3313820760658081,1
1.9203419584898236,0.12082997338156183,0.10580488185250096,0.3875291805450727,1.273364720417514,0.9569856013593107,1
1.64377396321719,0.2533110243664851,0.19243807610338834,0.6134782468124413,0.9808296114421889,0.7552047154260737,1
1.1797426769347321,0.2946665770233144,0.12811135555736666,1.3089261450015695,1.4151457450362916,2.4491608670305367,1
0.7882769542228996,0.1397174160478483,0.1908339056476539,1.080128317627496,0.8629117251599955,2.0735299804563625,1
1.344619233206716,0.11413901858605036,0.06583758400157287,1.3092296869154005,1.469081258181758,3.675429519641735,1
1.3560511814489262,0.24398737913764332,0.027658334792004385,0.3541370697788969,0.8941703450849698,0.5737403957412897,1
0.581520216130521,0.15055485268445418,0.02475152865521144,1.4986089117373347,1.2769510268024096,3.600827940533207,1
0.6099879091022149,0.1722592430183016,0.1620419835907231,0.8809155106652974,1.1398142088073488,2.7192849870576223,1
1.8039744933209843,0.17112711387864296,0.19392506637683302,0.9065951049326993,0.9731091512231855,0.921151393757875,1
1.307126652783301,0.026324958247615937,0.10532448421614266,0.9279671252038489,1.2255372966391733,4.311617886711008,1
0.7260096597715455,0.24521456376453382,0.16823107890913958,1.4783430566632765,1.1152848019421193,2.4391482657992447,1
1.3219256203885767,0.19757596009625558,0.08481040247925098,0.8645542008296765,1.3695290478620397,2.4470830769847858,1
1.5112167157139609,0.011338548605381936,0.09338910250715123,0.7552291522039591,1.0772955044737555,1.9129247303241412,1
0.9159911808542796,0.21675984678001795,0.11197100805430314,1.0803355945346595,1.0745828523369174,2.1234869421623492,1
1.6070302900776863,0.2779422025305784,0.1470313121792082,0.3536863336291364,0.8245211325503553,0.36728432478609674,1
1.1287507717008458,0.03527905078990464,0.03562202384263749,1.2901062411087698,0.9222643074111807,2.7175814167427568,1
1.5747943546404568,0.2523248850970897,0.07498489677470634,0.5147104181206602,1.0975372138884765,0.9441582461173976,1
1.260930428404801,0.2319913299380232,0.18626482252470827,1.1585813165267733,1.070977036874607,1.7345822951853498,1
1.9029396708535067,0.13057473946256595,0.062401210505223514,0.37831445275170894,0.9683530572676333,0.3853906417121125,1
0.8559202247793531,0.24477757223970464,0.013425590627319635,0.774416709001625,1.2201848147344514,2.298062111855507,1
1.118460160012294,0.26666857277008865,0.07814436902229088,1.2663432052063304,1.2789738645601678,2.300638793399949,1
1.2357981990902847,0.13137491237335813,0.04833110380541621,1.0244525184917508,1.4146741764026205,3.293725681595419,1
1.5848556571958015,0.02857336985093522,0.03205457040436533,0.6814657524536637,1.1532496590013388,1.992742107025183,1
1.4754510877530758,0.20635941783322012,0.0377565785749156,0.7769951931964088,1.3820097965100873,2.2410045032360575,1
0.998446950502184,0.0873408127119317,0.06460827777274686,0.9961172950782755,1.0203191525243074,2.5534438803017623,1
0.8978548668188171,0.18602254879121868,0.1596166660851758,1.441274989920651,1.2829036828617504,2.927507538067187,1
1.1245732445576107,0.2733039071675871,0.06260027729647837,1.2650381421288421,1.2220918139358927,2.154163080558676,1
0.7058628192029988,0.01722520194231745,0.18262758804759013,0.8715763996726783,0.9208340745861228,4.383066630890582,1
1.4585361903138492,0.16634636429281907,0.08629946637774662,0.7250427184566481,0.8257659603637972,0.8364021636399528,1
0.6523333975225243,0.2682049081524865,0.17392851031750187,0.5549493829398089,0.9404558458458872,1.6258262042608898,1
1.4493163964792826,0.15023215011082564,0.0761394476323228,1.0042303021322172,1.0674017278302,1.6318365243777488,1
0.8632135245888772,0.10292652475926731,0.12169608226546744,1.0951199803041929,0.8762032267551618,2.230008856663442,1
1.6982214915357667,0.14358379750386527,0.09197631488566715,1.437930129918681,1.183736101893433,1.9785579071945678,1
1.764137910020988,0.29477646824238596,0.14187476413584446,1.3624617026179662,1.078230739946659,1.3449009737154674,1
1.1246677033746586,0.10457336327598422,0.18804981285768385,1.0527225461811907,1.336755592105216,3.3067401583508254,1
0.6589638337710269,0.01201895123273454,0.19833469593394604,0.7790577922768522,0.805246785273396,3.7211987228602776,1
0.8993242504445667,0.29071885303993633,0.14447282617315785,0.2830314829045664,1.4124296844102067,0.25723269369708085,1
0.5826374211405485,0.27392645560887824,0.052866845993001156,1.194196364058709,1.250081300051403,2.6365731335117593,1
1.6087156367551156,0.017660151185244916,0.17556981678979067,0.9479609928163898,0.9665804772090765,1.320500225628931,1
1.7173929571871283,0.16692902637623921,0.01760952011148956,0.7315031858900197,1.2754517565584578,1.6665819053952549,1
1.9757147361210403,0.1431945676638573,0.1552522799806386,1.2436190939060667,0.9796858425059126,1.0801627779729601,1
1.8700359002137128,0.23850873317833637,0.042777765607682046,1.0157171977955997,0.8912357086917493,0.8438228688583377,1
0.6610552087600858,0.09347451878505533,0.14465009679802504,0.29279150158190415,0.9457707514416986,2.0104541558579037,1
0.7068508072104863,0.16147358644010446,0.19528620653305195,0.2937542551506534,1.012381582963138,1.2126633157743454,1
0.9284276400795075,0.1995277036497798,0.0649250666322135,0.9372560278064839,1.1322364799774185,2.2569269119630255,1
0.694894785824905,0.011287858016538458,0.18242830764603793,0.5771751795466017,1.450271648145061,0.40314664169707504,1
1.1156577982954174,0.10262726987365657,0.06196573544006799,0.9490727770456979,0.8174953263687029,1.5155795002595538,1
1.7250365226929925,0.2158535299226143,0.05800918950609596,0.3952380040105743,1.2313942947994332,1.0251866954027253,1
0.5093686871860302,0.17961698612622656,0.07864172737725754,0.8163595335255958,1.096788552721445,2.701553839542178,1
1.770368301395469,0.2574333828135159,0.19961343689401115,0.5981602774085423,0.9777666354400243,0.6520027168357209,1
1.9054533243615825,0.030184309908187032,0.01847417243651172,1.3069636092111736,1.0070869397617552,1.3969385770996399,1
0.5796385271266871,0.20494957810345732,0.09726646171591341,0.8411991653335313,0.9710345295064232,2.1880874928433793,1
0.7155130753873195,0.16364150480231746,0.1745416958435665,0.541693867814559,0.8062804711483011,1.4857337936464823,1
1.457837173169716,0.27564866365902496,0.10090103664956171,1.1398248169214145,1.3265834807747756,2.025860839469268,1
0.8250506008999985,0.16593139476001173,0.02789049138152319,1.3120745510318044,1.0427448659622738,2.5101886393082875,1
1.2333845965904677,0.01981154442281796,0.03532557121751755,0.8833070891760698,0.891042521724701,1.8065864231337785,1
1.165875101298698,0.224711987553504,0.16353375362856304,1.2774816162751972,0.9250034655100026,1.640569390118387,1
0.7024759344600315,0.19606450143790904,0.10969803591405344,0.8913828885562936,0.8882144763451343,1.9178966393005539,1
1.057068460025702,0.18724039730192746,0.04805304192570952,1.0497158511815752,1.2502283315042382,2.5501139505201356,1
1.2394641992636202,0.19026313890987073,0.15213642647813327,0.17951230434114834,0.8177237545763265,0.3007851915775116,1
1.993725535728494,0.1015669776615262,0.14591651916790258,0.263511821568188,1.0389303597776913,0.28248684781320776,1
1.069910802796806,0.0662309948259922,0.19542329428318722,1.1317837189919737,0.9994113417802086,2.559992361782154,1
0.7417115408914086,0.05305222388132494,0.11234169427165298,0.293672038324265,1.3450761049492768,0.27312712707335407,1
1.9199681788474432,0.13453395621237377,0.11982438532769878,0.857957550974116,0.9531177542562783,0.7935767687845641,1
0.6596181666838334,0.26808179610476357,0.05170917787474442,1.3027247814178908,0.8701475336269328,1.949600755038644,1
1.5507731743532083,0.02071530964260506,0.19496260782356853,0.15145965043996726,0.8562517912706735,0.18139415837486783,1
1.1207086622903701,0.19295786673728524,0.15275320363523087,0.6348038466201996,1.0712176803549154,1.6241539495474466,1
1.8038274858475745,0.08847178790493213,0.17050305378617714,0.8354461538411929,1.498110864433892,2.9260167567994504,1
1.240907022470831,0.2610917821406437,0.03290116774265947,1.1718664981372358,0.9398044058815,1.4841292422855146,1
1.480964842247966,0.04281056661060873,0.0851108075989731,1.2440688933764177,1.296135778695389,3.9294469051458156,1
0.7949411636374686,0.20934769810118323,0.0375338136169684,0.7763435676141641,1.2330001062077458,2.555742883842971,1
1.8128536156849249,0.04753233846323521,0.1462842140917412,0.8756635956445914,1.483351037743558,3.6855969807648887,1
1.935964703362035,0.07037438506308076,0.0886635658381233,0.6135643927200992,0.9676112636719594,0.6001736792991947,1
0.627787625840946,0.046668861516823354,0.16434298358633967,1.2061210281623307,0.8611834530672268,3.4979626696862716,1
1.0652647139790845,0.040653661085403574,0.18808889184969596,0.2159259742040167,1.395825424914202,0.23479051479873597,1
1.0739946120924495,0.03413988351454004,0.05501592127378121,0.7671141058054203,0.8337716038077059,1.6889913126227964,1
0.9802277896431093,0.18071016199851808,0.11429309280188159,0.3198403197548021,1.3023390175630114,0.45445542800591276,1
0.878654475364022,0.019580584400477274,0.13419839568057418,0.23654814877217037,1.37387515821361,0.2308198064962106,1
1.799419306012453,0.10751949776294652,0.15122149800177198,1.4068254900995616,1.3476455503372633,2.557835627563255,1
0.8374302377078622,0.14714833599651117,0.10736985327297538,0.14635286383542764,0.876515377318375,0.8390821012364137,1
1.807646343256153,0.2605007048848814,0.12534777212174164,0.5397334873532439,1.4610540940580827,1.724286787786182,1
0.6681741165152763,0.2838357637649865,0.1986185495430693,0.8853307013013046,0.9913552510159608,1.870700853099026,1
1.3404362929752263,0.2617098685955027,0.11868262866799219,0.5876443930223917,0.8102889095855287,0.7377569860398541,1
0.8516305480150275,0.07153098865293563,0.14329858974051493,1.343974313501977,0.9599408682434425,3.0279196586598074,1
1.9251055159350425,0.2656167890061359,0.06815876402724418,1.2043777435864749,1.3429680111550621,1.7047864207964063,1
1.4089533481256873,0.13157782088940756,0.1771943119075445,0.34194201733173535,1.0569831660003919,0.8400818418077637,1
1.250323716655457,0.29882087853997874,0.17850227971370375,1.3358046841453588,1.2672712707975007,2.0697687495225594,1
0.8553486535122876,0.055891222927767825,0.1834345168993031,0.2278063909278823,0.9203086682068873,1.2392433752471557,1
1.912532627984763,0.16562162561437732,0.1874225523208842,0.33840301992457633,1.2781179127995228,0.7884087198197076,1
1.1382160486948625,0.14394154299072215,0.18929676719976046,0.21174425375431036,0.9725186988237116,0.6924190036232083,1
0.787673912200085,0.0892843938426473,0.062159697126757174,0.7937007965275487,0.9452019086501692,2.4982944170636037,1
1.1426866479405058,0.28330698973660584,0.06598123032393481,1.334933378276555,1.4896047663972838,2.708840654607738,1
0.659038697094555,0.13073814161585412,0.16307072391622765,1.259763466588055,0.9314377462254699,2.6082063906885944,1
1.5771797972573935,0.22660011297998925,0.15616411463065802,0.8959633456476872,1.2739885804628837,1.7468623173551554,1
1.4771040823967903,0.22350958453350078,0.10761652817809132,0.6528164793822733,1.3775452235837409,2.047551971918975,1
1.0618101217291875,0.22448290941523938,0.1223935057078562,1.269854878369079,1.14885994296212,2.2029794483240255,1
1.024765134643156,0.2950395988451766,0.03590905294536774,0.5341065768566703,0.839314079263499,0.9914905130326181,1
0.6833505044053587,0.013476790122776167,0.18344168178499767,0.7729272673138002,1.3158497478667113,0.722084425565187,1
0.6426074880841202,0.030870737971709167,0.12014617557857901,0.7330923646084359,1.2918646024748974,0.7143075977218233,1
1.2611900099840754,0.07069433363709138,0.03929087867031294,0.27979503696246666,0.8280882237711963,0.475557891741477,1
0.5930836789656009,0.21966367346475443,0.03243570980132758,0.9136588243668697,0.9825492983247153,2.1879720458454264,1
1.473291845397578,0.28427051391159763,0.17729132458108646,1.317087518514178,1.1984689921223373,1.7768964099972833,1
0.7338018346056594,0.13704995948619778,0.04847276385889738,0.3077572657207298,0.8801865870651768,1.523057260344588,1
1.8851403922112897,0.2348233168556398,0.021772847197741297,0.724802539203791,1.1218318869623891,0.9300146627609334,1
0.5759313184383666,0.16942500877889058,0.0696864167538858,0.6303335091933788,1.0818558892777972,2.5548363444557296,1
0.6053508803231868,0.06271777138776546,0.07694540420008908,1.1056816137836423,1.0019281243249074,3.79964621824112,1
1.0645415473012574,0.024754453917824937,0.10557914820773016,0.10421135300941693,1.4704402122172988,0.0940183666322615,1
0.9272568826159984,0.09977356693772424,0.045490273901632516,1.3671464553378652,0.9034603169505633,2.443815088319636,1
1.1276845215519238,0.11746230321401271,0.03176876294783364,0.6454142256124178,1.113014276634344,2.1538345631024036,1
1.4735455416842032,0.25739150258172566,0.17527921181541986,0.6385677344559662,1.44425169638474,2.0333797224906403,1
0.5667104403511213,0.15979416082764825,0.14368760828844956,0.7615053493847753,1.0526347606721282,2.576069818866472,1
1.2062099956288466,0.15425803192020465,0.03714736352124472,0.7745635851347424,1.3054640045816075,2.6137376660156013,1
0.5552870891445255,0.035050207300049784,0.18817213806330568,0.4376046156746717,1.454495713291977,0.2765950128948274,1
1.5304191991431728,0.2510035430199469,0.1746363842563628,0.26730457509185684,0.8808208485975645,0.33786368254452154,1
1.844309647391222,0.09814281905705445,0.1271062242975516,0.4505318287830128,1.063883193925178,0.5997420576862604,1
1.2445448090452005,0.09779776569704139,0.11175373487575435,1.2568064005668198,0.9821798295094835,2.074972318447704,1
1.0714624042424554,0.0950212035021803,0.09813497040345864,0.28419049894907417,0.9469520523819225,1.0520984786759364,1
1.2959755486806879,0.20180323846504788,0.041132634618452166,0.38567519831364794,0.940731080537844,0.7684688959383537,1
1.339410435718981,0.18774528386016665,0.12478892006733709,0.5415437523001784,1.1525966845091298,1.5049505558982128,1
1.2677133979141963,0.2032429393771925,0.0879685107223498,1.175462642355201,1.0740975062182745,1.84187496496842,1
1.0421987703623061,0.14322529340400153,0.1798810050584336,0.49184689385871905,0.8401910096856031,1.033858861706443,1
1.5732066427292606,0.23485681290870553,0.19897732751514557,0.8388794066517122,1.2688493084928556,1.6484166378307263,1
0.787630095020494,0.023846774611619014,0.03304603629849088,0.24829293741187014,1.4443483613599177,0.1911804893658224,1
0.8832730935377089,0.14346922778509685,0.1471838301206282,1.3732265678474869,1.3074778351771195,3.327388756091262,1
1.0519913149113118,0.28629557001936307,0.1469367703626497,1.1724633176064887,1.3010712908729953,2.2816096918921436,1
1.7065370475508679,0.11232942053059684,0.08173261246342635,1.2703658598664476,1.280388715393986,2.3467625956661693,1
1.7279183408713203,0.15912115771509444,0.17092813120938782,0.7691457439267119,1.0112080432122694,0.9301598228209504,1
1.5513366558168298,0.08891262818838913,0.024106529111799654,1.3016588574095518,1.1853885308712668,2.4207231388075354,1
1.8070849796047495,0.013399550591783386,0.12597902845483838,0.6160262698700241,1.060219102910541,0.875633003870102,1
1.7865967198003372,0.2018033769565897,0.11764423695647398,1.096336419095381,1.031709129408622,1.1698159379217354,1
0.9452915647020685,0.12088242631654471,0.18557872756762114,0.6485919209308433,0.8336509763524423,1.4143813285117133,1
1.8926109216013294,0.11314842977990519,0.16092245399471233,0.593640668928783,1.1213112274793338,0.8284127581521805,1
1.3842834782834648,0.13574873818068756,0.17937711403976542,1.0104727435586789,1.0235713050227035,1.6095584944701637,1
0.7803161025241089,0.247379532178483,0.17929884077086714,0.5814783973783693,1.4305380062201412,0.46418509644081174,1
1.894540622547844,0.014168777953835143,0.1911311135645006,1.4891596462507493,1.0195742496533053,1.6454612676415363,1
1.8801676684986792,0.047550584026611664,0.16895692732297615,0.21727723202754531,0.9535113534913966,0.22036981581556683,1
1.3171534675791263,0.21388050130156402,0.1659686081828594,0.3745296116065979,0.8054963066345715,0.5174912849797476,1
1.0462607472792407,0.024945764538536766,0.07227865848799336,0.5948883623164969,1.1120931026637428,4.083558735079533,1
1.1157425332386752,0.2542994165497871,0.1578636771239635,0.4308515226632652,1.152906347355607,1.5079645981654255,1
1.8902023651538458,0.17232369229795172,0.18836958787466873,0.6428933841261847,0.8656613637284652,0.5403398250463144,1
1.8507878226318795,0.2667050822669771,0.07167089692089035,0.586501929029427,1.2595295835895552,1.120578607039194,1
1.4829534718861916,0.22992001101794554,0.07965512080487042,1.284766602125265,1.065171382828208,1.608219189052172,1
0.9291690420046684,0.039321788313539476,0.16027461349074532,0.1700319447652386,1.0571705257444666,0.7001312731338759,1
1.205327689523099,0.23300350785786378,0.15779164022512013,0.6020720803188406,0.8644504299547702,0.9530978346517451,1
1.9831425121966761,0.2665012268949894,0.17388349532031327,0.7972698167406299,1.3187994095459796,1.2874775901383344,1
1.967816758745013,0.2663928264520564,0.17986454002217628,0.7304273978984326,0.893875938016629,0.5854285954016892,1
1.3792922923787594,0.05107686186987765,0.052001975011485554,0.4696050956105393,1.3159998298083715,3.4958505814592575,1
0.5498924925550791,0.18982647086793797,0.18680321493933966,0.6699954516797907,1.0511108912441498,2.320506255247657,1
1.983602451829503,0.2263436464400817,0.02970530134481856,0.6754424860100406,1.4803810002819147,1.8371392152265804,1
0.6384605569085007,0.2794674212570761,0.1351339019272543,1.0970718550527898,1.1251333023692562,2.2752407697579127,1
1.1152566818701706,0.20858993175439328,0.04150226247185979,0.2868893122788705,1.0253234366805493,1.1069332921504913,1
1.4075173637356984,0.11866672355220531,0.05917752741104691,1.4542155672583035,0.9240314025213292,1.7537285696980196,1
1.1709176359357976,0.15007401814314525,0.13524771578623673,0.7513494763444158,1.294367667683486,2.5633325341894357,1
1.5938902679758318,0.21909633983717974,0.19967505072532252,0.7074361386785368,1.0163266523386165,0.956424946851949,1
0.9208339569027095,0.09596048654981576,0.11764771992336244,1.3182367416970378,1.3367323529801074,4.006135268190765,1
0.8672865557013395,0.09897703236545051,0.19624594950145516,0.20060632063765946,0.9260172738488679,1.001521717569343,1
1.78074966689531,0.10141093620501898,0.06486256642165829,1.3130277768137366,1.4865366148085966,3.278886848655103,1
1.4524460459494268,0.12497905451731182,0.19685852068144055,0.21399938909815625,0.8731129534592107,0.29752869567911194,1
0.8731703059886415,0.06586177032928527,0.16731208975045994,1.3516799561139385,1.054079948173041,3.4496323009577368,1
1.5489226027351868,0.231506326682328,0.10141470102621289,1.4725380435798607,0.8920299593298728,1.363632298365152,1
1.9186472982828837,0.19028780776608648,0.15813671728221018,0.40300892918074827,1.285928154590176,0.9227051521030806,1
0.6198443403954117,0.2575689862642005,0.07857852343336423,1.1770642755451992,0.9395314574703838,2.0690240248461005,1
0.6380189897663195,0.049533222943167865,0.1859355664471462,0.8823861890840364,1.1794728695411196,1.204023537703363,1
1.520856896416632,0.17430574414383235,0.16731705952445333,1.3096673543950357,1.062783373321889,1.6785734927855067,1
1.7601884987598249,0.01714400860125824,0.08875862692234573,1.3287392563994167,1.4198419194689942,5.873806179890584,1
1.1479498461266626,0.19548417311698382,0.09748241723256162,0.2560039148505934,0.9805954061959468,0.8392915497568743,1
1.1858423157723994,0.13055717555830368,0.019595478584313993,1.4695194982324287,0.8005487810598566,1.74361644227265,1
0.7331067943615956,0.08803605745733954,0.02061159055761578,0.7380559310207621,0.9508036030655225,2.6171409680263817,1
0.9523480363597823,0.24830908177300168,0.1570155957391612,1.3545873347965107,0.8325148654686053,1.689672452766005,1
1.8922665827678466,0.11099590235155579,0.06562704330640473,1.2314319687948871,1.4818401949642384,2.926528859231247,1
0.5253018337832038,0.2557449306936649,0.10627873832044775,0.38448294274861405,1.493043239146714,0.22596738634667338,1
1.796708063393428,0.20759835167327784,0.1370528132045882,0.6205987718642882,1.3654116792578983,1.6113510444564825,1
0.9002693107247545,0.10054099111895436,0.1750829833495551,0.6279394481059073,1.4864226594814953,0.47642778480107595,1
1.9040681988416623,0.10628581018006679,0.08920934791443508,0.8855105278877196,1.025481535401858,0.9528361545750759,1
1.3545633062433198,0.07937871977970754,0.10754527945358947,0.5860049507466721,0.8654811639757918,0.8890138775492795,1
1.6589484411616655,0.14970198607698643,0.0542994186863605,0.45785366343245404,1.0759159101209332,0.7956961097122967,1
1.2561272697728032,0.07377690830202926,0.044641160894523316,1.4954488942713293,1.3622241124109213,4.153180257401274,1
0.6252885332075706,0.1847806594854081,0.17245119314672006,1.1223053854404303,0.8008877648388764,2.006732719100821,1
1.8722114284816518,0.17938267753409634,0.08576100648878401,0.8812052473523505,1.4748379465950556,2.24049471183796,1
1.4125165742899457,0.22216735191667228,0.09558154165577858,0.7962854914741428,1.360565175295168,2.1668282348552492,1
0.6203316185714745,0.18073970096527284,0.07966318817634535,0.781788816110281,1.1573241394665008,2.7063310327852763,1
1.9793279228613523,0.049058572946539376,0.1088925100021406,0.5885856978709628,1.1006207395858656,0.7384216796492566,1
1.1090267629079935,0.028593585026733474,0.16830614301516228,0.8650933833390793,1.4011343638860958,0.9995633407195643,1
1.7435958390035662,0.17061937223108442,0.025181405605186093,1.0399072978733443,1.251589636215013,1.781026298793786,1
1.4736925267275032,0.22148218003699957,0.15243676422391728,0.4019576551747881,1.23082256189627,1.3085750294417444,1
1.010478819257167,0.11009222741334243,0.08491462685172388,1.239708621420718,0.995292030454829,2.422972622120202,1
0.6878676344501871,0.1838429313540993,0.11595849872890936,0.10115211364337191,1.1146885931949242,0.1789589737216707,1
0.931834450840374,0.10712770520471951,0.08942337273437728,1.0299174800546267,1.2514030604085309,3.3795151779540418,1
0.7440479536352282,0.2528992339260495,0.08541162042438437,0.7291668011809576,0.9361259197537293,1.7061289773782613,1
0.8026091779501832,0.0588737518433273,0.08029929722514208,0.9213407964679281,1.1123840572546917,3.8556759288782314,1
0.5136631798052107,0.03201227484098823,0.19292846107018105,0.34414166395995793,1.47661945232926,0.2036423925682304,1
1.102575219548707,0.2703182094893993,0.01547071484692331,1.0495481134629412,1.0901217454005114,1.811150952536998,1
0.8602437596414829,0.2843494975231258,0.19757553120889107,0.41520381409646356,1.2882422639464768,0.5311131164166952,1
1.6279917900095864,0.2515713189369819,0.033382788665736074,0.22438570364476107,1.0217280198819294,0.3675410891588226,1
1.7056554777770723,0.25670066908969685,0.1866018511252606,0.24596442980275765,1.2033198293071479,0.6154553718807695,1
1.1026253473745466,0.19448459418396022,0.0989734293533365,0.5536752534580605,0.9021140973058341,1.1387249581419776,1
1.395923304301951,0.032715365385812836,0.11953715309484331,0.41957594847060087,1.3285920821286379,1.122667754064966,1
0.8698959403510955,0.28332715408202586,0.15828840922130905,0.5089881008009771,0.9434415311745921,1.3261963603320013,1
1.2053647933930274,0.06064580944434594,0.1301952832520857,1.2198798263543853,1.3337891098249544,4.208755590385473,1
1.2407406964295755,0.04668095100010471,0.17446396209981824,0.8931220857668748,1.2327296492482769,3.466603769862399,1
1.2069934601063184,0.054474020998760024,0.13425821676572963,0.16509041870637287,1.4467427839418896,0.18226220296909867,1
1.8856238481998677,0.14669056373272968,0.0105632794859846,1.0903247529262734,1.192335698348784,1.518839062873538,1
1.2158155925345882,0.26350270359816863,0.15017878395219414,0.2363852328411106,1.2609034549900566,0.7079524457411119,1
0.8447015538567343,0.2048676090856823,0.07741793858825982,0.4165870455924833,1.0384965244998705,1.7313188131671207,1
1.9552424702856792,0.08801898601419944,0.11998206974760288,0.6838868812745568,0.8773090927375824,0.5646357602585926,1
1.1994238827020007,0.07659708125260446,0.14416398854049955,0.4165675332565686,1.0131791665803622,1.336104432340402,1
1.6238139820756783,0.07665536928072124,0.09451689524214786,0.9610660288983862,1.0770173218535426,1.5666387479833868,1
1.9522734327142377,0.1678937228900463,0.06549163490991793,0.21042211614750966,0.945044323977281,0.19741804145336578,1
1.203969783303088,0.19318730671657292,0.1419073591352828,1.485844112107132,1.0737741742595768,2.1010448850105368,1
1.0638067161543996,0.03134865646101188,0.04863133046000092,0.5753806895998733,1.0908970186418177,3.471170090184566,1
