alpha,beta,delta,F0,omega_ext,A,max_residual
1.9010426124340463,0.1640415352651257,0.04760873107973247,0.30624597828298933,1.2246566138113968,0.7585584125027988,6.125274725581369e-13
0.6274201804081648,0.18062113160184398,0.01578591763013268,0.7318786675944959,1.372015154535812,0.58210840353879,7.292621603396629e-12
1.6633576197113928,0.12851661596078953,0.08711103327296547,1.114493014175785,0.8399225382716478,1.1516895361415929,4.530310267542563e-13
1.2671652681548147,0.10235147328714889,0.18874352052979385,1.4176098379045676,1.2535142570864,1.8247358645565637,3.3037125333532914e-11
1.6227615779937552,0.11442043988786096,0.12504783460275604,0.6568765118677589,1.008121756687269,1.9840210501377165,1.9588555281609127e-10
1.8207372164093139,0.13168087790514968,0.030583298913119943,1.4239088798335024,1.0448422608787111,1.878380273080531,4.609835727559079e-10
1.2487199627464163,0.06709907809044693,0.07168323277779842,0.5077078137995389,1.0365491818000823,2.118906078635423,1.8466115752848469e-10
1.6923576743045265,0.08695127982722184,0.08614642034090148,1.0965685236661487,0.9381015297194236,2.121442116107914,3.872103541479632e-09
0.5827584338055615,0.20460752308738347,0.14865616740182047,0.484038232108459,1.241690438051367,0.4950781474227056,2.3604433624774666e-10
1.5955387732096717,0.2792458036243373,0.15015991538649776,0.957036603980639,1.3373331451266135,1.3969436411675247,3.408373804991265e-10
1.6593540987800717,0.23609829127719303,0.13852012109726236,1.3319651929046896,1.4854952859957096,1.4396079193069078,4.9326234670625485e-11
0.5997049027771186,0.1083501604265194,0.1088864292081455,0.2287093572479459,0.8189179142615495,1.2729649650430563,2.2128152698830126e-13
0.6575887423000948,0.21135730441686412,0.1863672737081668,1.008548867504607,1.1877333406534845,1.0868349458513085,4.7065945245202187e-11
1.0851419914677933,0.25618438998871507,0.1391490457695527,0.32239401068506224,1.095672401178201,1.1324947845939586,5.718034585552383e-12
0.9891330350426898,0.19603943699490622,0.0720663326401104,0.7363651472371787,1.041680301291906,1.3780280475678504,1.6245776090081176e-10
0.8775276913790839,0.06785134894478355,0.06311735519283374,0.42382569541320436,1.0471606037018986,1.4977917847942852,7.9860996178856e-12
1.7643909869911905,0.171558613687563,0.15501587150422164,0.8035663536732722,0.9228414856320313,1.7202982581391373,1.7542546852672698e-11
0.5106071929786902,0.2940174832726789,0.06244422602810662,0.309630376040256,1.4099755644317074,0.20920123576628555,3.896611143194473e-12
0.7716538500639081,0.11139029429810897,0.06630733370243279,1.0617907222886849,1.4024068253437778,0.8801649037473601,1.009501952144919e-12
1.4574402910693713,0.060942058879637065,0.13772000832467451,1.437659885955283,0.847577840111791,2.0518851758633327,8.871994567032656e-12
1.251710879505324,0.13015305219762446,0.19862538880162126,0.5292413168835065,1.3684890996547212,0.777745434588389,1.3069573697200752e-11
1.5214179993571915,0.03658193453799028,0.11286449779174942,1.2865308492926317,0.8116856230998062,1.4796204936417419,7.438398520778412e-11
0.5833106400655148,0.14118976719193865,0.15300295208995454,1.0055259943443158,1.0764458268286528,1.2516596222926708,3.1176043556876964e-10
1.6007401825474716,0.11351932669092904,0.17929718063084737,1.1872465154031064,1.4515059472988856,1.6495153292995697,5.185134121319025e-11
1.4799651768798732,0.05551804413609913,0.1492186312460796,0.1196979165522682,0.8535643307195909,0.1570608717336063,4.418481570041657e-11
1.8500027511124961,0.22314621652692535,0.06526958065571187,0.33094377187853263,0.9612560519598096,0.3565796309768849,3.775764271543011e-11
1.9873983705074596,0.15068719669955172,0.1587890680801667,0.9447929204723112,1.1417470603641962,1.4521261126352296,4.889925683971256e-13
1.2459027706100259,0.15407180147019103,0.09476142916479623,0.24605036386103232,1.2750332314249135,0.6159838307148118,3.4520082240253802e-12
1.5808556656787685,0.09745408433428662,0.09459555296299445,0.1344521166989468,1.0397754603684843,0.2639891285685994,6.430861509544639e-13
0.5646432601472223,0.020576362626008572,0.1801492781920985,1.3050997511056388,0.8384343383629997,2.3925949143578658,2.777752583463211e-10
0.8891198546516443,0.08595922743582811,0.05773558589880034,1.0446431694757903,1.1779311768991714,1.588674227886115,4.28107758516229e-10
0.7595277833867722,0.027703064361487686,0.062199593512072465,0.10678766222946523,1.0617671677250402,0.28575466776301617,8.919526190653476e-12
1.3178018248086563,0.057146927951268335,0.133122049293189,0.7869999516782016,1.3262544418767146,1.556781368705195,9.90975225267323e-11
1.1722831594716552,0.06977600320895402,0.18072304527524377,0.46933808556391565,1.1303792166136257,1.6770299244838818,2.2342152755455194e-12
0.7891993585982509,0.16482861509409535,0.05567001065443098,0.1312548501930974,0.9986129785317779,0.6055052774961615,1.0874218115781512e-10
1.1954902562699856,0.24732731076711556,0.16713248863684185,0.15804505843036565,1.4468209202596074,0.16997823335958964,5.836007391689368e-12
0.6979097779333105,0.09606421938825653,0.10783193576000785,0.5006522171753729,1.0264389893888877,1.2129571897400522,6.389382088958071e-12
1.176882186481424,0.22088602789710118,0.02276401082501993,1.065598480179406,0.831978883169223,1.2197463112054938,1.770994551197362e-10
1.935121968860284,0.2520651467963823,0.13229190001987312,1.0737182248398578,1.2739121721261493,1.6056914570921006,1.0085519142924963e-10
1.2663673712305192,0.1559630645733119,0.17489318697680598,0.10547302113587072,1.0263735504653262,0.3787653400659432,1.1579968011753936e-12
1.174080435064636,0.23157756872528729,0.07549672921553525,0.17313532004051796,0.8576230946430912,0.3906095298565527,6.728716662997572e-13
0.8711444607063645,0.21941313680134045,0.031055546232828267,0.6119651104810918,1.4252192869977545,0.5265879867992024,2.276628336651772e-13
1.364909901857367,0.010594013283458938,0.15131920382181485,0.4596632214056199,1.153709585814179,2.619982592213083,5.710481561154216e-10
0.7372334931095943,0.15680816334563297,0.0695824151781981,0.7320138338031471,1.4544860943026827,0.5293857197163157,4.174356493394558e-11
0.6497567279879616,0.07104884779503574,0.04233724753307073,1.0147666481699527,0.9280141088787265,1.668498136136264,1.2877953448832003e-11
1.2366547867024076,0.2047866444427066,0.04131622426744196,0.1752562821392592,1.235033416109721,0.5952601895802866,5.806038970321063e-12
0.7001653192301942,0.2028306693399558,0.16278129686863688,0.7098556491002127,1.4258759158438572,0.5241674468978362,1.2595304364813423e-12
1.4237848404420113,0.21449518084093463,0.04275933801319033,0.2659311589419156,1.2998374326640367,0.9219675609141892,6.6713831742806154e-12
0.8021369344790914,0.011265196705680743,0.14041339875145842,0.7557324681367026,1.3875903014646522,0.6628908636422223,1.8081208292471591e-12
1.5307991368645983,0.22102165565420226,0.0641473249203905,0.36845244969331503,0.9695852762466227,0.621147165638532,6.599362486010792e-13
1.7159349821303542,0.1295114495363678,0.15735924775918111,0.14246933613359095,0.9644931137945782,0.17803935141673344,3.2812661085614645e-13
0.7267046032933192,0.23720361269395887,0.04107274484665638,0.9324684149501545,1.146817738008447,1.127202356808446,2.3618093364227855e-10
1.954067169917648,0.2245334296304361,0.056497879471543284,0.5964448550389699,0.9301781007417449,0.5470835673523025,9.479312653169854e-16
1.043064534890746,0.20597441700977032,0.10540933042532526,0.4334830024207843,1.1206936979642892,1.2058104358126502,4.97503204281134e-10
1.0631226060495491,0.10949242012739327,0.05506894679692214,0.1975029696795481,0.9843116167394934,1.6172365155133304,2.821838201681104e-11
1.0676858341356552,0.05153742772114615,0.07660821016942698,0.6728559608265519,1.3390611143103737,0.9166917242581912,3.694725594670927e-12
0.649228716376244,0.0219392552922835,0.059328048212508915,0.8896176097156974,1.2932149261881256,0.8667632793609248,2.7654995906938447e-15
1.6163153448061125,0.1303069799215001,0.017373915508997962,0.32599228028611693,1.484177650130753,0.5550599396706687,1.9235475033531656e-12
0.9018235467608999,0.0433259563276728,0.11673347424205076,0.5670227533916256,1.1089317487566022,1.5145976296346284,3.416947159759953e-11
1.2386861007631254,0.2937932708400488,0.1396626673700351,0.9627065054836162,1.4569357165575227,0.9901614465022008,4.224748189509871e-12
1.8963530351227682,0.2568811764215979,0.12114026309814085,0.442636623954588,0.9553722514660872,0.44693173889826393,2.558476014323806e-11
1.4273228438812389,0.05828618844330213,0.035437583945972614,0.9563569809869391,1.3823155121485415,1.7431679443234926,2.128659848994121e-10
1.8530807137239762,0.11909429485143727,0.06904999234608133,1.415937044319521,1.2438966977015367,2.0304641072744576,2.9379897703856526e-10
0.8023647466236363,0.2509283771815037,0.060146755133504634,0.510061498188544,0.9305657919012272,1.1855982249278179,1.5217048721652454e-10
1.1346147904870383,0.023507646374509084,0.12516181810583252,0.5526386842894092,1.2441274400814908,1.2470651424623544,3.0692098774876925e-13
1.5139521098888158,0.2961715081523038,0.1115419149631377,1.228105955130982,0.8582877720101517,1.169264385781708,1.0814185314402441e-09
0.9937325432390155,0.0681639170244996,0.17242196816968794,0.7952606615374253,1.085663361117124,1.8370290093555253,1.2201153136188765e-11
1.284223109716839,0.16733767143150108,0.10921878931008644,0.562103537289071,1.2018872129461953,1.4433751653543458,6.732005505345336e-12
1.1799229229105206,0.0929591481761565,0.026656384318163043,0.5497443698550526,1.4684535091316764,0.5624325648066195,1.030548619789595e-11
1.8552324243360652,0.2796303860266026,0.10654927794672689,0.1655802176387614,1.2673045716386881,0.5864613044345827,8.563231318463432e-12
1.094658798304299,0.07449417772455182,0.18742755802911268,0.43450949130085437,1.4952500950699537,0.36978378303187587,6.001044688402766e-13
1.2899363003842885,0.0793262733199291,0.028939818833561767,0.3005486887473291,0.8559764131634474,0.538857719241443,5.321662488684299e-12
1.4370080246176786,0.13230813507042563,0.17612795308621748,0.34918036507369243,1.2008003219839267,1.4591614184497577,3.319515867056967e-12
0.9996964715074048,0.2586302976019089,0.13871892196604524,1.2834447428974838,1.4692919209536743,1.0199879637777043,2.588756031569733e-10
1.4031821490234542,0.040981458904639424,0.17126665731013024,0.6007273606585583,1.3001735669155043,1.592439833139616,2.6733416130054314e-11
0.9267591355764657,0.2685993798539901,0.08069220787499642,0.13138655890865425,1.3669237507586702,0.1385701102238581,6.792312459535857e-13
0.5298715414352,0.08759520695267656,0.08099764339745717,1.1004789214705943,1.3620064131604566,0.8245918242555991,4.439386101688797e-12
1.8872734361619383,0.1244125467206428,0.024655427853552583,0.35836736650531664,1.4448198146619313,1.4001487938236685,3.6465424112484585e-12
1.669132275223596,0.13570668032817904,0.16652369357297167,1.1071416371524518,0.9200985014873224,1.3430462494910729,3.356630875579072e-11
0.5215633173203804,0.04479933734588172,0.19994138366565228,0.2898016877844082,0.875624490658543,0.9549321212636719,4.7916523429483913e-11
1.2830397189274612,0.023314443635914502,0.11604108652182002,0.10090976377582982,0.91321334165856,0.2186964666886966,2.70167737823225e-13
1.1677507463559675,0.11870733713518303,0.17098715007366766,0.4174211672172484,0.8101645623476297,0.789230025268416,1.4719406297615424e-11
1.0301737149539971,0.2365297574923049,0.1534407134040936,0.21476061146620412,0.9597861717066882,1.2366745068346452,2.113055702850974e-10
1.611612695075859,0.1351779395112304,0.17545798534418947,1.2948016288168058,1.4302215400090306,1.686173920836489,5.877293664256327e-11
1.5159876003298811,0.06507428896738236,0.18761194712208357,0.1563583864884268,1.2868767511152415,0.560109036203006,1.710935436370347e-11
0.7928462413881838,0.11082935311103947,0.13103447477864752,0.7536529940160156,1.136371774066165,1.2792572706234033,5.035417874825976e-11
0.5662566142086565,0.05536838597255834,0.14791975021964357,1.0514653602957638,1.3975585136792803,0.7493183767673228,2.401531484248e-11
1.8010876479437918,0.20282342051468533,0.17529430669148777,0.22880294310358085,1.3846826561887928,0.8407291293324454,4.343888321853638e-12
1.102499958212074,0.14669435579094106,0.1925491159112417,0.8020281809440879,1.494032403206616,0.6868757288373301,9.017766179594028e-12
0.9725450310743498,0.17513673320240497,0.17760818858908006,1.1981962712894996,1.0615564309253283,1.4048438379431827,1.4504278100874943e-11
1.3769086233552448,0.19684939471810914,0.15128259964275673,0.9345353458567556,1.4332717047759662,1.1884540793114187,3.2920017621415567e-10
0.8589522980616806,0.11177101905936096,0.05422461316649085,0.9231796543901952,1.0779269823356774,1.5498595527695502,3.887052914954393e-10
1.619608841646103,0.05539270100946253,0.16481804684966947,1.4663620585591088,1.235980565989562,2.4815295972837657,2.4198566680398996e-10
0.5244125962921369,0.11604555161767666,0.07728656157381054,0.3154450099565589,1.1576085265706584,0.384398071882799,6.002494126278365e-14
0.5856807878141261,0.1660329064403878,0.07309815832624891,0.30892957180595065,1.2864912632961507,0.28776898073244284,3.0668755332996146e-12
0.69035907698821,0.0516808500189971,0.04791669421603433,0.361684811097604,1.2772829851669583,0.3835091091985034,7.351627753482945e-14
1.1709501810052099,0.11264421033682938,0.11806875852276556,0.8669383354803372,1.1348009326217134,1.7194248308207518,9.56582664659231e-11
1.3090263736077439,0.11893439792603966,0.12431597727504164,0.8541860230706666,1.1601967847996324,1.7623318221602817,2.8039227400170886e-10
1.2075865989497374,0.25854481128007745,0.10228255077454936,1.0374970884349366,1.1398421503315874,1.3463629574528644,1.222219085947122e-09
1.2018033979364315,0.07276655970836979,0.1410841223523777,0.42788875084626077,1.1545759951402617,1.6281716141100195,1.596383192844294e-11
0.7685629399115353,0.29055323118130716,0.01942613920526571,0.7762801409037534,1.055176466023823,1.1024736905036736,4.464065609884381e-11
0.8369707955964665,0.19722170011631926,0.11244300102713212,0.6304619669929388,1.159674833435991,1.0639410629693615,3.092974590872513e-11
1.3790342992283215,0.2886412852240409,0.05754425968172338,1.4543359005339362,0.8065923895963711,0.9448808366539078,6.460716788264536e-11
1.2613962985678793,0.21988041454775292,0.11802146025108726,1.3034077449463486,1.1242720607750198,1.4209123828754207,3.2419605410089705e-11
1.5397529662647182,0.0912299408416574,0.052139964383830145,0.8967937794534553,0.9435391695491084,2.060824722981819,9.026863013904053e-11
0.9858838973321009,0.28082012747389984,0.15944788180665098,1.3231598332258143,1.3786551015027557,1.1376883680740228,5.867641588001341e-09
0.7830666666368047,0.06101228265638072,0.04644241508260984,0.901881081703958,1.4956141744274314,0.6195388959126046,2.1697667223769615e-12
1.5725040635991239,0.21709007902991329,0.025186509493468512,0.11888628552908981,1.077397412179105,0.28813808965246657,2.308686214652135e-12
1.6577984252899602,0.09262497103420134,0.0751923204980168,1.4268295675925675,0.8697124558744034,1.5713757038662342,4.2062009888586467e-11
1.6604126222477462,0.051644180405883325,0.19395999831062985,1.3666277747520086,0.8959688874458821,1.5652147861645822,7.58584142393514e-12
0.8871557972037785,0.20918263252708938,0.19656080736360193,0.2561185585849626,1.095537230488736,0.6682557935852802,2.4308590656483193e-11
0.7062604294057726,0.20420265265848733,0.19245502134345532,1.2013331321025142,1.197730017318091,1.1811456409098064,6.945009494957146e-11
0.641029688405552,0.2988816060650795,0.07302700499819906,1.4186534803046107,1.3398354078351766,1.0049949596377767,4.0545716052585384e-11
1.3591612192392255,0.08341317425075985,0.1304139707189628,1.2500323610195117,1.3654483251037717,1.7813064933371603,2.2014994145649834e-11
0.7381871700424184,0.2528691767338203,0.13941620909355684,0.32698249824930153,1.1819891600382468,0.48070459000131927,1.0780654300002608e-10
0.764492979098448,0.032677393058651076,0.09659542501488727,0.29267414830295124,0.8515357420679687,2.160406737705035,4.596260125455228e-12
0.8258914980810248,0.12629361746322623,0.07251511917752777,0.13715906137184403,1.222836740504527,0.20311228928927139,3.391740602463058e-11
1.5148597045820296,0.23724805880868532,0.014594740769073616,0.12085369665433882,0.9125332459952715,0.17713406978825938,7.812605315426296e-17
0.8538839933036435,0.21622144934285398,0.18301774016213423,1.3239048434910818,1.4836715315913742,0.9366599938284241,2.5638447058131164e-11
0.5245823887943138,0.15226529689876783,0.15762893608310957,1.1023927492885128,1.1247333911359212,1.1707294021351937,1.1622139276509798e-11
1.6072049553500034,0.2989048143162278,0.16451870098887555,1.2089676979921915,0.986108807982965,1.3168227461770183,2.3044338765692188e-10
0.6170991222313533,0.12916572287887615,0.08777642612340791,1.4857711316752935,1.3591309891836083,1.138373739676464,4.782156378283484e-11
1.9438181505885153,0.017931492551692303,0.0966641647793275,0.717948672103399,1.4906433124375251,2.193281179103882,3.1208209174668443e-10
1.577815625842788,0.2079128366558262,0.08484170838381885,1.4670872132554924,1.4436156203855832,1.5227282175686458,1.3325449850820378e-11
0.8539247229297733,0.08411147352663637,0.12042816429625681,1.3138172833271398,0.9869751909947615,1.7035845170026511,2.3915799751021084e-11
0.9344972927585298,0.22959175052352987,0.05218801997952946,0.876885482630616,1.4229909452556484,0.7921422635578248,1.6402414740975646e-11
0.6584584833967077,0.09180517296691505,0.11323302861501473,0.6546775522817507,1.2266782221544785,0.7611866413401397,3.1221471080354885e-12
1.3176076159842922,0.1064310406374106,0.07557176940926347,0.10602245338141947,0.9556792834693871,0.258160875363903,1.8556557551643892e-12
0.6852961504002626,0.05577274585859973,0.07608149415706353,0.9882173592397819,0.9203304577194393,1.8510351223363077,1.4525639103762925e-14
0.8258928996193124,0.05193832117752501,0.03833883418338939,0.9154927381070859,1.3015968407132075,1.0475216970690782,7.2810877754627e-12
1.2099901386137666,0.17734230937273357,0.15061403740508933,0.2811088885240889,0.8999753421614389,0.6673323595792638,9.432848011758194e-13
1.992426890678583,0.2581061382451723,0.11184370320989204,0.10678962124627141,0.9329688136462355,0.09476929168609702,2.9165410968008267e-12
1.0304300622251366,0.18383394581078602,0.08165099735502526,0.11231937088741575,1.157393433171821,0.34741459605766345,9.610875859107636e-12
0.81980268368582,0.2536452679022074,0.08633206608007722,0.8201609340537918,1.3920205618606833,0.7221833804514799,2.468842530955287e-10
0.601501219301821,0.05558600444853556,0.10233412969413763,0.7877423995249706,0.8625660791311213,1.7735368658270756,4.280717820860063e-10
1.5940785882467998,0.22852940706439426,0.16709262996915747,1.23941323468733,1.2572887630576193,1.5446754888484584,1.5982758106015412e-10
1.3945149884077566,0.2536284995160908,0.12975183757193468,1.1684114440757978,0.8302203158783372,1.2027580374281512,1.9604520134875997e-09
0.6684773873987218,0.027360285511182844,0.028823877674500537,0.8255452642090283,1.2606682749333082,0.895284356760008,1.2584698222114953e-12
0.9640110561994164,0.20580087728256752,0.038879984031800346,1.2693629857437685,1.4371354221896264,1.077932648923812,2.5841040385226207e-10
0.7542147224295326,0.18755466371769508,0.010886986985739177,0.3405068740463868,1.4257752303607807,0.2662848912979114,1.6237175688897748e-10
1.3471523396403844,0.25624732157440955,0.17435714032252042,0.8779199074706739,1.4092483091636856,1.1266084598642108,2.763750932997348e-10
1.279337892269677,0.2825126114524691,0.12483360273236144,0.3690209160830976,1.3131170188808867,0.7615789493812568,1.659895235346979e-11
1.2331496230642849,0.18553016350155907,0.17618733254351604,0.9044466656606671,1.3330564029906058,1.275655778235888,6.893107123858994e-11
0.9177587180912035,0.16509857210869616,0.12664295085097976,0.19248734960980735,1.177537964478891,0.3911735270463824,4.2962740999139225e-12
1.1813168637253106,0.28012542945278246,0.05922839403478591,0.31494975908415446,1.3281959163980612,0.5342783354014913,3.703751695151383e-12
1.433178268535705,0.25719682522725945,0.13661218753643123,0.11342751688846364,0.8972546195848496,0.17724142412205854,9.13475051149332e-12
1.4919748252826552,0.0835630460311674,0.1463681764080282,0.6533863226670202,0.8670358865551226,0.8703328073214409,4.873049402140752e-11
1.604590653756662,0.22707673738015727,0.19198837951352954,0.10313218839747651,1.1543974618442634,0.2939762475628642,2.5522980722973607e-12
1.4130841631607247,0.10870744328292975,0.025112004499734136,0.7202372255286731,1.3164705937302974,1.5895527202805548,5.329427268305065e-10
1.9321731234264823,0.20515807173722395,0.017252970836884034,0.5805693074906253,0.9504345828244717,1.6883230753963026,2.953842287496515e-10
0.7740550027229529,0.15024855031171097,0.13332454701543803,0.5940791043310024,1.3604837443272362,0.5436405491454888,1.2647239702346873e-10
0.6275131339757423,0.028940522504502735,0.15383472053050654,1.0137452372316316,1.1741605908644668,1.301483348604093,2.954362305078306e-12
1.0694882887937607,0.20092088561238944,0.065625745305827,0.5997590447547265,1.013515906686671,1.4101172417851258,3.367619172299048e-10
0.6619835560495239,0.13824598432479007,0.09413464008485373,0.66212692071136,0.9820800310527693,1.3057579648418414,5.613410809665128e-12
0.562909546612119,0.022623735873386962,0.05827303515830156,1.1296559663982098,0.9287647205110101,2.2845525723655875,4.598514097073758e-10
0.5529350692399426,0.27532348397126516,0.1488426784794074,0.9427646905433248,1.1921412766180277,0.9353346385159043,4.524617163902477e-11
0.7398409602331448,0.24657767114338383,0.16337792723038425,0.8849549142553543,1.4840235991020672,0.5954477645612596,8.860308724580376e-12
1.4735685819763584,0.15338366184539348,0.053742231077815,0.401980857161805,0.874752051784075,0.5663010751657107,1.8946775836456076e-11
0.5175133025421963,0.21380869604878838,0.1556166336286587,0.5013878837030937,1.29894894076434,0.42218381546103073,2.943879998778311e-12
1.8980482594535941,0.29449796315803695,0.10788301112875147,1.2153236479816572,0.8635830165904195,1.0222264716537,4.502963189529692e-10
1.2134625861274457,0.021103224879087182,0.07367638178806032,0.5066519584168737,1.2131104478790218,1.7892279680974768,3.359720950074911e-11
0.9739837671300204,0.16866236512042368,0.058034511488538616,0.33686303455215155,1.3369831858568562,0.4121306254785313,8.765534927859444e-11
0.836069869698652,0.10716275774326525,0.12479892034528929,1.1520426240097308,1.1861984892102924,1.4874570220690106,4.477073560523046e-10
1.8616736820690045,0.18090281034880448,0.07409685815801573,0.3865909907313566,1.0141203323399997,1.7875620728071848,1.7540606604453024e-12
0.5698035486315736,0.23837570313956646,0.17502537330786627,0.8184911649270048,1.0154804038568617,1.0606741324711872,1.7559251358264718e-09
1.0607715999873004,0.289300704334866,0.16852566642956548,0.46122062868210445,0.947680781123039,1.2536749837776575,1.6563607253469985e-10
0.9162974169007052,0.10915868568868489,0.08908598502507789,0.8909414509660418,1.1319056881465235,1.5340362600140742,3.13505371856239e-11
1.0015396081877919,0.23644400601534124,0.09305114096600668,0.4330470044201702,1.1607404940795896,1.0249612458771724,3.279260417853735e-10
1.236658100268815,0.10286768427911273,0.07759179103336247,1.3606348377801007,1.0863062032553863,1.8402433287002022,7.15055624611045e-11
0.9366406487482417,0.2118292639391585,0.08038953058350629,1.2741685606525954,0.8112672891153959,0.8624981738416652,6.255407442261997e-11
1.8149976680582953,0.19687264857703624,0.03259643772746636,0.5125990191816134,1.1294510497703298,1.719498119765844,4.551440672721087e-11
1.7665900771542111,0.21635207042504284,0.12119765590671637,1.4685395398740198,1.4664110864800095,1.573493853290699,2.938278426385556e-11
0.6131616245505669,0.08881129940157981,0.15174656145286966,1.3185887774095693,0.9146782131046015,1.2801820653371305,3.5657738072377466e-11
1.1075083047729584,0.06642049242156303,0.15905911108761975,0.33547075060564224,1.0411574509392063,1.7709830849596333,1.1935934449661935e-11
1.9772375907288515,0.1804552161125903,0.011106239436461328,0.3578646831247584,0.9105774600461307,1.828004266383172,3.469432821666006e-10
0.763380537266264,0.026668961489398187,0.13606930854556373,0.12786729920055545,1.2997158726741906,0.13565100747229508,3.988370363762824e-12
0.7994615086622725,0.11042559806521184,0.10052143506230324,0.7098274620190702,1.1715897915083455,1.1463376267115184,6.673555049693126e-12
1.379649672348665,0.20483129340149628,0.014913177960288166,0.7417151909885552,1.2247238229543604,1.4729275399503037,2.515813174290925e-10
0.5045635637309326,0.2357829269588291,0.1359887654588812,1.0847355273679846,1.3762880200954133,0.760833667532527,3.4682061878887815e-10
1.2626698168787187,0.07775041834233246,0.09339929417115841,0.31642756777158676,1.1334640411227321,1.7456261527787666,1.7392703097563184e-10
0.8826424363726734,0.02037518411676669,0.03531754335442712,1.2930605866897538,1.1432862149271774,2.4358989698201547,6.280422067578065e-10
1.5631529455630504,0.18122427091824023,0.15021869668530677,1.2392862258709825,0.9654113800378161,1.5688124662200822,1.8577087917823078e-11
1.0090412904051838,0.12209565421867154,0.1173481521970848,0.31154679993732065,1.1226913897385413,1.0421796637493566,2.973486590781004e-10
0.8567528652374019,0.24923850929477828,0.07397089081645297,0.9029788787015617,1.4245850819914034,0.7578884650260601,6.243933290149599e-12
1.5455929565365119,0.2092420166289628,0.1905377599847295,0.3552094343455301,1.0745124516569442,0.8129355740160574,9.258937835326231e-12
0.606010941180342,0.05033087265476353,0.043174254945951014,1.0565588909890178,0.8560083247112436,1.7985922495753084,1.6941621821138673e-11
1.2978212675992618,0.11961702576848658,0.08380791300001929,0.16144265041410014,1.2868002335362085,0.43168437539208737,1.7613817463724975e-10
0.7243450585593503,0.021695232749267226,0.12240795934234201,0.2761932272867408,0.8312416613436766,2.3128869998621155,1.088318364855174e-10
0.8337363186264871,0.10923684550335969,0.1771234732108261,0.28171356457526653,1.443429169304701,0.22084162908982044,1.7749377561474844e-11
1.3771668608285423,0.2582043942320226,0.13884018902696754,0.5990321619706424,1.3642005548261422,1.0422536667371372,2.1878220704850678e-11
1.6380396872919616,0.20722935851665072,0.048096757100104706,0.6433907544926692,0.9615279771859719,0.9058988344084833,5.1536567095060216e-12
0.681698601477323,0.032786803936553824,0.012858222776968502,0.8065960064383758,1.351787825292647,0.7038609408935285,1.062103868078588e-12
1.2494563247374773,0.12984018929193678,0.0798614542215512,0.37540169823034375,1.431568518876654,0.46449841923591556,9.199003079211734e-12
1.9004578343799232,0.21158664261766813,0.15283473439391232,1.1214897327680655,1.3612357408681341,1.663409067440167,2.2765456455423221e-10
1.319571225177958,0.25937155359891956,0.05167013317156399,1.1300440917405736,1.0016274382853692,1.3206718969245628,6.236043633192031e-11
1.5463193501681356,0.07457044221596408,0.19173841384261442,0.6861741369541466,1.4697272018628758,1.011209981602752,1.5598750545046855e-10
1.9944097978961297,0.0328527972532401,0.11753442540487506,0.9884110283298806,0.8663087798397574,0.7918778013582177,9.85084428127993e-11
0.7837079242375993,0.2888953679563709,0.19657026840723024,0.2485259363329824,0.9722981532822559,0.8791812153073733,2.337897609229069e-11
0.86627003121212,0.024029145931139823,0.09419738136672819,0.9413082941681574,1.232340942505425,1.4099640040987784,4.1460747179302975e-11
0.99696251564122,0.03592038728342934,0.17192634117190844,0.598739308435995,1.1109029999788285,1.7848568707781616,8.534372393921953e-12
1.9141749355626887,0.2489503356686788,0.021881980568411397,0.2082427205635769,1.4507991916122833,0.9673047014912073,6.930876787745716e-12
1.0206587805821428,0.21227152158836465,0.020199141448679594,1.4249684942770238,1.266817147288339,1.342227688188708,3.1181413919182915e-10
0.9239626521145013,0.2519907557759943,0.1908717694075857,0.8865323481299696,0.9440436694622288,1.2046759765298172,1.0053725709850068e-10
1.7005348314010174,0.08182059983533975,0.05823413906878057,1.350239944270114,1.351909036562616,2.1545316740910367,6.457082239906936e-10
1.0251189236358176,0.24580782458839376,0.17727161638601238,0.24147230753639123,1.4050054326070485,0.2461300055204433,1.0906638058684972e-11
1.0023699591421624,0.04739634404082818,0.07470657016481867,0.8736944649317281,1.3041564912740535,1.2263173577040856,1.18305975099485e-11
1.649944943994009,0.04829243542660379,0.18160667012362394,0.128524681726098,0.8437321046117745,0.13521894627287642,7.018058445304809e-12
1.8633306117038035,0.2974359195202987,0.08333240009378268,0.19675169887734606,1.033718904330175,0.24612206380038107,2.1586373415510567e-11
1.2173151055521245,0.23485959945451804,0.1355440261132403,0.4640935922381676,1.1586241436239302,1.2738235692773476,5.052593239670631e-10
1.0994791897107614,0.2664977345568821,0.16872098506224031,0.3393365582748956,1.4011953133851174,0.3788037200490695,1.0769493333613528e-11
0.9051759168273996,0.0574589900326457,0.07294322911018847,0.42077202150032333,1.1734987001675863,0.8745773115633578,5.298708213716082e-12
0.7079887778780777,0.2744735656596673,0.14537175615808692,0.7066214122185557,1.0804764400790765,1.0504780199819421,4.332473829298509e-11
1.4118480499461605,0.08058839587498348,0.10428263145592379,0.6622853111215233,1.4807480767632832,0.8306879859315327,4.270847892200425e-12
0.6989951661678717,0.13476656213189797,0.012555577629923837,1.2988484307464756,1.4998552678037889,0.8326889262708203,2.310482314503334e-13
1.7608081918021525,0.28748557886302584,0.023016477004980614,0.9743948916270982,0.8395285347298674,0.9096674563245323,5.369164374318541e-11
1.0786208148102843,0.07185545360112149,0.0293171710957265,0.5272076454866196,1.4765584912635534,0.4781883113296084,2.7842602493116663e-11
1.5410419874496126,0.056629267675429557,0.1262516970871836,0.6468177868483568,1.0277507113788604,1.3028897729540168,2.562047037765683e-12
1.7710247974705657,0.020813939324377452,0.04342092907004715,1.330752353434368,1.469477672479708,2.733119651695346,2.633859169847899e-10
0.8527006392168703,0.14179130396692055,0.021683265849461026,0.45211292831191574,1.035391079713598,1.308422006752061,5.206185550210679e-11
1.7363787848693362,0.14808575975548297,0.10963508365281094,0.35044781887601806,1.0663084472320161,0.5740927324726876,8.374166843037832e-13
1.360387627856849,0.07101612937203627,0.13809942900489164,0.5497091510931684,1.140570457686251,2.0348791943542808,2.0167389287568962e-10
0.9624822320260312,0.08166146014780326,0.10092841874350612,1.3669729902913572,0.9493360865491759,1.7532798431590224,3.0383488841775083e-11
0.8995519776958727,0.1941368768831663,0.16774354128979893,0.37572275843781233,1.3587998451230083,0.38576535702917364,3.069711308578851e-11
1.1012473092918678,0.032727547332405155,0.18837778801539656,0.3617955348573205,1.0082770666063503,1.816560665401386,1.4725585834917646e-12
1.8370735208544162,0.05776652201697434,0.04615898892553907,0.9256797732030861,0.8220507255388333,0.79636064803637,8.473309096171297e-11
0.7502544839136871,0.05343547735397838,0.12022757344044047,1.0317151529607091,1.1394630672442203,1.6195962156834733,5.596571771498587e-12
1.578788379158362,0.1723902176911781,0.14420864037322692,0.7401891842117816,1.4818881155740415,1.0877087321451233,3.5183370264749335e-11
1.6916094749858568,0.2364792111471716,0.05144353560160623,0.5429774401544526,1.4637308255344346,1.078060821399586,5.680851209465635e-12
0.630115828117905,0.1978625570285214,0.04228919073319444,0.6255107780949564,1.0795942236749299,1.017659237311804,3.555761144466788e-11
1.1472677171499162,0.1524524129244378,0.06015580619408533,1.496472466189274,1.1670094604368515,1.5633646627577533,3.0876600721046473e-11
0.5681235582620978,0.13111654270707923,0.052496547235071744,1.1428225826687166,1.2317384970630585,1.1188437601134849,2.9759834698823154e-10
0.8165035381632184,0.27999711505473013,0.01727037082818064,1.3203588855218718,1.0749512972543958,0.9843123146551258,1.014135063441033e-09
0.9504934187512073,0.05958708756056188,0.16762302744561888,0.11014921911675811,1.2450449678166875,0.17348432399241767,5.071255320461467e-13
1.2909341390312359,0.229096835118234,0.11079471893429067,0.9058127814736004,1.3202759214953563,1.304992417439533,1.9965708237940695e-11
0.9412784998788233,0.060133476420493506,0.15348847150403802,1.4043913682524307,1.0378894953904148,2.008293538829246,1.076499324058003e-09
0.8973381023835334,0.25847457858650363,0.05875307723265849,0.24588748249185507,1.1883483062307878,0.47257456233170697,4.272514290456791e-11
1.364661839860808,0.06431760443278631,0.16426322831370024,0.5616310250874504,0.8591276511928856,0.8749475035321931,2.521354528051956e-12
1.4602237118324206,0.12635536884883042,0.08417618923769966,0.2583647390101801,0.9689770444007848,0.48971882553615453,1.9183426019436672e-12
1.8655340221766856,0.2732108029988728,0.12655079345682127,0.1621797451221227,1.112402731719521,0.25196029141050524,1.7646794700017262e-14
1.2925294339586668,0.23354021318019721,0.15388563973427677,0.8429121650385325,1.353739159277716,1.2003671033261363,4.9699252981155206e-11
0.9693232362452262,0.20594560862204486,0.10240540785620107,1.4967116113457024,1.1642865578064843,1.3065646711954153,6.208290884722244e-10
1.0945109326294906,0.013246884859488465,0.09257016901287199,0.7307050767174901,1.3822370726162407,0.8845117924255759,1.0132040366841342e-12
0.9202777197667157,0.19167736819360956,0.16763423048087547,0.5278211736609739,1.4513931791135697,0.4357740787590935,1.1413610889836061e-11
0.7743880024984753,0.20520798557114042,0.013976006736242167,0.4934166417685255,1.3132615165499169,0.5185668656949163,3.6333161155626563e-12
1.0528136847383207,0.122454277263271,0.09003779114999581,0.1673204564104756,1.3613224476329213,0.2066406704424029,2.9428575891154734e-15
1.195873150472341,0.15166336242787876,0.10010799731009108,0.17687372259505174,1.0802023060486645,1.3476249163261154,6.746473904825169e-14
1.2185920702202298,0.04125551532521149,0.17036186602871134,0.14130534464701505,1.1918489143921136,0.49345091997977,5.526328387730887e-13
0.6670844450081879,0.028724901020029434,0.10710035449660481,0.5553477014061432,1.398729107133136,0.42783565288930037,9.06041105838953e-15
1.605143611033025,0.09260938347452306,0.11294000754732274,1.2729865869182777,0.864274870400302,1.4733771532226017,2.611934419109483e-11
1.8021022203731225,0.25419318294493737,0.06967039725541206,0.30076815127446777,1.4957193878605275,0.6682418480651363,3.2495263223547286e-12
1.0086291791066164,0.2054800982783949,0.1137301206091907,0.7483958134824374,1.1592928025582356,1.2870988573883413,1.798400222742578e-10
0.7208176472988173,0.10534631439770552,0.08158660096631953,0.7682831173835242,0.8064812100139869,1.4834059713774488,2.5726830656994566e-10
0.6719723173206607,0.14178809018785346,0.0286761598807787,0.8051022720381336,1.0948528330216092,1.2307818869118115,3.128865719988452e-11
0.8033344399927576,0.19943891807662942,0.05550999761910912,0.7530319261481754,1.1257401104984577,1.1853789631746583,3.419443456272222e-11
1.0868863591147377,0.27250721482321705,0.1572688772887319,0.4985033302270607,0.8450774532452365,1.27925063353546,2.439713195291282e-11
1.5428490368726513,0.1848671713845028,0.022516907893497213,0.3402134607178693,0.8252549153068647,1.6238168230357632,1.3092402932469576e-10
1.4364966917234732,0.14483430494015703,0.12138868558331432,1.0211319548897198,1.1778467476427776,1.7344601495839775,3.9375915463626744e-11
0.7871313779730266,0.16797408955318277,0.16344445512411568,1.1262087885461392,0.8791892745019687,1.1362451572355907,6.282532922546385e-10
0.8892362418678135,0.16158799159568257,0.07649011241992025,1.159838371725558,0.9168567039049965,1.2820004948119192,1.8000688756478434e-10
1.9725812428864,0.12628487961331014,0.1496485759849418,0.5433248044613335,1.1367640597712083,2.0548052098345635,4.8499044796884326e-12
1.578711451783994,0.035952931274147046,0.11472854791148841,0.3268136961162945,1.1866710774689675,1.5414379666447886,3.373266070447787e-12
1.3110379257997082,0.01705499793599502,0.09940471300995932,0.8877953240856302,0.8049819815671464,1.3295728816501473,2.9988856696588228e-12
1.6369548875183315,0.01804114920491594,0.021909222799641293,1.1001532616975866,0.8008414301634715,1.104575302568869,6.389370727362086e-13
0.8099708270735415,0.17716204175652628,0.08505991446169976,0.3113196878873803,1.3221864866615336,0.32944865492086145,4.245663415949206e-12
1.805557265022108,0.28205746317045727,0.09587023560724442,0.5714221143085552,1.0205346490204756,0.7443797984896701,2.7778950919511755e-11
0.5103576849684598,0.06643569153793383,0.016293721277405904,1.3175553891431162,0.9140885888481546,1.315932977174515,1.2086047738029268e-11
1.7393661366852493,0.07748800479784299,0.1959495403554973,1.2229407365549436,0.8158423409817716,2.1005036629253184,1.0942873469355622e-10
1.861626098086837,0.2678836445937559,0.11305893103149438,1.4920439783548254,1.0231393592327864,1.4087589881321965,6.909325209841614e-09
0.9704361077944494,0.27916973304969234,0.16434723140346347,0.8242926574755991,1.4736039343254779,0.6688794605578825,6.195008430019665e-13
1.9076428177192304,0.15336100577022663,0.15422562333381795,0.7495828283435314,1.0321522257295257,0.8761968766261012,6.153436254443352e-11
0.6590510493383646,0.12488582206093017,0.148196562871217,0.1996512807954797,1.2091943968137087,0.2426325495266275,1.1678264350189042e-13
1.1624388762149496,0.1481840491352278,0.1452750364456988,0.644815447514821,1.2037884403438357,1.3932275087181833,6.645849016559242e-10
1.2731583726441162,0.24356233099821703,0.12181037664799586,1.3467186076279811,0.8753301642631476,1.1314372490003715,3.717470380549101e-10
1.8479502405046335,0.08387886017382261,0.15292082281754102,0.8492084049403796,1.0138724128603673,2.285145105011344,1.6470786439782725e-12
0.5431353373536592,0.299437432934128,0.15520806775206206,0.8746654023763551,1.3958626577414641,0.6112244687389338,7.990179563978592e-10
1.1407596834574252,0.17330770131941364,0.08587805318403478,1.091847220989613,1.2344640767707542,1.4631538668499458,1.489532193216268e-11
1.1163341766657906,0.12818243707888205,0.17862409858500516,0.15499345076143617,1.4642382771091251,0.14616223504508036,1.6514900077615658e-12
1.9788004817365397,0.03127279249498546,0.15849840722085298,0.30870127548637105,0.8022895638837992,0.2301724267731889,3.832774456934126e-10
0.7021866701786239,0.17232925966852053,0.08429129564990141,0.46085438893300057,1.192529967768176,0.6316952062940655,5.019151945051831e-12
1.24609652755019,0.1061453504967894,0.12896317174350896,1.3117948918714974,1.1881655196441854,1.8225176046645442,4.949466086496803e-10
0.6051924894755144,0.044314875235047665,0.16873852406100529,0.6297687872724127,1.4376125667839297,0.42507378345233077,3.682714685717259e-11
1.1085593533397229,0.26352389329365683,0.14504068407224951,0.4784003969097408,1.1922892273153567,1.0765330366505435,1.333565418776018e-12
1.8600066594656095,0.27667952492577247,0.04653506824299932,0.4243576638422901,1.0317555536389589,0.5327022233052501,6.217295107127841e-13
0.5588297731754922,0.12360973686671044,0.17864017199568466,1.2669230458043856,1.1349888337124776,1.295060856128941,1.7312878103836245e-10
1.6129255154272721,0.14703965951495743,0.12634763253655049,0.38738847515293373,1.4608804954639374,0.698907653677686,2.910963640946692e-11
1.4819455892284925,0.12767473454219397,0.12611748479878584,0.437801588328004,1.385574518685067,0.9180116774401715,3.275422252994681e-11
0.9837414751736375,0.2798256261295945,0.121512881179098,1.2624526143866017,1.1156941580467885,1.1795357173305911,1.8228414565767834e-12
1.84529879676563,0.2833778136179019,0.06142248189697411,1.1617542156569243,0.9921208112153879,1.4204170145899473,1.4500469158872118e-10
1.1071339309299457,0.12886463425233297,0.018760310472681646,0.2047885423556935,1.3207138776342648,0.3211622952728843,4.319286169791765e-12
1.7126014035903816,0.29123930511784374,0.11088358435070973,0.864069662839674,0.9423727283405745,1.0599963312160823,2.1280463884829332e-12
0.6813687839236595,0.10838419030541838,0.03854459636114442,0.32475746696249175,0.9016831630011508,1.3436283382443142,4.526272119298366e-13
1.4685205689386933,0.09499416318745622,0.11411107129773528,0.3325937283433583,1.4004243855501755,0.6416984476525134,3.694394425269406e-12
1.510210000456998,0.28456282227040103,0.09163957697651805,1.1298720992636042,1.4880999428613,1.2313007070364177,2.388232233436457e-10
1.727926128451121,0.16035372349109958,0.13061884111609567,1.4805378532984488,0.934511861620411,1.6155214915967233,4.554742442732869e-10
1.8837395783129844,0.13836137663244816,0.13156339375956266,1.1024407636219689,1.3792859500074501,1.8744226324789104,9.89574809459174e-10
1.0584916904475634,0.03129212938361732,0.10160962920538995,1.3186781472793707,1.431403926277694,1.3113218769376183,9.119922230139696e-12
0.5889762014351616,0.17986360827236772,0.10344384616436497,0.11053160290016627,0.8308400808779184,0.7814470145780995,3.482381135476229e-12
1.3036662167716093,0.149229219045029,0.14493017994059398,1.2091457836433812,1.4244785043118107,1.381853266295149,7.24785696227236e-11
1.5963247428693337,0.06498870506130251,0.0354002145313322,1.0223392830566553,1.4845971420684638,1.578239454374191,4.0942974392679525e-12
0.5349782495619169,0.23022547458359444,0.028902072255369053,0.10480278501787428,1.3322640576777633,0.08448110587846282,4.8238388550627875e-12
1.5941896155596023,0.09450516349771577,0.0174519835956944,1.422496923398055,0.8166317533314746,1.4962037532150254,7.466676723931685e-12
0.5218800498221265,0.256661586976251,0.10355809402724736,0.4875481855207995,1.0750416577814037,0.7343647556842278,1.0101376569005555e-10
1.0031483445653828,0.07049900243800362,0.1535975424155141,0.9255154315927483,1.234470824815178,1.5152116884013596,4.034620591983666e-10
1.913931546424483,0.10866309873489005,0.065877355270662,1.3178034474052214,0.9322952789861874,1.2563499846849355,1.4808984845762185e-11
0.5120482938547556,0.2390700752069013,0.1180329598697161,1.2952159238134209,1.3616321359331618,0.90618982948407,4.2593320741827483e-10
0.710453036823694,0.026309302718378585,0.13328418979559928,0.5855849914676107,1.1471164383124202,0.9368613602769835,1.4245309894373805e-13
1.300356005193366,0.08209967398929943,0.05026044153943343,1.109142675053682,1.4983654146445171,1.1558218637376358,9.051831065150042e-11
0.7384269008801527,0.12971396276925382,0.04427945494238199,1.3448329876297336,1.004449821854181,1.3146195032563701,2.6800570795405923e-11
1.5548370271502796,0.0864380132887952,0.14238076677579556,0.578297455462018,1.0532564427922466,2.144298999410109,1.1944928131260303e-09
0.6292509589611923,0.19507293282057625,0.02364462755525815,0.15354392155538482,1.349991495801253,0.12863360759738465,7.273351394487009e-10
1.4982581492903688,0.12300095036605385,0.09720165441053277,0.1060902660234568,0.9121651657725709,0.15785200540027636,6.6676565256316754e-15
1.1641326704510182,0.21486497338044694,0.1963718214969232,1.1088797102525678,1.1013143777287828,1.4115567838044107,8.367656847264451e-11
1.74930718530002,0.2209274255692254,0.13368027233226817,1.0068543502333347,0.8315860710689712,1.4522318044560711,4.0538039385976007e-10
1.4175583541069323,0.13769132316900837,0.05146302833892746,0.26085759774821876,1.3779849210130897,0.5359053973989026,3.983754429432784e-12
1.835477167707823,0.04013916260003326,0.07467420689193677,0.36445294581761867,0.8478613314393426,0.32586920580721024,3.535426891106591e-15
1.9392699594339482,0.0882395072546842,0.15554362824955298,0.48991534634619427,1.287743196426761,1.5925284570007772,1.6454635828899568e-10
0.9811575392689473,0.14966504758302207,0.0462172144544902,1.3485787279373376,1.3619351147412444,1.324041340264845,5.2362937503676294e-11
1.770239039251813,0.2869139277076953,0.16323328361386027,1.076987588526635,1.0942517226943744,1.4658827001844847,4.387797316570945e-11
0.780935787665183,0.016739006018676096,0.13560925474449678,1.1501883614449964,1.4172486672632918,0.9254536195002411,9.096200964106264e-13
0.7935299964297378,0.08816416784482405,0.17303734075970928,0.6849543017200727,1.0720048305996115,1.4267577305348937,2.958974797539436e-10
0.5864891921793514,0.22058611562164512,0.0575216183363014,0.7562000479359587,0.9275492833211217,1.0901804136750697,1.2426542085722807e-10
0.6898571947393607,0.1089841106026763,0.15587057419480818,1.1603474778276635,1.3175634222269659,1.062692995976632,2.458891451796411e-10
1.6612168739585487,0.12693499010169948,0.09102892793831588,1.3014300645410557,1.3486685888144943,1.8594999171065734,1.1452337786135634e-11
1.0532426182879424,0.14614884774567083,0.1792648651623172,0.24082279626191816,1.2117089461421084,0.5138015880906017,4.195525509690244e-11
1.2465466421242966,0.15037385166237693,0.07226225229261843,0.26781071873553636,1.3990236986609144,0.3730369433509766,3.7323782771131063e-13
1.7421180500583668,0.0821290312989462,0.11560441255056911,0.7756963737720656,1.368343287633016,1.9777046578597828,8.528007280353718e-11
1.997009581845232,0.12339934452701413,0.05004053971500227,0.6305902412704509,1.4910056982054383,1.6596950755772073,2.22221313569326e-10
0.5967748986252512,0.2393529981781785,0.08118843901745543,0.9117350963389881,1.126864494062258,1.0471145369463415,2.3319781392232327e-10
0.7188453008582367,0.24601408368836947,0.07791137619964039,1.0654341267776823,1.2099422740467598,1.099615841755503,2.6120383133471645e-11
1.204565144702557,0.24068230894539466,0.03460945032080836,0.28858640137166325,1.2511545114740765,0.774499563466692,6.393540028805836e-13
0.9693002886904833,0.16584056276805473,0.18691107694163042,1.2008136390187694,1.2383348777215373,1.384160436309383,3.218909390869998e-11
1.34658189715906,0.09011120061955254,0.11736263743864753,0.7014125416449848,1.2456822604921003,1.7428078880958768,1.2204501396667888e-10
1.8581026650159407,0.07273431170291858,0.09525419506199323,1.0339064562454636,0.9346810371518514,1.0459008045112739,2.0486288143754032e-10
0.5763639984793734,0.08283424465926051,0.17740782775538716,0.27042028154796066,0.9958975660867331,0.5983560891458689,2.181603393240841e-12
1.6113534629242583,0.0936445123587881,0.04116470253629881,0.42180535583458956,1.495444825377933,0.6711590096539468,1.8841661351951346e-11
1.8684428940597395,0.19432921513359236,0.172872783411279,0.7037410392833611,1.3247522011322275,1.6550177541105546,4.3979883868525765e-10
1.5416823957500831,0.07262806008512773,0.14863791666732273,0.3143593868531035,0.9174521179472144,0.4408243144797002,5.0046030632964484e-14
1.6735356823321084,0.21568785319155787,0.19083348120935545,0.35712093280321255,1.1152385482506497,0.7488006446747657,1.7332424126179158e-11
1.3536208963496053,0.10302960944955614,0.11047868150903026,0.23580893446398987,1.4919050760378119,0.26567019621016236,1.0713255555027105e-12
1.8653896713392928,0.19702264736580474,0.12484362680950963,0.5420178098169853,1.076010266625377,0.7543190259152892,3.460619791115756e-11
1.015799398110258,0.03787801067279816,0.16299700837085343,1.107376792958661,1.2305707105660344,1.867513631628193,1.3233899723499512e-10
0.8297942662982463,0.275923764571201,0.15486826615924607,1.4702164306533752,1.4195155441489566,1.065329738955853,1.4100575090115517e-10
1.0059518322015406,0.04211566071632936,0.17410260046902773,0.19587994063305506,1.4363339414044018,0.18032191964969344,3.5180521066308986e-15
0.7315707130304127,0.2835105204822947,0.18396799216197426,0.5374069455729447,1.276957572156938,0.575915391004348,9.788479650339432e-11
1.2692522355837614,0.09332084939335847,0.15932242396808352,0.962777659154146,1.2359154430536967,1.7803572075414247,1.4714065920685277e-10
1.9564400707411775,0.020387375690255435,0.0483251405310907,0.3352976139271159,1.084567644235725,0.4288180578446034,7.354597208544137e-11
0.638959635482073,0.25336067133117773,0.16792324164228328,1.0707077895427561,1.4715596320919244,0.6874263756134356,3.701790645800552e-10
0.6296309101098214,0.19673235946811451,0.19884836304151104,0.9685140071674307,1.411210681082769,0.6930246664697296,5.064289703263284e-12
0.5115151255360713,0.012979360913873025,0.10946895810610964,0.15339163216602733,1.1439431493043561,0.19010755201267235,1.9972570639528562e-16
1.8722790089970966,0.20761409914308585,0.03205561703881319,0.303299581949832,0.8773108643746171,0.2749850382884646,8.792118825593121e-11
1.1491988997677622,0.1872794870104238,0.030265001457308045,0.5759526844809529,1.2468313809505869,1.1808015672629752,3.040887972990242e-11
1.9239531362159847,0.011769353932842792,0.14892564165438227,0.4945220256784765,1.4877807889607821,1.3552593229183694,1.8019051521955135e-13
1.5435505535988774,0.19079020263718677,0.12570239748480003,0.953769593608604,1.232687852166578,1.6114485152819282,1.0227223153248705e-10
1.836353691146955,0.03730249805708437,0.035249498301291364,1.460686187181325,1.3048121075109134,2.93151518870856,6.195125352032634e-10
1.9371925613186114,0.2685932328673566,0.11266896426933405,0.8470128972330676,1.0020856241152052,1.5319484109634416,1.7901857949814776e-10
0.8708602740784328,0.04664862502375497,0.03378695650966576,0.8693279510950351,0.8168197718693206,2.1238258478710774,6.148996980622778e-10
0.8554278542416653,0.044534065554326624,0.18136315085978044,0.7302780100956808,0.9601747742772231,2.086206928755055,5.179313743898446e-11
0.5194942359662789,0.06041112889174459,0.07468195132719911,1.255821868184155,1.0324132468777654,1.6144659224524027,4.5316282520465167e-11
1.885541255741821,0.015270121935552688,0.1283181243897458,0.8809760428056493,0.8720873882690585,0.7792319110973582,1.0408940802665617e-10
1.8564067883088609,0.10092644018920846,0.07405022629473222,0.3734383116811164,0.8579234511492415,0.33277987876294496,6.181544996218524e-13
1.1835909051600604,0.11007405386832393,0.17959255576489294,1.0366537677263525,1.2800918203959541,1.568106384394885,3.824602592264766e-11
0.7130102760019889,0.08514606837796165,0.035981484687432515,0.28790821594332594,1.3148834214783958,0.28309156215223763,4.139645526555566e-12
0.7810277379012586,0.07063651674762475,0.08159142819736559,0.7433835650188396,1.3781762814007577,0.6610692964990474,4.62553926771592e-11
1.605261352708475,0.11876630211669635,0.1891797588397256,0.2808718870673146,1.3686367617091695,0.7518758089169835,3.23485540671769e-13
0.5702535455594137,0.28354103674418424,0.17589325800952757,0.5721262183016914,1.0091099607586969,0.9456811410144266,1.0277955989778539e-11
1.9256643538216893,0.2939372544547252,0.18479422351033292,1.0433688166921067,1.4249742616619485,1.4658899728207109,9.071426640240235e-11
0.770593320254638,0.03324477239060403,0.10240931207084585,0.5056324926560595,1.3926438087856114,0.4293968303066828,1.4934340340449412e-12
1.9753807969056085,0.21790671942897136,0.14909090375558992,1.1435086932581615,0.9555325542986532,1.0658158980080286,7.863270068841729e-10
1.6072417334623017,0.14245116368812774,0.01934473637175483,0.30884020635536324,1.0100071716649122,0.5258400439388546,7.2678773814169e-11
1.4016552279826247,0.19569080356026827,0.12268750132411466,0.4105767346279552,1.009650609040261,1.0996937148024515,1.8522042062247718e-13
1.5303569742924066,0.17252026340294283,0.046954059008520004,0.5189314609817639,1.3855155547334295,1.1767284841667425,1.4707367259693914e-11
1.4017316369591013,0.23424571142308076,0.04068185383584284,0.8096308117444898,1.466954274650962,1.0189049135574908,1.3283147546279564e-11
1.697628865862205,0.20471240934519253,0.07371252115587068,1.484077500080334,1.400412662840464,1.6131740936110257,1.5611678592111649e-09
0.7685255830437252,0.0992048494670848,0.09219998457319614,1.4064635130929455,0.9633176208367122,1.4415187569230636,7.737800978503885e-10
0.5412460860071309,0.2389213396408043,0.19787434917395882,1.0624512800071013,1.199334417232865,0.9928236717270232,6.09234226652236e-11
0.686047637466598,0.2809160576975694,0.13952739141070072,0.9765990882328902,0.9564788385862212,0.9532803606702013,1.9004021881085888e-12
0.8487073308549249,0.18809028275574133,0.17392421241509556,1.1086613213575514,1.1551928790936559,1.3053651771653043,1.9183293290338877e-10
0.5697796955072645,0.241016753791584,0.14380680586049116,0.7886343846085981,1.0149822072715304,1.0557687170229084,1.5838415083192465e-10
1.5027548132932145,0.06484246324096277,0.035216437864220664,0.5571702502342362,1.4275452619718905,1.030861003180334,1.3836759186033993e-11
0.6472064842582468,0.14404658640038923,0.19294377736241336,1.3138428464626168,1.3213208917268036,1.101728988198102,1.3869946052629786e-11
0.7773838839614102,0.2933568286558805,0.08400056955073623,0.35807827582860396,1.164833297163865,0.6040773661803294,2.9905100443696364e-11
1.91373497798343,0.11542319650881229,0.11912870910127393,1.2233106777013685,1.4159973554512728,1.9815371392779464,1.1959001414195967e-10
1.6090700314125903,0.13746139893856005,0.11205992325374482,1.3080584619969102,1.416906447347782,1.7137056846927405,1.6693537007062799e-10
1.394405043290607,0.09795774777058275,0.19877022698018337,0.9937107743243951,0.9104718254193869,1.9310290317465886,5.678537138156337e-10
0.8969229119940021,0.11085717491647444,0.11131287202794483,0.9951590277553016,1.0646810805996032,1.6009173841687678,7.1324029062724295e-09
1.7057109969104411,0.11294271061038978,0.036104246587490306,1.0811001393264477,1.0698930859658682,2.0026084799833646,2.899056592329109e-09
1.2993361793325167,0.1761855051017599,0.16963588035841254,1.2446568054990381,1.388096803106535,1.4153018462486697,4.439750121892264e-10
0.7804536809615221,0.012016486582212493,0.14110004261587655,0.31061938259653077,1.3484229335147533,0.2944015322758508,7.216997759977566e-13
0.5839337546864924,0.15420577961004636,0.11950767006254323,0.31710447825605725,1.2019073477964746,0.36338317951507887,6.562798214553321e-12
0.7172796450304515,0.03872904148947374,0.19744042720460483,1.2530855702319275,1.4112959133181637,0.9593217675366872,2.671360564984011e-11
1.0924812946777063,0.17493406026943822,0.042469182052846124,0.45419073867785886,1.36465524772489,0.5875119904500479,3.840460708972942e-11
1.1373777853019016,0.0987562279936146,0.043950576891744746,1.2074472520336623,1.204466566534455,1.771246074288523,4.71209355666508e-11
1.0671542942861245,0.12301138846320347,0.19394249339683164,1.1519047735873043,0.89412683988551,1.5646652403155306,8.143912555930823e-10
1.914663934474469,0.2297860817892893,0.17579424496964988,1.3487626126940577,0.9186573607549611,1.4687954347053733,2.6532704434979667e-10
0.6201099549884539,0.18944639243928738,0.02291053447438812,1.2956608318763467,1.1625253407768428,1.1708351996121606,3.863523674220209e-12
0.8465176489371424,0.05703234764288828,0.13557388597865602,1.4848290829185333,1.0536133208480223,1.9660688719938504,1.2846404573226302e-10
0.9417689925226065,0.10705595965405154,0.043483529188161174,0.8139854027742031,0.9463933834642929,1.6690119801229484,7.63558945190388e-12
1.4542567113235132,0.15096874308849575,0.09987396430642001,0.5425965515240262,1.1135144485620985,1.7116604248286988,1.705751970017809e-10
1.3808231745558213,0.27941565270349844,0.18068575605515483,1.289136189347459,1.4803668066617806,1.2197600348891533,3.928944097299924e-10
1.5227906907851256,0.015821273136905796,0.17578893293642825,0.6545322078306947,1.399798274108865,1.3042827108178872,1.143851841663463e-12
1.2038339921614702,0.0742515521222692,0.058006140930696164,0.6269996108267596,1.2260367386724917,1.6246498023005633,6.127771359413743e-11
1.9037458099248041,0.2394937763955784,0.12147225703412594,0.17117769931789134,0.8044277576936797,0.13580837673264448,3.553100827372464e-11
0.5447960199232194,0.044828716457636954,0.10737068550293351,1.1459550562084087,0.8754542499368407,1.8011409428974918,2.1285118594744812e-10
0.8478656058971645,0.017612448797367265,0.19244609355206943,0.34180596460015644,1.1852479492418615,0.567919567131897,2.2096773551896286e-11
1.8769063763120089,0.012316695984613359,0.15347652044248603,0.19459243988332695,1.465193219691661,0.5539323312262708,1.3977617576805898e-13
0.9121961428305756,0.27990795333470536,0.18162658355546663,0.46661575186727133,1.4430182840041281,0.3890441168871673,2.532408180691764e-13
0.71604281324118,0.06418717104774072,0.030771190295495895,0.7770886330572168,1.214688189938253,1.0137480850057539,2.3704523564910034e-12
0.8046277664136336,0.07607194725296498,0.15598698462798816,0.8814175832009716,1.0664758050703593,1.648697975855253,1.0431740022194477e-11
1.210377633506956,0.175027547373991,0.05558659732384228,0.3149970214120712,1.2936982810645161,0.6689934300331601,5.3556835048789835e-11
0.9046804107934422,0.13070230308319478,0.06698136286047043,0.8158377206821056,1.2392641259825257,1.1838859617225346,2.587713088039205e-11
1.655270802227688,0.2006840876435443,0.029254162862595363,0.8884644526194639,1.2531611266438998,1.6242029511080864,2.1412000826795062e-10
0.6299281685724452,0.060536059537481486,0.05424693136113318,0.4321622572692323,0.972810124651311,1.260077316104205,2.0189369827027996e-10
1.3579391947404358,0.2765488037091854,0.1024111744175652,0.12985938854649626,0.9144828430619116,0.24501993903332933,7.477583438821135e-15
0.7892630614443789,0.12021185009954576,0.06844158861457435,0.868636620750446,1.1603681913595403,1.3077596449332716,4.188659294439828e-11
1.2550268593127636,0.24261850464084983,0.129046791984117,1.0131868520587366,1.197881637613443,1.3857025801253886,1.9448343238490796e-11
0.8360954606734592,0.11298664233780843,0.14018717224710828,0.5737674142741602,1.166864225310768,1.0142679903498233,2.1601092738533474e-11
1.0170278525737204,0.08215395593151492,0.03833574762451032,0.41408974939210474,1.0737427616314572,1.618000835668284,1.7479309789353613e-11
1.738314620903818,0.062056838137298405,0.1337438525829048,0.701745338106443,1.0242603209060572,0.9999342022925392,1.0124954046444776e-11
0.5052773385234972,0.29077876164035,0.0698319244070665,1.0089277232604523,1.4854647569979411,0.5893072823156623,1.242524246797125e-11
1.6226250970921274,0.20240323329770224,0.1711488832725,1.2113172894982616,1.4290205903376756,1.5071120110110516,1.083381141386002e-09
1.7917243941573215,0.07372225768712509,0.16834937251333904,1.0425777421228462,1.2711207318362274,2.307267328756089,8.751501562158788e-10
0.9983393522750986,0.07787444529017881,0.09917559280369827,0.33350763136905837,0.8395575607900536,1.9177965048284253,7.493366331646159e-11
0.6849073072764505,0.0231434972937154,0.14989732550788507,0.2567389726970303,1.494873047979157,0.16396098170150392,1.6623245654260824e-13
1.3222692900010546,0.06693024687624707,0.11799804245972158,1.1019974013646348,1.400227658856977,1.562278129297408,4.6131243778155965e-10
1.7183750179437762,0.06206944176945223,0.03046009400003706,0.4814929740106091,1.2663597285694013,2.2843633485733323,9.278726300880686e-12
0.7548904854119192,0.2107797163766137,0.031129406854434903,0.9252869394433336,1.3579787739289917,0.8331934816652348,1.897932417852099e-10
0.8142869108569208,0.2843470688204291,0.05518805183307902,1.1662926744904532,1.1972371328967784,1.1275111018113668,2.555107750902272e-10
1.2138420446831482,0.21595016941498568,0.02164486743171301,0.2992051935067624,0.8375939078265365,1.4543841067520478,1.9906795078878073e-11
1.776459200026081,0.10444057231788474,0.03282645774969524,0.3851414883902774,1.0428260783306529,2.118979188061905,1.769327213537148e-11
1.835637439885175,0.2401397958534751,0.17743891703721626,0.2575030969705394,1.1298220798409657,0.4335918617203749,6.123072127476345e-12
1.3359647348681634,0.29991718748223256,0.11097931410470604,1.2009828944449379,1.3454777138198968,1.2905860332856565,1.3004879597654693e-10
0.5889012050699529,0.24719387382548774,0.07950411848889098,1.2997253725717142,1.3305587261728973,0.9868880132792489,8.749016686487394e-12
0.7877047035542214,0.015770566745949836,0.05515200142557293,0.8261248926045962,1.3931443701954165,0.7147980096323835,1.67518444386724e-11
1.8153630649583214,0.22485974660375166,0.14447753588927062,1.0480901174933235,1.4568942747321694,1.5023563238206006,1.0112847770442356e-11
1.959466161625721,0.15708090221873036,0.17087753753704757,0.6467487351921044,1.0145228833806499,1.8924119138818778,5.100831499481286e-10
1.16907268606141,0.28855713068947875,0.02731608284603821,0.9179316569592146,1.0499569677071139,1.2759201910922586,7.367450559879357e-10
1.8653363755833172,0.2604106709118509,0.06679401286131305,0.7819050226495136,1.489429378048453,1.3481678225216953,7.418497202372708e-11
0.8431070127771487,0.18063780377925698,0.1790573922613635,0.4057123934639688,1.3643548566073962,0.387360454398125,7.35768361761996e-12
1.6926597448396365,0.07900192382476666,0.1543368625197266,0.3944636192998169,1.193514106039606,1.2417698044130914,1.5061855869602989e-10
1.3194754456218556,0.09074809092634338,0.09957218189375373,1.1777223370001246,1.3732396055965106,1.654493989186566,3.9242606503730404e-11
0.5803104790013951,0.12916284151903823,0.018454147185247453,0.7287473969278045,1.2943692149169541,0.6637747711405876,3.2400544500702305e-10
1.8182091828332791,0.19029356074157977,0.1642637757399939,1.0288614594317789,1.020894035381598,1.4232808464111064,4.6336983726408367e-11
0.8295992104753636,0.043392099463166744,0.17555861571685843,0.494158979846664,1.2751442970900242,0.597274786273393,2.4940474647464097e-12
1.1264327182571092,0.039847854063927574,0.14037559880937525,1.2906870061099094,1.3377360650392176,1.7682140544911504,2.439874021024339e-10
1.3100110462054617,0.08243374033594204,0.16052686603165708,0.4502442497464665,0.9637288814687239,2.0542339414863573,2.538688181048701e-11
1.4772365532683527,0.2680511792504756,0.013579191585244902,0.9623146487633023,1.2670213772694496,1.409807872490474,6.675003092982662e-11
1.8141775893212555,0.29546885392370736,0.12023886870201612,0.4541032705014576,1.026066041902394,1.5018954777205822,7.712260600943474e-13
1.857152561941972,0.055107865280070334,0.1193005747422159,1.1048290392951947,1.4223383433970114,2.3423436742692845,5.381086894861724e-10
0.9714322886610793,0.12315823804346487,0.0276890820711529,1.3885224851033822,1.1435909150804768,1.5921106529184879,1.526680831140402e-11
0.860992289513765,0.116329113341233,0.14255255179214593,0.7981621509345618,1.4206656104048592,0.6784754494691426,2.327351034601564e-10
1.5753905012903195,0.07840207736436507,0.08750663348769289,0.6717886595991533,1.4202637411646946,1.390003762182404,1.9438310300161158e-11
1.2800379799552386,0.2897136572915592,0.16496582252277645,0.5725826557406262,1.231078840152806,1.1922195621462395,4.476012139516241e-11
1.9183248584808168,0.08529808844676136,0.15729182010520074,0.6945769209457223,1.1760713194388779,1.2438312991467269,1.0466450936264383e-11
1.1209942481480426,0.07221627557676419,0.017797054456107093,1.1032272605150686,1.2733546915565497,1.7351761096857237,1.3663207232345384e-10
1.37729096452277,0.2888985439271962,0.18531210742446633,0.38864957574465697,1.4016889378515214,0.6027960170593752,1.9786493271927385e-11
1.7899883547791933,0.038391117585454104,0.07153337341407116,0.17261557175709333,0.8065968968333014,0.15130437985876127,8.919844888855355e-18
1.369563550666589,0.19600654769568823,0.13708123836683994,1.0035032903921766,1.372307983981334,1.3650979835588863,1.2810010344032162e-10
0.5592823282662482,0.011860272523146044,0.05886000493386849,1.1452301683533606,1.0742664840453986,1.8797428313745708,8.817829210306988e-11
1.2978179539654822,0.13427975197049632,0.023837297182994346,1.3349475912208686,1.4032016590353047,1.5301091480048987,1.78787078283799e-10
1.668062722829019,0.20933211217928954,0.013981632817825353,0.5905201814966757,1.305848942916342,1.5193176733205764,5.418157534520234e-13
0.8825832374317548,0.04561706267250514,0.18046270543985535,1.4714786450321078,1.1564966602435642,2.051774734970866,5.003039576700472e-11
0.6668280201752907,0.20994370020597583,0.07321655911044953,0.1630599425735852,1.252045314411598,0.18008834124577205,1.427161764335356e-10
0.9507484039623781,0.17667174624165743,0.10519633721801047,1.290249050716934,1.4499918805404426,1.0645312236828999,4.06060591657415e-11
0.5735476300569076,0.25253912547878976,0.12871987827257383,0.4375835050435404,0.8788804790238834,1.0372966899021143,1.4703452845288983e-11
1.7326648989946445,0.0464121735647008,0.1804009325469319,0.8876933996878835,1.4063346991181367,2.091435820774892,7.106522122599175e-12
0.6191276901540284,0.23082245886633831,0.10723218231084525,0.9684513631112897,1.0107418002248298,1.0765785871781923,2.589612400764576e-12
1.9793755911921391,0.23514287038681644,0.176771412682061,0.575141867193981,1.1069248683578328,1.673076577873537,2.7010682336198308e-12
1.240348677623227,0.11515141025877444,0.19154451269095935,0.24972535045751384,0.9426426292444854,0.632124848277386,1.1509111416050426e-12
1.5028116076846607,0.13437365149591277,0.184561606533519,1.196852067229662,1.4768139059333856,1.4396881664212116,1.1932558700636325e-10
1.5996584978341364,0.2087113205884283,0.09418949650887343,0.4865578203153693,0.8661529046192172,1.5758567435138746,5.600771160985281e-11
0.5911761786621228,0.280343368818966,0.1774182785704279,0.6495350584898952,1.4287961256478283,0.44087740707768114,4.650859098764772e-13
1.2227275919549638,0.0884079903845767,0.11935292153011685,1.0749534337098134,1.4077652569692807,1.326238459817124,2.171437929422917e-11
0.7834567902321237,0.290379729595869,0.03997068335683181,1.4927242241389795,1.4993775663383806,0.9548620950236495,1.0984957136417595e-10
1.9294025038061056,0.29833556975496983,0.17766457345665057,1.3159180020832666,1.371554396543853,1.5057919224460752,2.0517843945253257e-09
1.1471824994848703,0.1757125262449249,0.1441193889197105,1.3151383003821278,1.3146892327524626,1.4357954149021457,2.8556009685714805e-12
1.8052265233628035,0.05583247302796189,0.10617673231121949,1.1804118171277305,1.4391669081514347,2.2623140790075973,8.419630102809023e-11
1.8151344581848659,0.119723044829956,0.05864548012265826,1.4520655454450662,0.9126444431343927,1.828666864701832,6.545792778702513e-11
1.3163951584354974,0.2647039186668458,0.13973853825893542,0.7471511928881291,0.8025237335815747,1.1265124022011017,1.5682407613483314e-11
1.5124659469732995,0.23046937045268975,0.035945939404793015,1.0194416498295278,1.3610663229908044,1.4335108259482607,7.535980724943888e-11
0.9831358473144525,0.03934942057384937,0.16473833509432922,0.954752729171122,1.239825558716922,1.5621703722444502,1.9177761880300822e-11
1.0162065143136279,0.23796440239609004,0.130232643389116,0.35243492779086083,0.9666021425389528,1.2905265067363632,4.419058716118166e-11
0.8106583752122161,0.045385528408218176,0.09757125471835867,1.2533881896135783,1.4932764862342287,0.8778077944450164,3.103251687529673e-11
1.7191145382226503,0.2544629453498097,0.1664916392400049,1.2064398730943349,1.3805840000156513,1.4973751604928434,1.0555128779633479e-10
0.5168404560924172,0.07564938862217861,0.018652568648689083,0.901316149047877,1.0683723717708185,1.3080504868089036,8.085898766178015e-11
1.1637596278214861,0.021590485055320845,0.09940903104546568,0.5094994511215123,0.8358080874314864,1.0787751299403856,3.174851604423348e-11
1.7529108145237902,0.1439912188958059,0.1638194826542718,0.253914098101766,0.9068288644302909,0.2694462276656346,1.9625587655005265e-11
1.9773777018216472,0.07631060795567278,0.1082971885420394,0.8051160501655815,1.0024582127064914,0.8229267942199907,3.4292005645290555e-11
1.4461667283069373,0.19288961510462246,0.04761519298665466,0.34445738535517934,0.9113738294001661,0.5584391054299912,3.348014621787081e-11
0.5055132678226553,0.06006828095971743,0.07517788165128429,0.6348582819687092,0.9427953912673653,1.4080480015978172,3.5112625578264946e-12
1.395083249839416,0.2833118548693997,0.111279604036787,1.362321407388923,0.8302174713169402,1.0479439035017268,8.616870048052231e-10
1.6868272046959658,0.18813552811612955,0.07908140609398523,0.10706386390519003,1.3523997890508141,0.5996576795413929,1.570477289583906e-11
0.8733384957341676,0.06803133526539193,0.03416881658898421,0.7015171386224797,1.1796032313671614,1.2910633164922476,1.3721700794714757e-12
0.6812222152782053,0.26086014157872583,0.11459103494524353,0.9616005288017371,1.430388676576193,0.6936736812571741,1.971659835456589e-11
0.921682861208805,0.21926527876694155,0.019835713401874247,1.3024510468977786,0.906136919761112,0.9751621579919943,1.3674466568401184e-10
1.9580591604051645,0.08059446623575002,0.12221533178844739,0.9963831696381644,1.4457781876071865,2.1166850197081435,5.6316252369616875e-11
1.9116535731485937,0.2691347430182415,0.07956665249490781,1.2677953725786573,1.3671013514568369,1.552653989806716,1.2205226222920066e-09
1.6304221761605213,0.15140335949411082,0.18533208235611986,0.6237997317399888,0.8345291897191318,1.7436319583763167,1.4593383294447898e-10
1.9102841330344882,0.19134866975038625,0.09776650720992355,0.9141200400523862,1.0796967883309674,1.7436049235644624,3.320925449505854e-12
1.6520678406038023,0.1705511870676316,0.11985438657881767,1.2980539008282819,1.1201696537375823,1.7101493043477785,1.3801279531286401e-11
1.9549816044795707,0.05391046696427055,0.05154676086985589,1.3780020843550596,0.8557415706339248,1.1238561943323524,5.603714964586163e-13
0.7889095151777126,0.2931350653807585,0.08021056155076739,0.18672267044035576,1.1058421168611114,0.42101765365344657,3.957132406289806e-12
1.8389126607835058,0.18243712387424266,0.09770816454006183,0.30038691621763886,1.1101682745793553,0.48768981903979397,1.5737599032249937e-12
0.948335239664817,0.2816357944908225,0.0323718950197534,0.24128570501349658,1.4524775628822066,0.20759082130599188,1.9591383362100643e-11
1.6960924399724258,0.020570523856792665,0.1589422224218377,1.0648982067700739,1.0025155696659496,1.50390935917763,2.0882390840907655e-11
0.8389144031384869,0.06367312408456911,0.19216102957130432,0.5285515888067557,1.2980183208984624,0.5991599027030586,6.709208178355688e-13
1.3855434262900048,0.19850612223371594,0.19895636133439898,0.416081892139769,0.9184787396764708,0.7297271842724471,8.146023297660543e-12
1.7477993104703107,0.12745857239644132,0.03539588017471389,0.26734415108295906,1.454837611006706,0.7159708719402923,1.4546084232023878e-12
1.5656286667303547,0.1989949492985675,0.05319176658219782,0.27773950055345387,1.4861616145568735,0.428590746442501,6.174074009489741e-12
1.0952783119259506,0.012880356528578798,0.17608854680277872,1.3830425816471141,1.231282432836461,2.6605912485117966,1.4310365014971044e-10
1.6420611145120927,0.21364031977369916,0.029102701716953984,0.21342265451227946,1.2854275427179296,1.3400954903174505,5.0523533341993056e-11
1.370064101372521,0.14147411879228827,0.08216324625583082,1.2643966589566387,0.8326694596931336,1.5097131293094415,1.652858059877853e-10
1.7576883005302175,0.22283712149440033,0.031849525794925705,0.7977111114003937,1.4667760215151264,1.3707937700874053,5.36083967890416e-10
1.0929303677425735,0.010496497899181252,0.07819772089128145,0.4245051582374134,0.8497559600357807,1.1270611932631969,1.7228893377432338e-11
1.6085483727642378,0.2681346962627257,0.19448371955115726,0.6925342577948155,1.3710061062700685,1.280596713953021,1.2760575388079935e-10
1.4401103880297463,0.02272800729498642,0.13531643913198974,0.9694365113484646,1.3821034395715945,1.868663587984217,9.881870726524234e-11
0.9564534336597805,0.07669193887364154,0.01282066354121424,0.46135080801442174,1.0580689195905524,1.6364827822496268,1.3063473494487469e-10
1.8072705186241462,0.026342053557205966,0.14099235831093448,0.5072655688219541,1.3691644942959276,2.271579015146882,8.463639147403001e-11
1.1976230896972178,0.10120585265378976,0.044972580216972965,0.5791301469087565,1.2317506960016686,1.4507507357844627,3.432900233406018e-10
0.7946893872853261,0.25313162821579,0.11606806736317858,0.6660254148327884,1.4557941013289248,0.4982862263992167,4.716962770313617e-11
0.6309423888513156,0.2701044271084368,0.16643085714344674,0.5078288366822568,1.441012187383305,0.34651333572410886,2.560096177731769e-13
1.239956198792644,0.1473841588158319,0.19981582131841089,1.451487630036342,1.2662161087751396,1.6172684928627874,7.274836526290025e-10
1.7456092941391796,0.14182513523351922,0.05547877668046906,1.0061807104491154,1.369794528641767,1.780537623848653,7.86040500125011e-12
1.23499517971371,0.25212258179924935,0.02137053073953913,0.46410387379007156,1.2664124883357721,1.0587496644577683,9.039584030428549e-11
1.8114666173674387,0.28334404503113736,0.1017630215077806,1.2245820988262037,1.2968639160573097,1.5044527317265763,5.902096737681205e-10
0.9944177323715291,0.2664004291837303,0.11424604067070715,1.443637949645178,1.1783645757451418,1.2037671910776293,3.1220290379163857e-10
1.5546286182841413,0.11554892653542434,0.140764762408017,0.24243511138802445,1.1806150299700864,1.080086866563224,9.353202460410175e-11
1.1697378296760357,0.13749829979561037,0.06043495050762712,0.2993720387224026,1.3956507180077122,0.3824819684173088,2.2715298477964626e-11
1.2449740994614191,0.26756333588427655,0.07820957283227942,0.12860092631317893,0.8552592036992253,0.24834155294171983,1.1414839742387896e-11
1.2053500111150295,0.23869936060677363,0.1935008741783015,1.086367712249672,1.483667666893206,1.0027608289977163,6.093810352114456e-11
1.7467659807833034,0.0436539140427846,0.14497432920216305,0.654582075539841,1.149471344699253,1.4513484298705044,8.273735260066555e-11
0.9854556800071419,0.13972925343332243,0.07242627471219022,0.3701847169398239,1.336715734664332,0.4585146735419077,8.790065854819038e-12
0.5829175012703252,0.04816905716472316,0.08126340116440024,0.6430378986707093,0.9914677200111132,1.4458604910915684,4.673801679074343e-11
1.8464075178223855,0.0692775384859536,0.153602119558444,1.4312653975939873,1.4716269131056543,2.1807284992081093,2.6964977716280234e-10
0.8228920619911579,0.22993825327197676,0.15113721509712405,0.5269674159304931,1.477012409569502,0.3826664798287392,3.0127302607792264e-12
1.4099066723332248,0.13206442438991506,0.12186193551825591,0.5204021136653175,1.1583904612401668,1.7047377689124636,1.0784842127665342e-10
1.4538300766122287,0.06143770871833404,0.10530596762953667,1.1534446591441827,0.8653073233807127,1.6477337414773057,3.8280611437288675e-12
1.6565112641751445,0.2602618378143821,0.1619048990256134,0.11149738484215808,1.3068721645572468,0.5117073803130153,2.9875662877939246e-13
1.4059761024471469,0.1522485755844428,0.05777169737207799,0.33015669043843676,1.0213252507292339,0.9123987416967236,2.0208927916066922e-11
0.7364229681875034,0.13695111874028676,0.16290902404392985,0.8895893058117796,1.2203377068370382,1.083809581624567,6.477601019389931e-11
1.4024705157248896,0.08557645196542082,0.14244136344825634,0.9159459116643549,0.807357936134574,1.2057387250441989,1.7165519502499422e-11
0.7704598256649113,0.09281796654604516,0.06228855583014827,0.12159326070638705,0.9975007272530059,0.5214633643078069,2.2743827454987015e-11
0.5259975868482303,0.28169087078430455,0.19108739315118073,1.1499738110246192,1.3192730528292904,0.8701453309459557,2.840516612405732e-11
0.5665674176302942,0.2406537469435957,0.1665817521015145,0.2845109701242362,1.2794111953549057,0.26069135379054226,5.4680659898244085e-12
1.585563857919244,0.06584875749028626,0.1330104703986465,0.6184675961679433,1.3143363033194477,1.922772574836457,4.426852791669401e-10
0.7268902415951382,0.10411529796067907,0.13144258527859162,0.8272323355817112,0.9426246773283276,1.5335037280717063,4.017851213652776e-11
1.3128666948437788,0.28073160727885216,0.18414988532567694,1.0482418115392453,0.8590273447908946,1.195880292290731,9.924116551437568e-12
0.9022337411467689,0.10908209021373227,0.03764877718029976,0.9223998488945963,1.0910013102342042,1.584923369429611,1.1529502932041488e-10
1.1413994952690298,0.2267906062885733,0.19799452410147378,0.9368683003371733,1.239577690037879,1.3059068688510533,1.7540871096966432e-10
1.6753700332679224,0.27242407163509347,0.0941579408885517,0.9608441578098036,0.9400680697765882,1.4077187268297697,4.2636976566819996e-11
1.1906039684932201,0.22673032119604944,0.07800175731355358,0.3833992461156416,1.1324627897596713,1.2783127284847058,8.270117449816423e-12
0.9731910391869056,0.233555927878559,0.028361484379302512,0.33686138596302173,1.025914079917771,1.2142225977157337,2.6671708282943695e-11
1.456695647586159,0.1989084640331575,0.08715955462841837,1.0668724331833903,1.1850063724947124,1.5719767815911199,5.546430230673296e-10
1.640041801459314,0.042742675386202744,0.07934654184080343,0.6260368352762822,1.096660387035305,1.4211912417550492,4.5777675134009493e-11
0.5214293510238481,0.02297568393041696,0.05262807410949164,0.35394617071477297,1.2443335863469593,0.3439628711443344,1.6646817958730295e-15
1.569960086561812,0.19366279329322078,0.19641344712480716,0.15948303488635585,1.1924806187733252,0.5763702486904134,1.4565204391616946e-13
0.9300602300020884,0.21244828854876432,0.16292536420534046,0.15654945616025356,1.0635607686202027,0.5868142855582777,6.237728338075585e-13
1.8068944250596388,0.03299181023551788,0.08705405319659393,0.48610985620066105,1.0858208621865675,0.7656441496502483,1.7942310660502375e-11
1.8733886530815638,0.1480821181985828,0.1978237214262908,0.39723013835469534,1.3334294136384843,1.4909643704457742,5.304868790006781e-11
0.571779178869108,0.20070145721873628,0.018587162643178674,1.4071391107886004,1.2371776995857635,1.1159571063805838,9.699587333393164e-11
1.9354132330539608,0.2902440183599016,0.10169633059115515,0.38337368341010847,1.0531617169066152,1.5484124835493664,3.874638898984214e-11
1.8681737142498775,0.060138666597221335,0.1452785117224101,0.9414077011969977,0.9477241010418342,0.9609698599216517,1.2717160940157595e-10
1.1225221282894553,0.01914039065404026,0.1825250584066953,1.3457640289339603,1.2899836763298556,2.1689482620228135,6.707717797975528e-10
1.134187519572587,0.27121951416612455,0.1104062322695494,1.241185587470119,1.478045063993597,1.06539285668877,1.4693600780289044e-09
1.1290724707202306,0.1895595745328436,0.14990262505995658,0.2068765941487847,0.9923824221167249,1.3374907757013748,1.5239217420873832e-12
0.7133410368661686,0.24181630379421493,0.0402649082995931,1.22031459060931,1.001068235345097,0.8959407853262121,5.432000663143623e-13
0.7539937825135772,0.03391700118767083,0.13551568304013442,0.5757331256355902,0.8962461179135716,2.168664045165401,3.2037182045737354e-12
1.1117575767585524,0.03814607553091596,0.05156311691637854,0.9498419574748062,1.4416421612873473,0.9786729071581048,1.5780179378957174e-11
1.1211202876705597,0.05169857960631633,0.04258008465352326,0.8104800541271144,1.1310523303113384,2.09671928550469,1.8969280848229046e-10
1.369955982724875,0.1137289316781035,0.11717130605031487,0.2979234164067278,1.3910462445490692,0.5064737272149179,9.931120844684344e-11
1.654185675856484,0.2844341717557761,0.17076062844121995,1.112277433832012,1.363798534517232,1.4194948554295457,8.824640788324927e-11
1.825377844742893,0.045700223459391794,0.04092998705494574,0.4184042817727429,1.1398554972077313,0.792418993059665,7.568319686808153e-12
1.429234430812253,0.10965060641843136,0.17737118519359715,0.8208600145266007,0.9155197952896836,1.3963489689970687,2.166217037821261e-11
0.7403589857177992,0.20117845404384574,0.010165618737463161,0.6244920043102319,1.2040141754643032,0.854434503974447,3.0909944817982435e-11
0.6068983729740225,0.14387180299875454,0.19114936469444135,0.5233568353339036,1.2049084118988136,0.5965970608199125,2.1621884798434055e-12
1.1964720066472103,0.12245596936053861,0.12170702273055578,0.35309532803527854,0.9188778065374357,0.9707640246820639,2.291174753055528e-12
1.384679036821314,0.2638092144673699,0.07035276844520996,0.5024298074477106,0.8461763225201608,0.750316659605553,1.0029801730886987e-10
0.6267704738755716,0.2082540092481554,0.09977167175691004,0.10134536750739276,1.269664783168513,0.10201989737999394,1.4748760681745745e-11
1.083338866608794,0.027518918673002886,0.011556480707588662,1.1802566439524056,1.2991671024680018,1.8647902178866147,6.768022269534925e-11
1.149518085514663,0.0891655406152862,0.1234059613581821,0.37692303459725085,1.1551959963413279,1.3920791467776112,6.364780880749721e-10
1.6501000002697603,0.129690505106784,0.11000428514220685,0.6652228658338614,1.4727321286557982,1.1739580810340826,3.935581493926168e-11
1.7964607136759259,0.08413015423867924,0.14611915643201523,0.489737202222443,0.8322197908429542,0.4409792979616803,9.11630442208982e-12
1.2813971475136696,0.29881802036248684,0.07749219408232996,0.3853799736357064,1.3366037637323254,0.7335807562768676,1.47020963299091e-12
1.063366833650594,0.13458804315072823,0.026152492222855026,0.10156084359023874,0.9368892962465791,0.5433451323921928,1.2358822652740681e-13
1.3672370348456762,0.17441954531538761,0.15631521970179868,0.25686010309294105,0.949263121449798,0.5253203164971163,2.5841202212562228e-12
0.7291514765924323,0.07520036390245625,0.05018944861461674,0.5078125688366528,1.2407696532542614,0.6244613873725118,6.04077673869273e-12
1.9446391121502784,0.13378754765998055,0.10541875616188671,0.26530694228572227,1.1975197444465444,0.5045091419695112,7.869567257349639e-13
1.4784051662161888,0.1614362134309773,0.014726703342846394,1.1947139714847992,1.3154902582738244,1.64621039871979,8.338500003974809e-11
0.766703625506396,0.22751184341577033,0.07233013263321035,1.0145223159374779,1.1359134111226687,1.1861612614733552,1.859032914201371e-11
1.9899083013167187,0.24271688726789561,0.09827156733225609,0.3647932773075252,0.9363546560881405,0.32659720334248327,1.7283675899566424e-15
0.8124212050396047,0.28497891092903593,0.18526769188200717,0.9527455599786048,1.401211442311574,0.790752049070585,6.894620495620928e-11
1.1546117376577076,0.224748941074516,0.06160141846895195,1.025442233470673,1.037122449698789,1.373009105553168,9.683952799368097e-11
0.7778348574016316,0.1963837633666301,0.08860267275423386,0.4003891024056455,1.3844641599965448,0.34950655552085796,1.1436385693256907e-11
1.858561201897096,0.03391307733854283,0.1367284377035147,0.8543217156429238,1.0717372954598496,1.179696637199194,3.842998964290239e-11
1.2612471916813395,0.013326550612091558,0.06291500364938751,0.9387044174003548,1.3694295704872497,1.5100711301926917,8.892380286884014e-12
0.5728290513470163,0.18266600249705628,0.04527974421349252,0.6902887340728981,0.8506592009054585,1.1405626556457973,4.4546054897101026e-12
1.7380749146637005,0.2943694149517397,0.04724807997819575,1.3543556910059156,1.108395691841227,1.403080304302267,9.838123255270556e-11
1.8734049199650977,0.21884912956887012,0.059437127525032385,0.8917663611685639,1.441121141743721,1.5374066801476503,6.843037250028187e-11
0.7371082152871211,0.13258142525639763,0.14502493200621994,0.6238401718591713,0.8666979461605253,1.429701558029618,7.183147803659893e-12
1.984654167034242,0.07704238697236887,0.15856819069299183,0.6528725086743453,1.3386907749463184,2.243579138695016,1.671554476056986e-10
1.4438943164456979,0.05835974621984054,0.14420176671754611,1.4428837898186686,1.4429384505581289,1.8754596551530118,1.7686982779750475e-11
1.5294054995120245,0.030844183926766196,0.10986287329032665,1.1359037828621128,1.2709363436755545,2.7655809366521797,2.4826493675972826e-10
0.6566213482499702,0.17136867024999045,0.13904605808981738,0.857507103640368,1.1544327046794784,1.0955562241304115,1.9026997627092692e-10
0.6927085225186598,0.07202897197617124,0.031784641729775014,1.2307053662520377,1.3010017820314586,1.2014081440924065,1.0809419416388704e-12
1.1290083865181542,0.21455099698591548,0.13615074800334517,0.4072188696300465,1.0904208626769976,1.3038377855856376,3.381181093641632e-11
0.5151958494839051,0.17312483727594982,0.12715621699159704,0.14659420176303092,1.2165992437523916,0.1500082894745948,1.9083857684942325e-16
1.9089628085149861,0.12368071658582848,0.1793252399293324,0.691736969230063,1.3298901927233922,1.907955111592141,4.61353832665397e-11
0.5727725255309251,0.13981477058426542,0.16021809038351031,0.7378444107715657,1.4415573206111163,0.48434423456866244,6.69836688920293e-11
0.7598125810604698,0.03506744963698811,0.017702355581451973,0.8983287830413146,0.9573284348220219,2.1966935931831144,3.3444914053736705e-11
1.6854759476822518,0.20779157858229452,0.16540160563066644,1.0193030739277784,1.093866582714745,1.6261815334367131,4.028117810691492e-10
1.1078679078969325,0.07516466684942028,0.07081530439458193,1.1749322003824378,1.0591119016095851,1.9809332367754742,3.050566666443321e-10
1.72752621988466,0.022524216310528093,0.02463412349673832,0.894418196568388,1.4458829906794721,2.247104271699871,2.3637705336333783e-10
1.475318378503061,0.055214770958571996,0.15660031903004745,0.3429232734945764,1.2991836227455298,1.1535994553174114,2.929259941671028e-11
1.9937795044839919,0.1732934356533262,0.18481037042414786,0.1842119926982332,0.9761023082516745,0.1743576081710699,5.930322624396453e-14
1.7294730883017226,0.15755977218983278,0.018898973374585532,0.6402672400157549,1.4600512516894608,1.3378881889157848,7.925985407527917e-10
0.7133784748181692,0.281856367809836,0.07738389063079568,0.4532984476098857,1.1983696511185928,0.6170019259183631,1.62954302271201e-10
1.28323057548144,0.21666771878497262,0.02475726376867269,0.30001646421008454,1.1979568700567456,1.193606842058598,1.1100382110908638e-11
1.4077883743012767,0.13347474416267457,0.12867263582802013,1.4628757122854101,1.323370532471777,1.7302446053853155,1.2524522052081872e-10
1.2232512108986067,0.1392135235605653,0.11291880398194439,1.2032090484956042,1.1500550231604265,1.6630931820389219,1.0491104819049703e-11
1.786486857719091,0.169609653938682,0.17745837717928153,0.9547986238388585,1.0151945166655523,1.7610245163205236,1.077706854778494e-09
0.7398600197895024,0.27874128511558377,0.1490759208805287,0.23110568606031093,0.9208828344977942,0.968993565444234,7.541408477663719e-12
1.9830070624626932,0.08763407753981141,0.1586533246156726,0.8383803949462135,1.3461349219314065,2.1993071775612347,3.0809759867540116e-11
0.6578309795605138,0.23529278826939834,0.15425874131442582,1.0131490825149199,1.1987924662911313,1.057838418889538,7.106355693375523e-11
1.2150607169312924,0.055332221606982,0.09149133279552585,0.31970996856774114,1.0735100750662423,2.054268817859385,1.3119976599719622e-10
0.9252236430585944,0.2754702299420432,0.1175451553447042,0.25301981902923504,0.9257200738250893,1.1759212347767956,7.756272888661832e-11
1.899521266320016,0.1146685622750862,0.18696447992419496,1.1147381802842464,1.4288871719705678,1.9166281810963004,4.593225561383806e-10
0.6066871962165921,0.19545284983859737,0.03425801783898351,0.3196581663360358,1.1519579264496955,0.44281845441250695,3.720799526017731e-10
0.5556010850017026,0.2794499079463662,0.08998977757290123,0.8525493890202893,1.3102328216989032,0.7177726623170516,1.108556534479329e-12
0.9228036422924734,0.26395834600840584,0.18530808794424752,1.4542236175876122,1.4924587337975428,1.018384806412767,1.4774073630021123e-10
1.8305793539337407,0.15873480635099266,0.10531061155119031,1.3808073855869492,0.8740313577074414,1.2659547511244922,4.885915789896019e-12
1.2005565539366374,0.18458775153406226,0.14286300363445978,0.40824462524908667,1.2495259517092638,0.968200938437539,7.57628486273674e-12
0.9091738057674482,0.029034718450762838,0.17036924009629276,1.1127623368520072,1.3081121285166704,1.3291577477497463,1.432868966272243e-12
1.876379557980129,0.27958375374007355,0.0480173128556941,0.6123000303565641,1.3703010101667452,1.4452521137071035,4.702383993709496e-11
1.5212497287179358,0.08056168345247275,0.04095116285934755,0.2432907107932135,0.8454661697967272,0.3014083846640268,7.667274791399385e-12
1.6798314421434066,0.0574203638987487,0.19720652951948148,0.7097756936574633,1.10813364568087,1.4413176740208276,6.469502958388098e-11
0.8418892700764073,0.05313747445852318,0.17936409415641705,1.186297793452946,1.4531990961789223,0.9137201930394666,1.2483237759439655e-10
1.0269371937575813,0.0476676407054221,0.18988745186672315,0.40567244678663517,1.1106712205071338,1.3377288668029357,1.536223910183433e-11
1.1240826873736713,0.10532995426264576,0.19743554759964307,0.485520914435858,0.8184671279127886,1.0158978274302528,1.4411754808881188e-11
1.8982258226056334,0.0328492955759196,0.05564217704650721,0.29557901322314595,1.0076751312019563,0.33414042218130013,2.741527299965462e-13
0.8582565071017183,0.0950169110739316,0.1525206241357321,0.3355523324864671,1.0630367972487578,1.028488444885863,3.897393248250057e-11
1.1119574562395087,0.20393116946784062,0.021683246345413576,1.3008651751986229,1.1318515918300767,1.39884916975503,4.708144368434772e-10
0.5692338549691252,0.2668969292122208,0.11307253117180441,1.2577750868838784,1.498534419646274,0.7368574216821097,2.9769296949831707e-12
1.9913054954082225,0.24101208430982543,0.1600970607109639,1.2325726401400137,0.9581121598739641,1.1353474762660585,1.2131827319049583e-12
1.8219229087301025,0.20055055865576601,0.15132138951156762,0.36616164627017,1.4143541320927309,1.1711508774701271,8.109601012095365e-12
0.6526645389349612,0.04772791416607912,0.19921085957954365,1.487261755506722,1.100153848649533,1.8543711971535983,1.382393982168361e-11
1.6373373089138026,0.14950269954204207,0.06452572877115759,0.5111794682566267,0.9929975079440376,1.820933391680004,3.1688103933675075e-11
1.273641952670215,0.20575384327081012,0.1980857207613227,0.3371428969644563,0.9184291300676601,1.506176412300027,3.641517682170598e-11
1.0846719618985157,0.1144306438677336,0.12117702045529445,0.22159960624859232,1.0313948008385623,1.4590240835057686,7.495251174220142e-13
1.935328548268584,0.16066683274948496,0.15983973279110222,1.2043843549693583,0.9730120392201147,1.2086652342132718,2.023049732921992e-11
1.9434894992419003,0.180907445582306,0.19284898971115755,0.3719200176961469,1.3284009801314898,1.3424446390510667,2.4699211763090057e-11
1.0670418210959314,0.09410694326639654,0.16857554080125348,0.11648563765359901,1.497810367844101,0.09681432914060183,2.0961991135685314e-17
0.9385951079423114,0.25657501749806233,0.1190326797389535,0.8226151783896618,1.3193150041582358,0.9470142359036483,4.157180490180392e-11
1.5634147255439348,0.18219883544851306,0.10603288454055747,0.2826932977357277,1.326775009027071,1.0683964654929887,2.0253684035128263e-10
0.5879072272489287,0.1609071142055941,0.12451881353027668,0.20554733468873015,1.0064015420316343,0.46353893249605665,1.9128597838443907e-12
1.436921778712926,0.17558115375499447,0.0757976922522173,0.3034142414774472,1.3006281218607194,1.0312797917821652,2.3152417481943147e-11
0.674558395114048,0.19776344634115106,0.17081344346899563,0.2799895813845381,0.8369899716864629,1.161904866509268,6.818827244938302e-11
1.8736957106899987,0.2529728742539056,0.054950778481765994,1.3223507958174063,1.1715918258572657,1.557298649871394,1.6166726383921366e-10
1.5802480356746416,0.25304522930928575,0.06935274150176855,0.613676936789448,1.3113979440337262,1.376979767280714,2.508953628795699e-10
0.6424598842552924,0.17365085585014198,0.10106559363413802,0.10971707927400716,1.0092085400240949,0.281578367723378,1.0506061343637898e-11
0.5345574005998759,0.04108273454621161,0.037374506763394495,1.0782342087796337,0.9846989994651003,1.8107904028379025,1.341798191580626e-10
0.8702518062792807,0.1065848025232419,0.1766666772426711,0.8298974196696005,0.9281835856446743,1.6254209041550043,1.371521439789533e-10
1.4022902292639436,0.21419688426899836,0.01768765483565259,0.19432232011094894,1.250865523899478,1.0073174710884736,1.0231100178925594e-09
0.8078044504410241,0.27896634455026514,0.17758721390026608,0.4187789864799012,0.9723421532419588,1.095677785775906,1.0394621470949829e-11
1.2444444824675132,0.28113564863477486,0.01779837265221396,0.9495337000016842,0.9500838909083679,1.2639972788868576,1.5695411846869307e-10
1.052056533364013,0.06862432948585931,0.038305098200137076,1.0966747928468272,1.4338007765520298,1.0833087516816,2.399535655935959e-12
1.3387062110535042,0.012426449488726198,0.16052465931603582,0.8580170972800523,1.4786013912300224,0.9747392433985979,3.7144035283710225e-13
1.701085667293674,0.16308560983435627,0.08163205072265586,0.4306517364423219,0.9692398269787321,0.5624915097190164,5.490910968290031e-12
0.7927036695237955,0.22880030816376193,0.010917486680886369,1.1842838837715066,1.350403503302066,1.04607195352948,1.825285986839599e-11
0.9161626318647557,0.2468402175559075,0.16905432909051313,1.1659640141099925,1.4956229715538152,0.8507077592042099,1.876455107001508e-10
0.6255890483094034,0.13348542708626296,0.14240955153858584,0.4839304368748024,1.0898475632431914,0.8183232583360028,7.174443073076511e-13
1.7732707024171601,0.06334373201697635,0.04128656439524273,0.48418206462714963,1.1659400801927216,1.1725868701376143,3.088602445853385e-11
1.8455954338745257,0.025898548400035512,0.01533350453495483,1.0912231239638779,1.4805217670177342,2.5242305665290017,1.5931048552440193e-10
1.0025468687958035,0.19603412057909045,0.11386618937440512,1.0450345430730568,0.9329130382969004,1.3099702136612488,1.4936768170039502e-10
0.9183407259695869,0.21774658412096579,0.15229605683626854,1.467707959816648,1.1919385168283299,1.2731757781290902,1.1018841568100507e-10
1.075650216167034,0.15808393771306622,0.13917129808681444,1.2851638351356052,1.244815989771809,1.4875047989945276,3.365008376775146e-11
1.539292492695754,0.15106755624405577,0.17887664923756305,0.504506935120925,0.9890395827206941,1.7829308515117057,3.0065137782924566e-11
1.3528658539811624,0.017557463476801028,0.03764233682348837,0.19513353715853438,1.1220975415601715,2.985384397411318,7.446412300739321e-11
0.6039438114836368,0.06558567161397641,0.12711266554845776,0.4595079117971915,0.9065422048640976,1.4642870620531903,6.688478064117993e-11
1.8136080863024195,0.1811677584452981,0.1844647643589937,0.5954972326548694,1.496339257942241,1.1159612235240506,2.1226089793104272e-11
1.087577795812369,0.17272395263151605,0.06862912448690106,1.4917695838022889,1.2026348758189531,1.474309727724283,3.570409571738177e-11
0.885129157826649,0.18644320206509923,0.06265897745227772,0.2989778547290072,1.2622405626862152,0.41948272210450177,3.908339995177896e-13
0.7073615759286465,0.2160025580582555,0.17562154776742897,0.8046608091364162,1.3698138574469474,0.6707783754429938,5.939058103635913e-13
1.3117808552000643,0.017509865495159746,0.024900652762459605,1.339694219644636,1.3514485561215959,2.4017448920532853,6.001743243722533e-12
1.9556614571409692,0.13532011205012726,0.15398528980384746,0.7593651903281282,0.9033174974315881,1.915495525257525,2.2290840669758016e-10
1.2134176535853052,0.01829094855439886,0.12831346741231164,0.341190144223139,0.9458444609289843,1.0006737113112283,2.4868126652941942e-12
1.0964596317107356,0.11131505699329104,0.19845736377534212,0.963329992298717,1.4265672363646371,0.9736164215557702,2.931297171893828e-12
1.2682384772537445,0.01620787916004296,0.03361000392073694,1.4541507102945035,0.8014757485096391,2.342541488758731,1.0069564485858033e-10
0.7508425426404617,0.20972556347145904,0.10940335114995743,0.31951663557103727,1.1146350382413623,0.6268104155192525,2.1682256334293858e-11
1.4273667021223815,0.017408980190518786,0.15936743963484165,0.8298052489222678,1.3133253604816757,2.1812128163998667,5.7208943263514895e-11
1.3683328905323497,0.24046289617849664,0.19473249625160446,1.2987569988677796,1.0324553608265767,1.3672723900817003,6.377711700112731e-11
1.6555197736127727,0.08072311440625539,0.1692254891446163,1.2890970904739825,0.8678122467469407,2.0751303194120823,2.2010428132672453e-10
1.6468919881746789,0.038102005391482584,0.05334677270907448,1.3130719967978073,1.1510557454540853,2.861492672790929,2.970540479846077e-11
1.8442689638601018,0.06531234465427789,0.08605968338745824,1.285397787414643,1.4224655192613807,2.2922714906828356,3.9645839926614596e-09
1.5953762324968637,0.22592471955128954,0.10212928988233262,0.6549064745987774,1.4726380912213295,1.0409250561807744,1.8170897804845974e-12
0.792155648424868,0.25439483207517377,0.027529539441398326,0.9920144335960908,0.9614086978762013,1.0870137852321,7.979119429864483e-10
1.534953243448014,0.10184117546445214,0.021472428510249233,0.8213233022601957,1.4315585951091039,1.438303442316829,1.7079568639598039e-12
1.9579929387702535,0.08418156365118323,0.14311754581283784,0.6563563981301497,0.8786993253560099,0.550364242435826,2.036487304447014e-10
1.5401862053039541,0.2925154127620213,0.11853245295946703,0.4375646018672522,0.9852257960346879,0.7589809627808992,8.625055981680238e-11
0.8690535854677188,0.11089475284419283,0.1169116535086528,0.23755713648342722,1.4208560186848809,0.2044879521487374,1.7080506407678595e-12
0.7804073494325819,0.18614179465525937,0.19705753298474382,1.0329077362976118,1.4647827046274928,0.7364538423161948,4.1772621033884855e-11
1.6739772643308708,0.03136537201034126,0.09712150835064454,0.7103875630948633,0.8502671943068696,0.7441530033730797,6.128369282721416e-11
1.9855636941056996,0.22681735476543727,0.050254430658560965,0.3824103396496109,1.1078826959245223,0.5031602141417008,4.863239963306153e-12
0.8388248674154519,0.10193596471726851,0.1253550792632272,1.3517249265787163,1.4591626834269982,1.0255762825901962,7.340375524390019e-12
1.3331298385957762,0.18771347888252354,0.18008727985127393,0.2529367453180402,1.4106895544436417,0.3590930331795177,2.834045653416042e-12
0.8290886858949174,0.08164751351606149,0.07346156172716593,0.4598488820193811,1.0198170474824986,1.4901523041412206,8.158350018875752e-11
1.8437901518941746,0.09411109801334294,0.019400935773341187,0.1966137173970216,1.2538538957481118,2.0619842251223943,8.130719430831671e-11
1.6153504800622722,0.2900285123903936,0.1300387724009422,0.6312322531036147,1.4949424928830382,0.9296175050131836,9.756596705998237e-10
1.0622087262407396,0.019621790980353035,0.062644583648007,0.26850326659988244,1.4271047343101624,0.2743995991148067,4.4213063693454e-14
1.702397206751169,0.033669355878508764,0.08122627614472847,0.1380743357151305,1.457476002955516,0.3151398352456251,8.172954454698146e-12
1.3765066861108046,0.20213556577402586,0.06707222890320963,0.8619738327679491,1.3955230912927856,1.2484762371981795,4.3534026373604487e-10
1.7957336827113466,0.019222887265151534,0.16948833487369075,0.18463877753812583,0.811401866003034,0.16116581678217676,1.1104305955170374e-17
1.1008689469816535,0.23973728182973353,0.07311053028429801,1.0760171293301728,1.3527687462710574,1.189708962975651,3.683346802004649e-12
0.7165600889307596,0.24300468604129527,0.04171230456448597,0.5913329710270011,1.4752946090121766,0.40457808303191406,1.8524756171649556e-10
1.8202536889941432,0.05599889992898619,0.1091149471607981,1.13800611326366,0.9348456941856056,1.195890068647286,5.402705152619135e-11
1.1718976473563925,0.051022876367826396,0.07063426420096462,0.13942524548796992,1.2595084041289324,0.32890541672145185,2.9696043166866747e-13
0.8836526840790961,0.19961149253762436,0.013235327422339484,0.2636479262096911,0.9659501870756698,1.2290950469631472,5.204343095488044e-10
0.7560788825770639,0.04265885420065404,0.024757839591311087,0.7100015867347167,0.9735602634967324,1.9729287041943753,6.630512326676392e-12
1.08894389770934,0.16734899627002206,0.020369074442639537,0.9381854418911973,0.9474641312875423,1.4769995831016145,1.0953603236332355e-10
1.7154578373213614,0.14721895361961174,0.18776247303258237,0.8584343412797905,0.8657783243461881,1.7604298986471554,7.475152482378469e-11
1.7132277535765261,0.22050482010144865,0.13687471044132307,0.48708276762908065,1.0356499526364376,1.6278515234420503,9.325798739056209e-11
1.8448197927084036,0.02532222825104591,0.17284842317784116,0.27541245504750533,0.9877541863516043,0.3109295204833135,1.580382923528996e-11
1.468597905553516,0.027738995222925666,0.12164025494646065,0.8642053505529528,0.955587516649469,1.5308811734753436,4.717479259288178e-10
1.0470334287187384,0.15986158180253449,0.06767956055497157,0.8987979828349454,1.3903547367494813,0.9845170757926718,6.113774441742133e-10
1.3056687296923026,0.04804782214272214,0.1800657900667354,0.6201511339380502,1.439759060917533,0.7654569888857587,6.1186617631886334e-12
0.575445088139322,0.06741060470123417,0.02565320216534847,0.3684521151882061,1.379864629838013,0.2772283266443974,4.9452111696449236e-12
0.7133214478314049,0.022865407149123454,0.09288261969909523,0.6949520244233782,1.0071123922937621,1.9613953736093135,4.240646506123975e-10
0.8037481360107335,0.2848972413875904,0.06254536689780196,1.2234844559380051,1.4122942094269928,0.9544101725426867,1.0073149080958543e-09
1.9569348351517508,0.08676303393197558,0.02928299554435622,1.0418607906293578,1.3482456483530556,2.242155294981898,3.1717276374870265e-10
0.7500992713722983,0.2296375408482687,0.12017234090246368,0.32567598074698734,1.265823293926216,0.3761242150068942,1.2011190961242763e-11
1.8221113404447906,0.11915914001203706,0.13396522891335091,1.120006138817671,0.9639638954785317,1.2486100847843478,1.1925469355318713e-11
0.9708608753411543,0.015987783872044553,0.1260857162609009,0.9370640471510958,1.3211362699279614,1.1817804665541656,2.4974745210216967e-12
0.70897256647613,0.08408934691378968,0.1406535552852249,0.5983947737701342,1.3028709984798545,0.5949549350291843,7.29400043163055e-12
1.0612938218172294,0.11262794971089404,0.15465653898449527,0.20553327645610853,1.3066109637065328,0.30367588290913694,1.6981873289681154e-12
1.7986238811693473,0.13530626472995572,0.021580936537250156,1.350977834295625,0.9533436434153822,1.5843270887634844,4.7225244020198525e-11
0.8135039843918123,0.28319272047371147,0.12632009935135713,0.9143560390189355,1.304343359989573,0.9373529124765084,1.0384982931484984e-10
0.5806586128213884,0.012410811256123266,0.12056401735509935,1.4960403019934692,1.4405640285966008,0.9941189103910182,2.3302985521540725e-14
0.5638947251859319,0.05265007603474813,0.07231040302265856,1.0134678812848614,1.4791441653264408,0.6226025114956575,3.9582295764688404e-11
1.9062725780260672,0.022037715042042688,0.14000396774895868,1.0292956285720034,0.8431456564850722,0.8568360201345218,3.4977768667824324e-13
1.2125539905439733,0.09231865061352777,0.03589851631349499,1.0212198862945412,1.4025564206611059,1.2952498621054462,1.0872830562548166e-10
0.7227803148398351,0.09148431190748448,0.09439533671921357,1.2351398160995974,1.1483221871601073,1.5266154158163026,6.046840353182403e-13
1.7138771605031822,0.09578830979438582,0.12480548279318526,0.9771112381950248,1.2914266699261119,2.0575434999260014,1.2391182758954723e-10
0.8792021512068465,0.06399480532142326,0.16347759777557377,0.9827027664851069,1.2851754850838997,1.206817652769714,7.00626426847762e-10
1.8427602875000682,0.2344451867042742,0.18511167483995072,0.4379307894994,1.4405209770239362,1.1223448929921138,7.28975668680147e-13
0.6355399648972426,0.07052088812027107,0.041716220550201806,0.6548836199142171,1.0605178294387267,1.2545262755889242,2.2568401259874183e-11
1.9010973423068191,0.03280920640290524,0.04558175089019221,1.175980940920123,1.0545100277206052,1.4919134976282358,1.390298842951449e-12
0.623838031431325,0.015652164705531386,0.04476606777542142,1.4698269377995563,1.118367990014601,2.1809346528563065,4.805564917314558e-10
0.5279824038827388,0.03225486458349712,0.12214912316806353,1.404715368455485,1.268039002865746,1.2771029745678812,9.820725475569562e-12
0.7050401228173596,0.11868235856040257,0.12219566520169113,1.2670291800230404,1.3167244721698383,1.1582291407569754,1.6267840107271903e-11
1.6609211082973625,0.1171142926548517,0.1773398641869282,0.5637617968003396,1.423397208628905,1.216063983618689,1.7433837187309467e-12
1.5051437798530123,0.2821214239039753,0.07495778882112668,1.3205574540115597,1.396128498661726,1.3751509785926626,5.738364410086515e-11
1.1023917185140664,0.019251333824616003,0.11903534890894686,0.2677127639254191,1.056301766462298,2.0513417457087426,8.783223837334625e-12
1.1702657804126027,0.18415076843093595,0.14532824158793953,0.6501660340432118,1.3241580135635114,1.012175468638733,9.779369345478495e-11
0.6881500829367799,0.040613778025795584,0.10289260356161019,0.831956123684685,1.0951304014999503,1.5092003278314399,7.073824095146313e-12
1.1989152890879846,0.23474198483331696,0.03427925211544792,0.5658652372246038,1.253152539815093,1.162462909292079,1.5728084775312404e-10
0.9528022229691125,0.15012179519467314,0.09353983011966892,0.6028145532077541,0.8080880676514921,1.4763063490730204,4.960236688181992e-12
1.1739656617111394,0.06874285118944817,0.03773812083404403,1.367674656887388,0.9391033814372347,2.0083745466877816,1.0910740956471561e-09
0.5628613036656689,0.18435561861988162,0.12663955766850993,1.2274332388177076,1.3283756210811855,0.9661226102778372,4.816486485849295e-12
0.628569184837799,0.282595034798477,0.13005166455451478,1.1190672464326468,1.4844241171277877,0.6983230408647306,5.900154102164359e-12
0.8792893185140948,0.023324758783583477,0.08714416056845299,0.7473210068307495,1.04327052461935,2.326455627546602,6.210378134336174e-11
1.8784086739395418,0.15585457445679005,0.16890735879198246,1.1973031517511248,1.0819134016301137,1.840456553911937,2.318916882959784e-10
1.0591613603818189,0.1883516184087853,0.1977131459738201,0.9444644919806031,0.9824801314319058,1.4215752127260342,2.0783409031076542e-09
1.2579217605604005,0.17440374946994902,0.13381691736450896,0.4095856602034983,0.9653035267388526,1.579000042862681,2.4577830659427287e-12
1.002246497462943,0.066798534817922,0.151257754860038,1.064116938796112,1.4637336984334837,0.914109714642247,2.4617740843083385e-11
1.960813598376482,0.10264744247423684,0.03206359602246207,0.8815547328124624,1.136750901068547,1.3508456685072667,5.16127501238871e-11
0.5950224315627475,0.03837635410891083,0.09348679478100573,0.3140344901652385,1.24458839032268,0.3267617993423376,3.587368758542254e-12
0.8003980817684302,0.042554883160657794,0.014374892273247782,0.41272119795172135,1.0856554684721331,1.080722825459376,1.5341799871021152e-12
0.6462866625481509,0.16223740280185314,0.17936194407778305,0.19218640889458097,1.318076082506784,0.17215469195106603,1.826591860690847e-13
0.8096452137177826,0.1977387571047506,0.18208269717430992,0.292967437724288,1.0266482909488701,0.8971735405447495,4.043114169403085e-11
1.2472657734688015,0.019018349221421087,0.04838454167278447,0.27044891298510426,1.0042962005497582,1.1120860187280215,9.815508868285053e-14
1.5075188529341468,0.2641884328403355,0.19696685521832408,0.40516570085227643,0.812734481233559,0.47000272691863026,1.0580590771930661e-10
1.161652468499192,0.07275270085253524,0.04490020973424273,0.6698243385315359,1.276363141361915,1.3494609313071428,6.183360736601944e-12
1.1085581621803506,0.12212094404411038,0.02390521861734639,0.42327480469822065,1.1682614438883148,1.3138587734077123,1.551602755613343e-12
1.8930998190630757,0.2955806148412532,0.09685473284778182,0.5854763552408819,0.894492709853439,1.4532522886227406,2.371792570974974e-09
0.8583918587584294,0.0894185204466723,0.014148245774083305,1.420598221348375,1.068440141889135,1.6894502787105266,1.7314618651699442e-10
1.8807832866990426,0.12344838187055564,0.135991691815161,0.2988508558057754,1.1103957147993253,0.44930582203320946,1.7677322633016854e-14
0.6877776137554383,0.1760042305482352,0.15287623797190245,0.32547246910939576,1.0553979670079718,0.7066085946685794,1.0547949047646461e-11
1.4753377764080478,0.0951348672536186,0.15290410416049205,1.256200647156234,0.8442707741806215,1.6677664950735236,1.5009194476098908e-10
1.8904009865911748,0.22200857964445056,0.0489483058220258,1.0692733397187266,0.8776676789809119,0.9464400884585467,7.722067192915815e-12
1.7402278434942393,0.08159404262633489,0.0685298654678376,0.1525723831636822,0.9952797225099936,0.2026886778616093,4.131904277394798e-15
0.7249884231852357,0.15078061767091375,0.0499445840963741,1.365703336347523,0.9822595791350013,1.1050242800355632,3.4697693778544383e-10
1.210606646720354,0.1023513849110343,0.06665470737013385,0.35986401945657054,1.1439282507101498,1.5637023630211033,5.720243898618182e-10
0.5305228569768903,0.05133315956580941,0.18541204807738298,0.6143545827807125,0.8164454462039742,1.7195099388389308,1.457863586753764e-10
0.9194451191903847,0.0864481587509111,0.03748268787237882,0.607687247429842,0.9346179535748664,1.775354431145167,2.4957400897756857e-11
0.7070421118094388,0.024541743316545395,0.0479607377198783,1.2569611599643469,1.1131958956127193,2.0701171906109748,2.9295287434955675e-10
1.6831576248092548,0.25139065101169505,0.05631113580790855,0.7326197736723816,0.8171710217433431,1.4134020526895423,5.4997013856852245e-11
1.5200706945485425,0.2262404586342408,0.07081482717483321,1.342989484818403,1.4088848568143544,1.4666554567264434,1.531105432292413e-10
1.2238686051038568,0.2017543503587467,0.1757800355084825,1.4420029163551398,0.8584823985819241,1.1478901128568146,2.489254487409144e-09
1.8403232674143313,0.038499244098769786,0.19671460344984626,1.0894976055593224,0.8122448625785376,0.9141784849011018,1.370863704790756e-12
