alpha,beta,delta,F0,omega_ext,A,n_branches
1.612702991963841,0.2418895202904315,0.1939796403760159,0.4312478806613742,1.1686008036679598,0.9714174732183414,1
1.6305032256794119,0.16099282215046382,0.16531575195625317,1.0749233514711103,1.1977103674125475,1.4909727744903623,1
1.1977708073442253,0.2538674053764668,0.06523856504453365,1.187943558201727,1.2104868806503724,1.5887982157534115,1
0.655587544471838,0.031337019364686976,0.1784089907845957,0.9991805824320086,1.0125149309611012,2.471872583967848,1
1.9502777747386006,0.27749669560178186,0.1301717884722887,0.4698981123941858,1.3686247780842784,1.1411412766001041,1
0.9811254813189215,0.025639388248956584,0.04985764299189272,1.1188477201139386,1.1400954660385731,2.6099742902931284,1
1.7866387837896416,0.14189326483727205,0.1301902982849439,0.3097601030653671,1.0490257839527444,0.44067414492778867,1
1.2697191358782347,0.22649632402830283,0.10744712193968757,1.0598046007502546,1.252844978720127,1.6075191560449453,1
0.7688600821832425,0.16057480811521438,0.013688269665325442,1.430724329128489,0.8246657510827505,1.664640780521712,1
1.6256968648962133,0.2877789880864461,0.19589786999003383,1.1887392020613228,1.0568405350245262,1.240933906089497,1
1.6894673298257872,0.1921798973611736,0.03322218300248081,0.44128992831065705,1.422142093095967,1.5083624394993091,1
1.330743357636588,0.1027300007616493,0.028730978015933606,0.17649790351206607,0.9499485540196957,0.4094969387774919,1
1.732607379262626,0.0346703794865315,0.1466304424430415,1.191657138230169,1.0724026268378286,1.6041216074333922,1
1.4163032677504215,0.02471816519035364,0.16011804418441994,0.8963340623651324,1.2214150676505309,2.2790364245266286,1
1.150534269262972,0.12777591361171653,0.02815316388993288,0.7612062882641135,1.3179742235154537,1.8766170710313868,1
0.9654946606449597,0.28319278137916143,0.10354354078090475,0.40796295507917557,1.0527762568469499,1.260951773265851,1
1.5716401525259718,0.25312770769602094,0.14684458976474077,1.3700421505221252,1.464102481714358,1.7075460507360618,1
1.8532620208056747,0.28481534508601447,0.1288316729035158,1.466494535521396,1.2619829809737848,1.4326740709814965,1
0.7904284593708972,0.26750326630492527,0.12467915189932943,0.5323554220829212,0.9633849187494461,1.328072346627314,1
1.4152951465773411,0.14337916853533694,0.02825513101125148,1.4337156649984764,0.930722949770938,1.474137885716717,1
0.5922504251379785,0.18663982603861984,0.17169455598386807,1.3438269974329917,1.363948717825856,2.007659127815038,1
1.3266025732982278,0.05748848412740873,0.1564746084827109,0.26557916097248574,1.1007478325640545,1.103221284909622,1
1.6333813878534817,0.29497114667591834,0.07565321025743584,0.46855501753070994,1.0584110745301616,0.7924299266519704,1
1.9313820543320832,0.0931400428997097,0.14003336073038744,0.7522241764025547,1.0485913724214155,0.8588017845086475,1
1.9176780714939767,0.14616236014534967,0.1725378050378759,1.3873987250707356,1.403718259289454,1.7295749564685559,1
1.5810443369575107,0.1272844154442514,0.12982594683439427,0.989299883858555,1.0331324556191197,1.3063223129384594,1
1.5965964440925353,0.1851640203396331,0.18285274454267347,0.7454949851831255,1.0226232122740828,1.0446800752622378,1
1.5455791071007057,0.10418578875390591,0.093846305638113,1.0409548126343497,0.9024924267417297,1.1976256288864482,1
1.323372690465058,0.1314034603838299,0.04562916138838837,0.12383097727894893,1.2080487734634553,1.2736270242756365,1
0.9366222893158991,0.2082401438694577,0.0482726765971821,1.2431904941483638,1.0554898896497389,1.6371923620247568,1
1.1376404878409678,0.01596407039415186,0.0227274771079821,0.6203262701306163,1.0141921076071236,2.083038096032876,1
1.8535507893146457,0.07957289844839002,0.10585685885652962,1.4098972376299346,1.250074348444685,1.7741511549242903,1
1.9918023586059659,0.20409915276025442,0.13867627161833906,1.0087709931520243,1.3317252154739792,1.3938355861494973,1
1.776799208490287,0.01721823875483935,0.1087233234044357,0.7552489002411624,1.0129483690271726,0.9825103668793198,1
1.5028395626516582,0.2101468184874649,0.16788172091470996,0.8101040513227497,0.8814445266145693,0.9550925489493213,1
1.1793121878818664,0.2612342347514697,0.05974327003703229,1.3543770921354459,1.4444122346779062,1.7857986440849694,1
1.472922271534931,0.24034077693386838,0.1399125064190066,0.29326916909606937,0.8360889616769965,0.37332777528481453,1
1.7972987008217585,0.2657707712357051,0.14036381003893497,0.9566880697766822,1.0051163275481785,0.9957596577422093,1
1.9130080968149863,0.277311849449442,0.024043241018555477,0.6664606171803734,0.999633914912822,0.6977702699298448,1
1.9495779532871924,0.1565334307966283,0.05192093593820568,0.9921498769576823,1.3389890085551834,1.503282266311074,1
1.4451167590743235,0.1623107364692939,0.12075755859086203,0.37754077181545054,1.0746395687452446,0.9534556685886229,1
0.8539878850976108,0.1531949674537513,0.1430266701125326,1.0212432673178047,1.0919049402067094,1.7510624404648836,1
0.5386578294567301,0.1758148157191942,0.05389713277300013,0.1423260125737102,0.849267755229361,1.2690297335215242,1
1.7425055717415467,0.14310321934635797,0.12769574320881147,1.3029121030233124,1.2054630424410937,1.5609614067777715,1
1.1407518149633415,0.1208479058658034,0.14508756299784936,1.2997281221908061,1.3891563822845066,2.068968260754337,1
1.9184241316833237,0.09338098900559832,0.05638067600234266,1.4313206545225723,1.2122813874312908,1.6394129198223009,1
1.2272336161433854,0.2792241005870337,0.17973713548539327,0.22678148828400896,0.9642342221002143,0.6186139290513083,1
1.580208673032025,0.1958923334140587,0.05136732374299165,1.3165407075204636,1.3174476056766564,1.665857979032585,1
1.3420750722775638,0.2729487738704978,0.1959129212778672,0.20925430961758373,1.2941333046448218,0.5115363774061998,1
1.31709400312412,0.15947266053991105,0.1945516369524133,0.7632916117231693,1.2481729915273923,1.5991252922772565,1
1.3468486258511727,0.29706401642205554,0.14949121897229023,0.6477662605159329,1.1108653543836453,1.2089434751403514,1
0.8821697553659815,0.15536092907479387,0.08439938093975946,0.4152404603945158,0.9032145596235737,1.2690327579939582,1
1.6320227059996948,0.03399441827142882,0.17098355200972823,0.5010924282062201,1.38662784411218,2.0287875328445253,1
1.2263460678163685,0.14601768349905062,0.06261878149117604,0.8479629036906814,0.9445801038507298,1.3412422263853776,1
1.2471102247979342,0.13287809439814063,0.075490599818656,0.6949568818307782,1.3443534696863402,1.8276503003519609,1
1.0337829171408837,0.12030520346429324,0.022305737012024773,1.4376262971591516,1.308035520272237,2.066843285584925,1
1.9468249662148398,0.12575791569113812,0.1391266103829178,0.5058130137406581,1.2627541888319624,1.050857822791019,1
1.9224899756397709,0.1419308845912439,0.17331650423201975,0.5853861969938108,0.8968815650368797,0.5157300599142398,1
1.156611507620498,0.16749148997195942,0.03592906920562089,0.7063933678598424,0.9243894261958083,1.2550636958575347,1
0.5973966530511039,0.28077013678377427,0.13135084513199796,1.1355098924272229,1.0838201050766476,1.6358592087379686,1
1.9061243617945256,0.2598749646568333,0.07602158512977131,1.3086627150262666,1.081116005943395,1.206544733295112,1
1.541701698719129,0.17571680909629186,0.01161663493094354,1.024122226584064,1.2152467503314903,1.5312548918488125,1
1.0965167921213184,0.23592116361851165,0.182508182518053,0.12836046919565974,0.8699397241865319,0.34066648256995374,1
1.8388347010247286,0.11982655788840152,0.10958432797899628,0.5956196517820315,1.155516538682635,1.0038478330080287,1
1.2580147590505086,0.017244425377195356,0.12942493601328076,0.15416000600371166,1.1950047841408877,0.6755834946444249,1
1.3780488363781331,0.2751906314954426,0.07059193588222931,0.12481006823870391,0.9818842531376106,0.29644330910501654,1
0.8968483638230871,0.01588958864254321,0.07189075863734186,0.23744568952737036,0.9911637098363022,2.053572815034657,1
0.5848433450970494,0.13442719793593727,0.04718462645357368,0.49201996260056646,1.0671682072726951,1.77135843889623,1
0.5390016917826919,0.1485057758620548,0.1450927918547689,0.11981825962805465,1.1587996862190217,0.14591167527525867,1
1.6927745504031149,0.1504026782740766,0.08955684096587961,0.5823935637530608,1.11919776477846,1.0408359063595374,1
1.3772974465616916,0.25357544141023275,0.1503864846494364,0.2522771291905752,1.0025526519082277,0.599746650083315,1
1.5523368951612473,0.28368281535305223,0.1300706831688281,0.5920953716860198,0.9407145796063263,0.7922748048585001,1
1.1391531197482867,0.2877907230628589,0.043731099262032364,0.5007231355093746,0.8155370872875483,0.8676583344203159,1
0.6289186445826012,0.23425503456777766,0.07358794652730537,0.1431901790609941,1.2950621138758853,0.13604245187661962,1
1.7922464285368447,0.11029183926153341,0.1167826902246127,0.7834490558715704,0.8782835386543596,0.7479436370278891,1
1.8646270395789648,0.24669904593583442,0.09655529963370996,0.9551423921456941,0.9658221038293753,0.9148802488920871,1
1.5031237357532818,0.18408128916371602,0.1920735278110386,1.4807254814904147,0.8611293398649296,1.3192862128826226,1
1.435349086759858,0.20046115339398146,0.0314877921916811,0.7140513410626197,1.2920273000270883,1.5358537672004566,1
1.655300040048147,0.2811153086127286,0.038374559376892846,0.6963389533076837,1.3580684678796744,1.403811893875023,1
1.200805184338923,0.21435772248346108,0.16928275999629788,1.4684266160434822,0.814372221962588,1.3943708816357,1
0.9429181643887906,0.24370396352044518,0.07212429225553328,1.42026363455281,1.1804963631275323,1.702748576279978,1
0.6618876755893338,0.2915442062174792,0.054403282215992076,1.0374347923082354,0.8582847688650782,1.4437986235859714,1
0.7354176971329188,0.21504520300160962,0.16453249193392105,1.16400949331458,1.0364419696582194,1.6594418186746693,1
0.763807980853942,0.1612277061813445,0.10943563996018514,0.21399830758403288,0.8678285408669264,1.115467319735826,1
1.4847299368390123,0.08267297825841374,0.013084245420233285,1.3063169058019404,1.1124834857204133,1.7594744403570743,1
1.0060668621806355,0.0464568526443879,0.04657718220719524,1.4061924446413314,1.4056779498181002,2.676957681514138,1
1.4658974403055716,0.24135209901634766,0.043250413851374146,0.4037110018192873,1.0701338454330767,0.9279799759306682,1
1.526646979588608,0.016700804952427054,0.15136533180698952,0.289600948823398,1.1046615444738503,0.8199862495088062,1
1.2085093418734958,0.1176865839361562,0.17867792811457034,1.4474061350918221,0.8149315871429089,1.5224081158132534,1
1.1031421501444065,0.029428549380222865,0.07076266525033457,1.426639535727798,0.9958876596717106,2.291575196783621,1
1.0935812574425248,0.24200488210378499,0.021841177681992868,1.1948963249991988,1.2143088875677404,1.6447766675795272,1
1.941986356205727,0.20527263602070553,0.16446552250039553,0.4543585729132653,1.2124090439452317,0.8070645483000978,1
1.1722458271694578,0.28220709760402884,0.0284819784170448,1.0258494068319608,1.4739478436787183,1.7329597520998763,1
1.9362156624059665,0.19814661371354977,0.013866879531956193,0.7077507235460624,1.3488604267092392,1.3473787934427848,1
1.8122481059202857,0.029912554325040183,0.06866777837798961,0.835260796289376,1.3010192287032498,1.986674830996245,1
1.293327021023519,0.06583966990282823,0.15842042319647917,0.3896650289679229,0.9369275181348595,0.8451899139218645,1
1.9537308420133006,0.024548584052414443,0.042113424009103444,0.9658092573739048,0.8343773897652103,0.7645276401327984,1
0.8841575346640353,0.040398899218404144,0.13108468384378147,0.1586618123132796,0.8577926839997048,0.8133630969144808,1
1.5596396138518012,0.1581258037555288,0.044014429196478404,0.5307325627928349,1.297500848229544,1.482438461856139,1
1.9781841410974361,0.13132564694671658,0.17383056817876608,0.6576964358968419,1.4986392402026243,1.6279705966925972,1
1.2158366827776785,0.0390529730862669,0.021717507564438354,1.0876129207225544,0.9460331358010171,1.8293182076908252,1
1.69478440402277,0.1546348875523366,0.1796829050240786,0.22164039496985286,0.9362469602034706,0.2651806761252549,1
1.7913254601829334,0.03247630961110546,0.11094116255442701,0.23069096178692752,0.8074904199967855,0.20185851659290477,1
0.7401257987187565,0.03570187001549603,0.07466201509866612,1.35336391841518,1.0750693328517138,2.5481033754157982,1
1.212774943052743,0.20478609524299368,0.09414075312224413,0.9203756404791,0.9578286017299951,1.3243653718727626,1
0.7715355934739925,0.1835620646058827,0.16000593083427922,1.4282457135942752,1.4111028262767653,2.0150600733144017,1
1.8476041334431903,0.13853430367959468,0.12143904094701467,1.3567308917377692,1.440634519245719,1.8209805223566569,1
1.862509974533257,0.181469689985569,0.12371851086910463,0.6654865131619859,1.0764746860205352,0.8571100117989539,1
1.9295510452012083,0.29701358224469376,0.03574224023278142,1.165540165731551,1.2122565197000859,1.2582630644226231,1
1.817004984358498,0.013874785695922529,0.05647289980914502,1.4371710574773724,1.159279843569053,2.1604371103503577,1
1.1687545390516578,0.2411798797559204,0.11676817629591793,1.2690053191954096,1.2882937051819194,1.6891083528541808,1
1.4850340073009372,0.19010092958188668,0.08187623999364765,0.15155860837499552,1.2101275268664784,0.9621680813281223,1
1.6628965171444274,0.05723592637978813,0.1725839453464788,1.2787753033216092,1.3558684537283237,2.125278841992659,1
1.3007762600424282,0.21313919379155008,0.11660599505990896,0.37816320884890176,1.2995148386113726,1.456124966056547,1
1.9321212235310952,0.25838437935274816,0.032498380711781884,0.9337958125757185,1.3489866319571808,1.3695112415910087,1
0.6889806257827387,0.2462011797267711,0.13173683404049968,1.4642494321451969,1.0598311964472857,1.6997194867612129,1
1.9292188993731312,0.1065879848572174,0.12866131424074437,1.423064591249394,0.972088355979042,1.239330272766038,1
1.3666476324161447,0.056638639182913716,0.04106806938410201,0.6232100836162436,0.9903683868910489,1.28639043700103,1
1.56050120480971,0.12811713006597034,0.025873327372505674,0.8019228754035257,1.327939980841667,1.7024855532278191,1
1.4049029232359778,0.19471496905102864,0.03351362099628409,1.036322101618787,0.8661054502422993,1.1715993076709033,1
1.4211741591570304,0.027563252666608744,0.10312333639171158,1.1351858026648571,1.3386069965385325,2.5983229921031135,1
1.415651489559156,0.2623312342089472,0.1116186828345252,0.31926781294548945,0.8400626862700046,0.44200559745612306,1
1.3279441919147208,0.19621512075823624,0.13333237577152204,0.15043160127261462,1.1228805220612081,0.7944410376820286,1
1.3457544364390603,0.05630948086804766,0.03778351288925308,1.0064705203596311,0.8846094349690039,1.421861868913376,1
1.781832994634443,0.16541630490545653,0.16321790739134043,0.5466443807912976,1.0733381233821537,0.789426758076885,1
1.119218595831013,0.1854303307818172,0.05121867104426142,0.10235259384977256,0.9405086756721277,0.4209917740226518,1
1.2624144426799635,0.2184007760128006,0.08738907102012203,0.31603773799275897,0.8981617082843977,0.6497231640369253,1
1.7905740594222936,0.04367974751030111,0.16045383482203684,0.42528388227066005,0.8599786902472382,0.40093525445098416,1
1.865155398973973,0.1081059190546485,0.1977325366967034,0.5076334211399548,1.175290261021117,0.884013049998873,1
1.955469750529115,0.2184728078398871,0.06084191574647396,1.0001391033286575,1.1200740326151655,1.103751141287402,1
1.1987703981275453,0.2131925778005777,0.07047189446081165,0.9817864836568865,1.470343726730349,1.828643929270662,1
1.4917064821217394,0.17175965713962538,0.05926845687803225,1.121632722404291,1.0173807873947374,1.3591906053997858,1
1.814344565249375,0.1628695191544766,0.014253260044040327,1.002169699609733,1.0506344898247768,1.1374762568304146,1
1.7661820600104283,0.29520207471787524,0.1693699524486751,1.3027336824281184,1.1405107237838241,1.2962272788373908,1
1.9241504080394747,0.28672274667646414,0.053627151397813044,0.8830717039030963,0.8200271384718296,0.6836979695672181,1
1.0855023581218604,0.07827032246700094,0.1603972068092852,1.1537070760815062,1.2887822628831116,2.1613819384115383,1
1.2824452740132157,0.11905761886721705,0.02669182967997341,1.334434052498143,1.2182991579245428,1.8720361231571332,1
1.4439657224658966,0.06521948190919526,0.17251028325438897,1.0974769319925972,1.0492384635070475,1.6455123309728752,1
1.2627669925271645,0.25997783035785005,0.16483730300391802,1.3334360669067842,1.035587403976233,1.4481065742468802,1
1.6795562505175128,0.1288756956426356,0.1530979055973099,0.43229599216011894,1.165450252356636,0.989860637140445,1
1.5006894662165182,0.07975197911935417,0.033223093042221825,0.8346815623092511,1.1401290262343604,1.5937192839556813,1
1.4673095210238996,0.2966927312419944,0.13418412023345735,0.7861924794742068,1.268369197067859,1.3852778752839559,1
1.6500847160842405,0.2654268267552251,0.18619847818404084,0.30422097033163564,1.1285832853917097,0.6624547345703663,1
0.8078507132753382,0.15852206528204468,0.05904260120186717,0.28201291500885495,0.983895872278955,1.3773207426935066,1
0.9586814168247562,0.18026237658037564,0.13877830584517506,1.0452421142656416,1.0527464706715515,1.6208924025437303,1
1.1894235364798769,0.15009973984632433,0.01852968336467457,1.299751075834511,0.9418957178421059,1.5472237927941326,1
0.5123083719779831,0.11016905493055529,0.0834288864971081,1.3612605254153003,1.1446501329385121,2.1342195667099797,1
1.3721743777094315,0.1446530026915803,0.07045359415397559,0.9411235973757192,1.3834824484808939,1.8430193350008939,1
0.776082611218428,0.21695974983948058,0.12713427519689927,0.7884461481067613,1.102767362875859,1.609279292940754,1
0.688104568908253,0.15905570384744097,0.16876273707289852,0.49876662253920145,0.8966866278370482,1.4400396802352282,1
1.7985605257610535,0.2092103972009544,0.07146852618448304,0.9541841245464756,1.3635544043665186,1.5123728065415376,1
1.1663587283488357,0.038031563437400426,0.10250807849975989,1.28961125714042,1.1800341151601228,2.3744681017152494,1
1.4095090236534151,0.27716586228792506,0.011902333671895492,0.8571489591213187,1.2773309168855254,1.4684863345243362,1
1.1078953462422203,0.27952026457111706,0.19378009048256997,1.1073045722166925,1.4375973908415827,1.7225587023947009,1
0.9161072032315878,0.24284032362128538,0.03426794662177332,1.4154509803450932,1.101526886744494,1.6589724048578778,1
0.5780071377272507,0.2631127297204689,0.06981463039873743,0.7837683405106955,0.865462308795103,1.442066275270898,1
0.5941535645273441,0.24485928982875785,0.19853476576208906,0.20683823754855749,1.2964761886968446,0.18524114602708955,1
1.953991216810063,0.21143817160016928,0.07490931988584419,1.3241598889043464,1.2252625790141396,1.3910265701298081,1
1.344352676662059,0.24554390873217505,0.11090736355486222,0.6361925499893496,0.8379460673200343,0.8661742280186399,1
0.8021871882909342,0.026400380169451877,0.14666683234849673,0.8766439695495782,1.128277457032432,2.6080452623548616,1
1.0525500164747112,0.028662784815185943,0.0354131599073674,1.4493464874779098,1.1273477213581014,2.569577035443373,1
1.708184313031333,0.04735901596729631,0.17013908005279305,0.7458159190705361,1.3057947121760327,1.8366619167701324,1
0.675282545696384,0.22070501973646017,0.15289411707031497,1.4367046672772164,1.4456196500260838,1.976903523985945,1
1.8361381500017608,0.03287719179485627,0.1771986671900791,0.6249020631029873,1.190491918190595,1.223887757625708,1
0.7592409974393125,0.2523353100900659,0.11315301810138251,0.15512592796168362,1.3239576466001517,0.154390366707996,1
1.0179694928992122,0.10130006310180609,0.18829482646717752,1.0418219979014898,0.810153369101821,1.4965707206078613,1
0.9105345770389732,0.17763354676395104,0.14844175101987236,0.91499434411085,1.3184709295323993,1.844047756602729,1
1.1230077366002793,0.07741555145805637,0.13069644466311242,1.4977115799894192,1.0167036008632886,1.9321657723057688,1
1.5719330037581298,0.11276328541096553,0.1795860131712824,1.3415289047378287,0.812147035572586,1.2350848586857615,1
1.5378571216819399,0.19528440998960167,0.08925007234763507,1.1644615297128225,1.3272087333304678,1.6555723552424249,1
0.8855587835403729,0.044020245543634776,0.11992344376341332,0.41665165338158505,0.9276214403476377,1.646520185197301,1
1.1908774039804266,0.02671632280113958,0.19109129177980924,1.2896095854655338,1.3337847095355317,2.766695717587063,1
0.9359506459701965,0.01824501285354181,0.06817232275190176,1.361469900723745,0.9475025005990736,2.559934809579307,1
1.986308987632793,0.1986181998106659,0.10333770756284244,1.2208053387617361,1.492292368822619,1.6662486316530616,1
1.620101693799925,0.22923809651249027,0.08271763477929427,0.6564194438672456,1.0381811666748644,0.9717360179009555,1
1.750577999745253,0.14846329217912202,0.1410617666132348,0.9969943710234358,1.337903103182175,1.612937590095326,1
0.8728643684237849,0.2487964648942064,0.10757284664721094,0.7801932750569578,0.9929588691730026,1.4290492318762227,1
1.2636945451713153,0.09227949357890827,0.1950239751690297,1.1401787162571473,0.8452472033173325,1.4216871434048746,1
1.3617031289314234,0.2319489407429166,0.10174556617708033,1.4995968026932225,1.1823814235999999,1.6052945365904716,1
1.254740202448647,0.21638229954609775,0.14390409020581585,0.2968450855592796,1.1935655728359778,1.252755657364608,1
1.645195456088159,0.20467816468197433,0.17335676768944702,0.3784453279881963,0.9449715615850602,0.48712547047432786,1
1.1475070483516217,0.21425352795811553,0.13405833420395918,0.5782019822359786,0.9248939445657586,1.1186591390468175,1
0.6615324208498539,0.15823342803332113,0.05324398849794196,0.6135049107891618,0.896815092716917,1.52937159377511,1
1.5001443020700194,0.21891102783115127,0.12398241031284742,1.4603560481303124,1.421169461098571,1.7650616780259365,1
1.7138443992335908,0.08342790394570375,0.11813817082988906,1.0749895768953386,1.3369007095372076,1.8631937545983905,1
0.5144997458939864,0.08985689557755613,0.07668959812813438,1.410694209944969,1.1975994297580375,2.2847435746665608,1
0.6297649061107746,0.2099855752394484,0.1810779316212956,0.3544650260096607,1.4414832256860777,0.24096712368427448,1
1.582199459249785,0.28548309447820747,0.10317191808670645,0.24986095831779823,1.1429960684418976,0.7234280585324231,1
1.699485222628613,0.144287828695009,0.14237431384827196,0.5608853506246488,1.236148576801989,1.2691403819868552,1
1.0675535018027051,0.27988986327007465,0.03577576954677329,1.0996305620339988,1.0306058723243532,1.4419683551447147,1
0.9728137316559244,0.2507264385848793,0.1838685573680951,0.4300388038035199,1.1173510611459843,1.3492480716517357,1
1.3426771461314657,0.29333528263845904,0.10713142645254765,0.2229803554216537,1.153180474527559,0.9893539877379686,1
0.9267503517593687,0.18806371990986315,0.02263725919534758,1.0491135426596794,0.915463666443501,1.507455755691376,1
0.8134771847711046,0.29688548435931417,0.0919586675001703,1.2876564220672952,1.3768013118736935,1.7649684967552937,1
1.2663292905763734,0.06696674801092009,0.17556686112026204,0.22131114037197896,0.8446090543817633,0.38596342142399126,1
1.8237906274533493,0.201062052570259,0.16037809446933685,0.2391508681213547,1.4434713312956533,0.7480925586559046,1
1.5682908479821425,0.15075358379104958,0.10835221991222306,0.8028478818871737,1.0034186393415365,1.1190100771026334,1
0.7518815754121095,0.28836354132179953,0.17172350665268482,0.9157153137412114,0.92585966883085,1.41901909218782,1
1.0229580931993716,0.23489778838173098,0.17220241203492093,1.1729534274695477,0.935181728360132,1.4480348996939654,1
1.6808938768828612,0.28188121141543854,0.10405391506087844,0.13112688795486901,0.9210491630191376,0.1564451681760413,1
1.8452521852477917,0.035389297651422257,0.13338461878931243,0.12721922826224435,0.887673947925093,0.11957810261444685,1
0.5961954620976888,0.2988339235495831,0.12254430880321338,1.3493158158812886,1.4318684411695202,1.8449679539298622,1
1.9051376132139781,0.11188546832685148,0.0750153874369877,0.36015923781789183,1.3886748479988225,1.389456152266398,1
1.5815108761241086,0.09702404654451491,0.17310363276400756,0.47910668037965465,1.050476141599195,0.8785384280196454,1
0.6654228165840775,0.23401280321503057,0.1420601391921246,0.8743727912411948,1.008274514666194,1.57028921470755,1
1.9131850422125367,0.08740645821373319,0.11404389370646736,0.9260106627313429,1.0340851652446224,1.0175029953554675,1
1.62729319856438,0.29135528377592285,0.033409928743804565,0.5865898864112171,1.2345241149650013,1.2037329776932884,1
0.707085754083354,0.2881948856860276,0.1049556551767614,1.3085776973900907,1.3034970590238357,1.7587464722988488,1
1.0601590270613328,0.16606582507971732,0.15906736815715591,0.7621711677166285,1.3468552508076566,1.810878624077712,1
0.5380974450370068,0.2719013163954861,0.06103305870844711,1.4580519895434076,1.0787128477595778,1.715774875102675,1
1.8359847737354247,0.27412069943256384,0.18160226257630818,0.3192356540083727,1.418402805408501,1.1377827538973293,1
1.6314627151239696,0.02925344544675275,0.17907943629091747,1.0674437007064987,1.1747225705789566,1.9375691409658466,1
1.0426045511356359,0.2945304582375678,0.09092450062378726,0.18324933847849612,1.419745208590539,0.18672706354102625,1
0.6083322788409102,0.026911064167364218,0.02632224261951748,0.6911456809244139,0.8946484082797168,2.321831873808213,1
0.5082137817153457,0.13971785665464503,0.04423353098314898,1.2281760198887912,1.1342513689227463,1.9977950842401928,1
1.727760782558409,0.14126432895871113,0.17387007762697623,0.7278360295210251,0.9283810525604079,0.7950276281218593,1
1.0185723789847847,0.1450168918756153,0.06758840238385656,0.2860925486648404,1.1055396656202554,1.438388154815589,1
1.153250297377379,0.1836474477447339,0.19953217786187788,1.149869909585164,1.4808598459186793,1.9202262449086689,1
0.9177769692591825,0.01667574443874248,0.19427940268844313,0.2513690303810076,1.1120207824029489,0.655412366790958,1
0.559923447787598,0.21427266795245486,0.13068383358442065,1.1156651300968359,1.160329746105981,1.7946855257740506,1
1.1156971020061601,0.26459155370929427,0.04174221837506925,1.1320253916456318,1.1720415017443524,1.5608737810943507,1
0.607349258933165,0.14785269557304867,0.03282989915176593,1.3324674792583144,0.8772342401119274,1.7730068260390728,1
1.0702385580570186,0.10879053352895565,0.018036284158653427,1.0748833126157291,1.3748191206242226,2.1031723535111726,1
0.5467309031368881,0.010814138277074892,0.19480811892008743,1.0021583234950087,1.4103187137409692,0.6832481400153335,1
1.5842203812908364,0.2712332815134358,0.04075035210738323,1.2731473976954784,1.4859404572789732,1.6878111092552832,1
1.2679015814075258,0.21303235335300674,0.03517703649679316,1.4038929341304454,1.1471216009646827,1.618789184134711,1
0.6938450579233414,0.11621181678585825,0.07113745237648733,1.0298136931062307,1.009991929595683,1.8627125723035143,1
1.4395307111645748,0.09137242643436017,0.05543829395137096,1.3770939213514695,1.1296985403564763,1.7998168999858553,1
0.8711911655071547,0.16446704693813924,0.1222150366382021,1.3138251080588685,0.874809330080785,1.6155718408906459,1
1.1343692990198255,0.20165568281916527,0.13086159698762173,0.7126426368068294,1.2183786891997799,1.5741085644079114,1
1.3862618773024973,0.01411923241720354,0.05992438199277716,0.769728391689144,1.1161125559947411,2.192824905808483,1
0.5892588301248611,0.08916741644648894,0.10539086031681211,0.7295787954597531,0.8184813979647405,1.7259014218597752,1
0.9313234418221675,0.2458629739279738,0.14458409410107023,1.1115760726404968,1.3143575650407937,1.7393334643429021,1
1.1512033699903959,0.09924262107282418,0.14032269673134298,0.13804571311537697,1.3049790690552538,0.23752975377264934,1
1.4266819364849046,0.23134843335411143,0.1584838290479307,1.2019686377168435,1.2894468105156078,1.6039408534713198,1
1.5053403269477095,0.2993583043983128,0.0800848889158983,0.2431367627166478,1.3460311766366835,1.2569764200225986,1
1.0000165899636246,0.10284555854426043,0.02819795769459372,1.3849181439317804,0.9626135536905279,1.8107107452202174,1
1.7729808320166676,0.07721130437219899,0.06607526371155678,1.3560367072810888,1.4100480455061741,2.058943839181004,1
1.9333033061463663,0.2416529010476681,0.17581370983804628,0.9038774390926364,1.2466031393123376,1.2164449350338045,1
1.2232052353635923,0.10896900105844753,0.0681491733603576,0.6026605715503209,1.0435786940633107,1.4267598008278337,1
1.763591287226163,0.03688180624050193,0.17851848493808034,0.9622847946024548,0.9133909003089555,0.9962767714139736,1
1.8848562366141757,0.2769222328213183,0.11179146926115793,1.4332439594567807,1.2245572902950568,1.3863768901025175,1
1.9696488925048496,0.2343781692995239,0.05041052140700299,0.538492044146487,1.1982996576447025,0.8685041023920659,1
1.7535958669219305,0.2924784245883281,0.04187492556565358,0.7288024134799465,1.3295412337340302,1.323994617486245,1
1.7034564037482383,0.27434253091468713,0.16309609115880577,1.4923856822334518,1.3085184626786948,1.5367095569939435,1
1.9696788454497054,0.15366406349870207,0.18233431211314788,0.4489487311111642,1.2062765839883838,0.7616236648475111,1
1.1376566025832253,0.2241683887301799,0.11039153219068859,0.17477068603509735,0.8994652620058475,0.4972165954980942,1
0.9001302563751695,0.08328347677661216,0.11154472420364235,0.7548022377046718,1.1348401791810117,1.9505150924168924,1
1.6736625189508787,0.054106450101049655,0.023095353772381165,1.2638891600387052,1.1484753178661962,1.7931988627761861,1
0.6513864596758574,0.07916934726506603,0.1736140434833247,1.401223584105268,1.0584698517195907,2.166057001774109,1
1.7737507285727658,0.12773669593096088,0.15116660128408235,0.22429761843081075,0.9365612901261344,0.24702211854697867,1
1.653756064943969,0.16021038509352337,0.05540549919969205,0.5433140255967848,0.9132936316542275,0.6477249202618564,1
1.6341037589316152,0.05023787757254538,0.1297376770849549,0.7977389754799492,0.9155657714270411,0.9599321960776295,1
1.7029858736153916,0.12501884025438822,0.15711907109466025,1.444757271603499,1.361846255387793,1.8447935650988083,1
1.2612240769432426,0.014345072566143691,0.10203938550654568,0.3426859361805464,1.4931163572674842,0.34969578163906473,1
1.2456012579791915,0.0777414577208516,0.07969949756984651,1.138163191414566,1.4590562921150596,2.3017528890736636,1
1.5696759049798776,0.2895755232912271,0.013453552267821585,1.4855659856832757,1.4301598826037618,1.6589909124811062,1
1.0678429408588137,0.08448873670317479,0.12387069561842888,0.1321903445396303,1.241276424782116,0.26595503591485276,1
1.2324832984104095,0.24062079378575982,0.19684524248894805,0.37031908506495925,0.8741250441388888,0.6958003023430068,1
0.6865479626933284,0.06723380400566727,0.06421100869479317,0.18674950046444241,0.9017405235102431,1.5354213466393978,1
0.902279396804677,0.08182617868799391,0.16611965902151607,1.0270534252017898,0.9067098537868764,1.7551296166361308,1
1.1647128199546364,0.21695995659301578,0.1163919768010223,0.6164765402543282,1.1842562133344066,1.4703159128846315,1
1.0383112459547068,0.2837337680167723,0.12383278221285988,1.4543066223043315,0.8903654312547039,1.4385239667500491,1
1.0635966436623574,0.29281139273978357,0.11507336237355625,1.4425504508843543,1.278943745363408,1.6699620587873558,1
1.983300917144814,0.13269851519989528,0.11983520885570192,0.8166570473733825,1.2427095110458335,1.2454956675879005,1
0.777548156467231,0.15714115365542483,0.12833595904105605,0.12452404782958447,0.9045961190191208,0.9826201892029863,1
0.8509669726768633,0.096067335274389,0.07972446049209127,1.132230475563226,1.1415193993123736,2.0224256286735676,1
1.9998923947714096,0.04393436771133152,0.13027797689743723,0.8893717031754795,1.4861441133700777,2.1404493417445662,1
1.0828536116072178,0.07098346154349562,0.14115871449198436,0.48549395983332366,1.0835759635329754,1.6636134820666837,1
1.9566252213490019,0.1483219688539673,0.13652494539884236,0.4990612042840341,1.3555277391149252,1.2575966971529025,1
1.7320878277697196,0.15557182061429198,0.18485586571180146,0.26860418951588105,0.8941696399543845,0.28342687180646914,1
1.3251680987382222,0.03106037802770993,0.16695093163092442,0.8327026557587822,0.8621271086191259,1.2806011220687423,1
1.742917388585428,0.08421699581127855,0.11542398184872697,0.9211329041396604,1.211865186049212,1.5495498062239996,1
1.6099589569628665,0.10861370262461005,0.09108098556445693,0.8167104572163691,1.060565395512777,1.2455541812481288,1
1.351625271391349,0.18481522609344478,0.1853650588547415,1.0464915634860656,1.071061434515156,1.4389293832672478,1
1.8559005058706106,0.04986447846097617,0.08578300473897071,0.6348688130702159,1.3794487912972015,1.8540929299338431,1
1.8559607593068816,0.05272610913547043,0.18600013300699206,0.33919711354187904,1.1426637107224094,0.5718222787912266,1
1.3024233464050345,0.21625290299611144,0.12731805414164218,1.0549959472983825,1.0303810660407158,1.3911366323823229,1
1.5233242871406087,0.17330363251344005,0.14481316968913943,0.4128942058929884,0.8309503054688054,0.48717184708184597,1
1.7140794049580181,0.08969363132454523,0.16538292240910726,0.4148518661145728,0.8074813282266707,0.38710951901763785,1
1.122793599545995,0.10236370781411666,0.08467054906976913,1.1503700531408605,1.3796340233549134,2.1267064885050377,1
1.6601670686783137,0.024634226486230877,0.07790011676229723,0.4113127227229383,0.8007295695067984,0.4027301916671253,1
0.574893399409412,0.2634056881200906,0.054859545964075156,1.4284971097727424,1.071211349438391,1.7095439799271555,1
1.0260267346911798,0.16591044130837546,0.16399385142777964,1.1052100716934692,1.0555793553250623,1.6352846339026734,1
0.5765673571960047,0.17510088126721585,0.17713767811973055,0.7288099343413917,1.0518858842868029,1.7008066403830118,1
1.9762046087466434,0.1427795723203067,0.1855756407478882,1.0709022241225472,1.3327197268360718,1.5103994940179886,1
1.338913033662158,0.1524521034618869,0.11586731221211247,1.490504865589283,1.25497087403736,1.8187450664060336,1
1.846928322756747,0.024082610743094753,0.12342460807127162,0.604613076892078,1.4567362347729775,2.3501472191327286,1
1.8569003913343802,0.0895456144863738,0.18232848577730906,1.1200559302833542,1.2187740294761735,1.5447568427351546,1
0.9986988273693145,0.09221865545154895,0.19003174923314653,1.3270988152189254,0.808200273585068,1.6609059571161742,1
1.5398352109898643,0.12707063922902903,0.15750075404642996,0.14641384166174476,1.2328505348396122,0.7360177540815257,1
1.6264642250476387,0.2773186245054366,0.020223958114384807,0.40426057624086986,0.9561045634690399,0.5545584480202551,1
1.5901846913413498,0.12049644340162999,0.09432366622771533,1.254214102139894,1.0781007256172024,1.5131039884016617,1
0.8447798555073738,0.12730161923056244,0.09850097234086662,0.6702921697483885,0.9691108124821599,1.5877406926708488,1
1.962015648766566,0.15064771756271644,0.03705113717645178,1.2683225649941912,0.9683239319657779,1.0937139330073578,1
1.6222194352164587,0.2661423664592986,0.11234299289226099,0.9650388362188367,0.800016079982272,0.8864712821937731,1
1.1250027396507751,0.18924503431015977,0.08692654713409494,0.8520975171043551,0.9677427789064961,1.3766090653978058,1
1.93914643294509,0.11990000618638805,0.11979318255216749,0.8071565448973845,1.309430222418119,1.4333440114595861,1
0.912689312519881,0.029579900439034246,0.1625102071850776,0.9062417540992732,1.235227234265564,2.6357347758482237,1
1.2411445829811532,0.04537867816438555,0.023806885988505395,1.2126188977267687,0.8543478627611439,1.6637671159837126,1
1.1746942244067977,0.18843967658976107,0.15850920661133128,1.4734750566845867,0.9769998371912701,1.565840992585791,1
1.2683266966417124,0.13328039753213697,0.029892964033982,0.7564022857035053,1.276048230393988,1.7545345589217312,1
1.9803302494481891,0.22328334938749772,0.09393060369515564,0.7270112997298408,1.1477721863910588,0.9353372451240081,1
1.2649829267864814,0.12942393767683583,0.02676259074603734,1.1080923588694398,1.0934966858614659,1.651142994947635,1
0.5655008491160225,0.287221074106512,0.13354762853443863,1.473339020579089,0.89412961460774,1.5915954427366545,1
1.1030986437371304,0.049791746672083005,0.09196283841195341,1.0040570941008822,1.091358614080027,2.0633894467590563,1
1.3229089010445496,0.09874994986723852,0.02157428384249971,1.0432091132884576,1.0415577614223344,1.6063736966036548,1
0.7010543349022903,0.241508067412818,0.03018473888983928,1.4602637629579667,1.207768866298269,1.7958484944337414,1
0.94534843467617,0.25530493537230237,0.02064577813582505,1.4373005742929863,1.1709462277873768,1.6827863842012778,1
1.4209241645578614,0.19467670672815274,0.14117887730621037,0.7800819136429944,1.1072178417045517,1.3234887989299093,1
1.3497897387398303,0.15630490784017442,0.03748361954157055,1.0405313210178109,0.8093453497190504,1.1779372752754256,1
1.5004524539600876,0.035048574378583816,0.016573491905519842,0.6275561811574197,1.125336989068816,1.6232476055718885,1
1.0063252679413424,0.15337662619601033,0.03466585869182851,0.6991156454342995,1.3276469057804456,1.853237954816688,1
1.1454036180575686,0.184995173920608,0.013186334232704943,1.3446942776347122,1.0826096660412854,1.6439461976468042,1
0.9172111819459801,0.21328543630646088,0.017992751981523274,0.8539608187696701,0.9991749438924955,1.4885808563034584,1
0.8578430918464086,0.19533011120722443,0.12818747226699023,1.1884446865595584,1.0285075675736248,1.6512188359932827,1
0.9848230538117744,0.08137242987756087,0.12039533906099266,1.4247201578837132,1.0206387898056393,1.9718575741394688,1
1.1229458591129402,0.10459835758578509,0.17536346840834996,0.9311624997575582,0.9250141130332191,1.5007287423510287,1
1.375274493395622,0.07840845871105077,0.0536676057306636,0.3716238018431932,0.9958219629736381,0.8896081517436204,1
1.6127572161823465,0.03593127926936776,0.19052162246575866,0.9189805879769387,1.4922479216302478,2.4813808346147836,1
1.235517174199785,0.12022981791128813,0.06730413313612686,0.9439930458739244,0.8655627979055891,1.3186377068244954,1
1.9510533641289833,0.2087297465539135,0.031390254210574564,1.2859089468620601,1.4524576211404978,1.639147679439139,1
0.6888862687653543,0.02145268750166982,0.18662137728729336,1.485296359732797,1.259946998987706,3.143058658280934,1
1.5752016018857626,0.014394487662723499,0.07508326561363517,1.0230411159924344,1.0633632799953943,1.8450168972372376,1
0.7036802330726315,0.19543766850051728,0.1236574207762774,1.279726983589482,0.8263307214748673,1.5887067271340514,1
0.748052691824093,0.09400666174249304,0.185012352423338,1.4549124713039656,1.0301191996698118,2.0326722858442228,1
0.9820279166085408,0.2601354753786412,0.11650503753336529,0.9585732276894486,1.2791615900079012,1.6532369717246096,1
1.0007385884799949,0.040892708482602125,0.143013417843403,1.0950369164000233,0.9440362019575109,2.0109897921668334,1
0.5990489761637308,0.2868549787783604,0.03192489748241004,0.25177294072059353,0.8420163023190481,1.160533175748425,1
1.3888544935812095,0.0809825483515349,0.03455641343150107,1.3784987537991806,1.3550209297151565,2.152238776719548,1
1.7436892533280541,0.09367710286326972,0.08570894817285599,0.8805722866943222,1.0771959581234873,1.2227492568877367,1
1.5003418526790093,0.05483910632085659,0.14052863169763014,0.8031279762894069,1.4461269700289778,2.2533970113651907,1
1.6054663352534986,0.027271883640829643,0.15506781170287037,1.2026354059528015,1.1318229760083751,1.9741833536813074,1
1.0581411694895242,0.23825582333759848,0.07630318673701562,1.1792783995246614,1.273805524541564,1.7022666678322553,1
1.1470636729091577,0.28118232424376544,0.15719317696049542,0.7395836193046769,1.009855628537938,1.2572952943770228,1
1.2536038483061458,0.26564542554376197,0.057530213776813596,1.275354188770445,1.1602536285866853,1.53465792685335,1
1.0812004171906946,0.01653275573457441,0.07623583122885094,0.13312799978315987,1.2159736737106748,0.3263369007028418,1
1.3876842450050253,0.2397747375993342,0.06976905643531321,1.0746103405918646,1.298109151585804,1.593293145176396,1
1.2380984458137265,0.2132492989969518,0.04119740042721953,0.7515290292176137,1.0719886864739117,1.3633846791540214,1
1.7767646998225777,0.10544529984482787,0.025719458579567873,1.058323780927629,1.4001025303864054,1.841107649809145,1
1.7243674913429219,0.07591593660607737,0.13705890251824598,0.5665598774139848,0.8408335850950056,0.5510109826959606,1
1.0169836286221294,0.26985100524356215,0.020481099355229297,1.4911450631186458,0.958417162263175,1.5140460640058593,1
1.8254638712265923,0.22956681467661164,0.11638248971563413,0.7257402816200029,0.8500448127759053,0.6413948033492985,1
1.1311278127730533,0.1500905198823032,0.014083170796257267,0.22255046763392639,1.1867381993065116,1.4619622519091349,1
1.8769703209355608,0.1801350316985506,0.048188108120224775,0.723021520866003,1.2813553267285558,1.2972356155739924,1
0.8927080787994841,0.11846062800473758,0.08028557139649226,0.5736891997561056,0.8588610665988831,1.3673377785837224,1
1.5012659662643895,0.2607871719533794,0.0714026986781235,1.3725869837412097,1.493368335240941,1.7442122336691053,1
1.0384299382377606,0.023048802425820684,0.12933589717480012,0.5147253548399824,1.1792721015495733,2.4267934009293772,1
1.288175713352483,0.2998485416338209,0.1432920723192354,0.7208822390927598,0.8002787879988718,0.9152552322970285,1
1.6092982790249926,0.2763575231241087,0.15259505583802788,0.8452367794628102,1.0902686818952563,1.146011349776234,1
0.988389411726676,0.2368386626432613,0.11395994827239429,1.4296433614374449,0.9515142848166696,1.5423131433414687,1
1.2272511682999876,0.03229552893803083,0.1825157166689207,1.4280342935787471,0.9352392398334313,2.0174478525309154,1
0.5017419287022595,0.14676356406335686,0.04468013512466426,0.7846871373440241,1.0758672172574206,1.85106558748265,1
1.6123157136787845,0.09671113200239216,0.16989592082965085,0.5834935510173594,1.236308771265482,1.4426197916642847,1
1.7039049948459586,0.0682570053204947,0.0631385568755081,0.6705280225919429,1.0127094715289957,0.9387001347470102,1
0.7986580430046375,0.13896920542428604,0.1449777723941675,1.4895763491475156,0.840792219190032,1.7224180846347854,1
1.4870721794990756,0.19953218649479193,0.09715642292408697,1.141462424150135,0.9370554995171632,1.2471638485622893,1
0.7137140675422938,0.27514057093124095,0.18583167139964657,1.3345110037388912,1.406692196079566,1.833708458367259,1
1.2103498114902602,0.20525308677273352,0.09771307434825513,0.7897296758536508,1.147024847281702,1.485650835213576,1
1.9806285592120059,0.19587050698069378,0.13467181100100803,0.10653952337644015,1.3541252343060854,0.448841535409493,1
0.6037181941126613,0.24291143650846653,0.15951383706708222,0.18085146188531184,1.1142541602587523,0.27346739417434884,1
1.4428288861535017,0.2946123340739499,0.034297222839064535,1.32665850616523,0.8493049088644808,1.200837031307537,1
1.834574018472246,0.034874304911412426,0.1718043217456642,0.48148943892775453,1.3549674354894627,1.672767438616234,1
0.6971578277100797,0.1020889926635743,0.03243759275555234,1.4708128239486347,1.0330013643146059,2.034067854064752,1
1.8742901565446086,0.050536538933918115,0.18892256815376143,0.9620755319658228,0.838862924313174,0.8054527423523092,1
1.0978814895838407,0.029842360143469145,0.03841762988963786,0.7586595843454047,0.8066424702058425,1.4375012280898782,1
1.1855691031302638,0.28043696632769144,0.14346549903414835,0.1962173502453889,1.055971283967326,0.8652706008569925,1
1.3032253293839355,0.22386665872280445,0.07261690882077514,1.258808746059791,1.075202137722488,1.4918276721526824,1
1.5496449377380606,0.16855647643952754,0.0735663103529662,0.6549647894135513,1.1869437751828147,1.3403229023407353,1
0.6757473673180128,0.18222702489301984,0.10985556044173991,0.9625942880197855,0.8597305740882353,1.559366660574591,1
0.6180139812620247,0.022339591188624462,0.11368029440681572,0.39346768346348504,1.3002266749410385,0.36349033614697285,1
0.8789792049606102,0.13593226949666207,0.19302714629927734,1.0584421842460592,1.2865125649741802,1.9606533111405215,1
1.689926152693456,0.13933883458269136,0.08272960357813003,0.3851611170161582,1.2411750732046352,1.1702018457277152,1
1.960152650654259,0.059687737248922325,0.10385796520927092,0.31112787914826734,1.0766885228535843,0.384360165499505,1
0.6408635987325012,0.14495713802775295,0.1728266308520814,0.3630856174478023,1.485435511719006,0.2288858146733785,1
1.4572790904179982,0.21993065229878492,0.10971799482861312,0.3656241967583046,1.2806537046015727,1.3227686170543755,1
1.7340265143420963,0.14707614108708722,0.18594503357286674,0.26901659409232936,1.4806948737866266,0.5080425805941934,1
1.6639491919833906,0.19770140504513725,0.18665306384423802,1.182841111419961,1.1182384725680259,1.364257838430067,1
1.4731964329484963,0.18855651327173134,0.16218864850950507,0.40928366866204335,0.9587499047299085,0.6821289439820375,1
1.0866690858294719,0.07893715353238877,0.17677932897911816,0.3752335883269694,1.3015674120737255,0.5824609334339491,1
1.64959941795546,0.2404553846531539,0.12041767522219386,0.7535699829435388,1.0095151447508588,0.9727815984747393,1
1.9855919994739075,0.18776387750905588,0.037402958091324025,0.1796777479262509,1.041429625974994,0.19918989118930203,1
0.9288394216238609,0.26464953918033973,0.08563252990044352,1.2503807098465796,1.167282998187615,1.6379359288052642,1
1.1659449608476489,0.25423661619214033,0.028031900582131716,0.482082352598856,1.022094461456957,1.164150303875953,1
1.7652731684512548,0.29611147051991105,0.06368437356738109,1.0727382938541559,1.4487084414899305,1.5346012188171763,1
0.7073821722124425,0.29385511091296695,0.1719162678615834,1.3513835106513952,1.016914866712764,1.5856042063108398,1
1.3573044189607677,0.2992382873220748,0.048826018555291145,0.2612933084271484,0.8008271289541192,0.36276560906601946,1
1.191987063946649,0.27334614169977217,0.09683654016917209,0.9592136490533754,1.3485837747993081,1.6283472067809184,1
1.598188768033893,0.04927172789022964,0.07802032815846638,1.1770970147882547,1.4365502510993597,2.357945774068606,1
1.4741125819628746,0.2839973794726064,0.19497114407007898,1.1673843897339997,1.0770714861139261,1.3226570990445177,1
0.9652235738183876,0.11388467386229181,0.1143474482655552,0.20499702027378972,0.9544226615508612,1.087225555305803,1
1.3357793853217157,0.2792548868233204,0.041353474220037226,0.8801241060467108,1.0074697394529117,1.2268399960240117,1
1.1008805355708136,0.04158824175835111,0.16781717103830737,1.355295638385917,0.9726401059785914,2.0715790677735604,1
0.8145345707720162,0.2203304883426095,0.035300154382466746,1.1875651280168444,1.2181523353220771,1.7662993954572723,1
1.8720051602406742,0.14473841939095564,0.10534216678488886,0.599979331030503,0.9146844498745675,0.5717060594391987,1
1.7343252695934124,0.05673947934976811,0.011808242055825953,0.6110667946268543,0.9248631384876304,0.6889077522431208,1
1.6868137499473732,0.282390307956181,0.13045840553333762,0.11734661244055505,1.346865600556117,0.5676476944438361,1
0.9690531015947039,0.276658959408386,0.08804077714175862,1.2753684942692143,1.0924392608699691,1.5638528216937062,1
1.81925887971587,0.25410993088085165,0.19735022678335093,0.7559916991514252,1.096784834084502,0.9642012694683898,1
1.85847385611539,0.1853871952503745,0.09236175046639167,0.33052083829656936,0.98601821702549,0.3700945929787599,1
0.9223556855682524,0.20285441727421893,0.15117078309700843,0.8970440716338969,1.2226538258396318,1.7027779643104295,1
1.8676905840946618,0.2939381529158055,0.13871239257430812,0.8270276914366543,0.8391004619072908,0.683838951889308,1
0.988761564519377,0.14098280574027364,0.029145663633320593,1.161987919857355,1.1858165075152667,1.8548157920747894,1
1.338623259898338,0.2867427409849149,0.14755219397914335,0.6576058601104007,1.1432558202652268,1.2656407081347982,1
0.9312772571015203,0.1863821526426341,0.1269577585429888,1.1644565083654113,1.2366821019395373,1.8009161107128588,1
1.9283735617122721,0.025964831491017346,0.11071417978126759,1.3240662563146568,1.369330787577841,2.3448803095285835,1
1.3609840808807172,0.29720780143083786,0.046172433054036156,0.3139572565565797,0.8376757270034001,0.4690194953759716,1
1.8466684140375496,0.20933228907595738,0.1579556008447759,1.465697906921118,1.4634239198656052,1.7105256943835065,1
1.4564041733934312,0.2060522170484688,0.019614335924078852,0.7670559754486861,1.2236302582112444,1.450021583891123,1
1.6833512417121521,0.16299327776340664,0.04073118160997789,1.1482468935528174,1.060596474557299,1.3206566249246021,1
1.7665927493643117,0.21847896696733438,0.18262585616160454,1.1251136983312438,1.3052751309427522,1.4816760475933402,1
1.6370824138292805,0.2967744874231569,0.06874023746036541,0.1804422137922455,1.3126727826782938,1.0564492001400743,1
1.4968767043062043,0.20304728359326601,0.10129329881731824,0.6979050101014669,1.4157932003863234,1.636104210471272,1
1.0127491833184838,0.2814295597436649,0.026651600423344607,1.0143330159535389,1.3865069749942278,1.7094111662734064,1
1.5353343421792132,0.24522463363237765,0.11332713007019642,0.6047519031380223,1.0245550803658023,0.9627759738767879,1
1.2376933133920498,0.20430091962587454,0.1029884218263682,0.7783131196681525,1.146708931199268,1.4685606052695683,1
0.5504678428965448,0.27035377630943097,0.18662901779697633,0.273571066211294,0.877413846112015,1.2188320566615207,1
1.0455994812807126,0.14162621560656158,0.0749280185786952,0.8536399498891615,1.316815726244725,1.8898849254494974,1
1.8413344437265435,0.16787071381903831,0.0745178426290244,0.8866718402747242,0.9888924724441776,0.9363474446543101,1
1.6217526990778668,0.12964808949865694,0.14942261420990546,1.4725246333948536,1.4286533413656015,1.9399742283855343,1
1.2372989161383003,0.25123239083139604,0.14472817057889403,0.11375368518189627,0.978032239982643,0.3591267816000376,1
1.5306735588246227,0.28027683426029343,0.04121156930941237,0.5730417604183285,0.8724707837865305,0.7044911879881193,1
1.1264319951196426,0.13884524078307892,0.14465449441613268,0.6283846509649142,0.9426554946639326,1.28073748908057,1
1.5852664054963423,0.10212167887354973,0.02735767355059935,1.0849921876798023,1.3196791656334173,1.8469075971283855,1
1.6747115469202436,0.010558557041350171,0.14620283795863503,0.6244831567669067,1.0944625902130047,1.2093154265272477,1
1.2463777934072287,0.19148007876340953,0.18119839012482053,1.1601862546263781,0.8408387145946233,1.2989572473495024,1
1.8014728448574857,0.2261958540304992,0.10211878860197122,0.42624509248977294,1.112717186775942,0.7008795533308649,1
1.5763740319435313,0.1816603484561014,0.07775830416409965,1.0779822265607726,1.0298105398607966,1.2909367297646726,1
1.8805030045779099,0.1738562070933948,0.18767868837965618,0.46012499519316885,1.3022539183951722,1.095923045254816,1
1.9846258692324041,0.28928544049211,0.042214653433204616,1.2700822753859036,1.4939096044679951,1.5563373898901178,1
1.3182579991145378,0.16900062862770476,0.13593647015927138,0.2892874223340687,0.8714531133725336,0.5007203094679333,1
1.3190441717930725,0.08254737596031356,0.17877993542789844,0.8975343048952994,0.8508372871218383,1.230468902184334,1
0.5043437097275846,0.2822769890465257,0.09951409867168744,0.6325061736401847,1.005690957983246,1.5087535547375155,1
1.905531709324783,0.27845907850544144,0.08936312071231332,1.0459920808863803,1.0126366612837263,0.9930904281008925,1
1.559611387562863,0.18059457131415124,0.15173644487853497,1.4454707241440685,1.2665805347138384,1.674032545257635,1
1.9309775428765426,0.23839527567420063,0.11631712278376893,0.23987989188009157,1.3268638091483373,0.8342871247055242,1
1.8664642166651015,0.2290403415350226,0.1740507481929127,0.24385295120528375,1.4068728256975205,0.9906822912600095,1
1.0819817295634535,0.1614611515014137,0.10583440053444726,1.2542226800701488,0.8837580460932201,1.509866899600113,1
1.7757079953097126,0.27620715218286124,0.19177963754019475,0.20717108830466593,1.4939802698669133,0.3868754617007249,1
1.6953786717557735,0.04439285552958948,0.12874404941054382,0.4864534886381551,0.8408995069343683,0.4885298545419357,1
1.6215043469491883,0.21866879366265157,0.11701052827011298,1.268818328026412,1.0019064985903718,1.279872506465567,1
1.8092540350382773,0.2753769936210116,0.057456425560247465,1.0195827874140224,1.4251737960581876,1.5090509366019929,1
0.9672790182058948,0.23028247756473294,0.13605773860231363,0.5198554947805464,0.9632231668403732,1.25259326969875,1
1.2891044271863374,0.14492821639439926,0.17087556973248336,0.300848683932219,1.4810134907585475,0.3206940564999546,1
1.9129190629904325,0.07157023649996654,0.03277409980845179,0.44987927313248866,1.383237217946056,1.5831022761547076,1
1.527502348008548,0.02183729244817497,0.07912572813952394,0.6564830670568143,1.2151750373390728,2.0712003714661713,1
0.9587657181995514,0.15669100697278454,0.09930051295675778,0.5907050316908932,0.998889930405999,1.4508281972696464,1
0.7853721033071168,0.2780307211890838,0.029441602537369778,1.4685944602888337,1.2700722218288545,1.7585831295632377,1
0.7028524156866058,0.05541206441551013,0.10266767475898768,0.3111407104878956,1.3963589927729063,0.2479110175689937,1
1.9618435376900751,0.20263202968567048,0.14219712255939107,0.8377669806621557,1.286381280595538,1.268264635851463,1
0.8494338224596472,0.1732037963231061,0.13682561324138431,0.7041350661861081,1.0533077982258274,1.5835312795291847,1
1.3925477014909546,0.07724087304283221,0.15464077468791554,0.15707955816265132,1.3739384433586666,0.2917001045839685,1
1.7129877878542352,0.19130235596952289,0.13549781064778882,0.5928068909850492,1.1742737748474141,1.105010056419664,1
0.5531596660631064,0.046041040841899625,0.07310715587199756,1.066269887842087,1.0060177856185504,2.3670404624796824,1
0.5187684313170653,0.13139102269485686,0.02409936226151694,1.0903972594018274,1.2285509862459467,2.072758810913961,1
1.253033392288728,0.1827283294604321,0.07258721874377358,0.7034625903936608,1.23972331552002,1.58390958189988,1
1.2508632655248144,0.019785364969349642,0.19384297972845108,0.25707988372118,0.9338496632288877,0.6101100110216061,1
1.8079189242443647,0.226395509185756,0.12790504423432134,1.1135489938730028,1.315946279392641,1.4707116253679224,1
1.365933993081088,0.12682201443763452,0.08767734643383274,1.4546351463075158,0.9662445407396503,1.5747970523211854,1
0.8703403342309413,0.23456815201122785,0.0847348849613119,1.4789835034982113,1.1643346426486931,1.7360087462565856,1
0.8865994157694224,0.19719648706783888,0.04330965623337353,0.6929238149338843,0.8931164473259954,1.3584243528602753,1
1.0053312040462672,0.05099553036337895,0.061917268535715816,0.14986870955851656,1.4709682564192188,0.12897673206052868,1
1.8871099100784157,0.15265970775760976,0.17495965486354004,0.6550369328375569,1.1047857799771073,0.8756501653807334,1
1.7077092175674973,0.20617176158927633,0.1972540888064558,0.4693682448058265,1.1576400220300378,0.9164121533640184,1
1.3080377965820693,0.046999380270904,0.14353392057211511,1.4171330888189904,0.9339566653700837,1.827820161886002,1
1.9858914386692517,0.12510131275905617,0.03999417983831389,0.8519523501915385,0.9657469890147745,0.7861005306483232,1
0.5749466919140942,0.25621711733842284,0.1897743311470076,1.4997691508923907,0.8916376410673974,1.6282254157425569,1
1.5367249032802348,0.20848782725759082,0.14005922822071895,1.2590598977615028,1.1886995166188117,1.5167026297662087,1
0.9160285069305858,0.20932111008277657,0.16233591553084797,0.625369269024788,0.8220675312068855,1.1942563587074257,1
1.3042913919161683,0.10823032408534575,0.07003031304236271,0.8746308096598069,1.0560267691752767,1.5352424717486928,1
0.6584858991418304,0.2146518938160121,0.023719362478207155,0.11332669474111981,0.8535713831493952,1.0676263239700146,1
1.8950632634725395,0.15724512191741333,0.05681164482266589,1.2607707362285052,1.490897072335283,1.7967577967815713,1
0.9997624965474385,0.13168938968977426,0.03193208274555897,0.9628337488709257,0.9094127947210003,1.5330629248121788,1
0.9915925857610999,0.04004580787252211,0.19718320659299113,1.0567027606361257,1.1849677950715096,2.3717059008520494,1
0.6200715389414291,0.2147930883535039,0.1272674485685345,0.473737483218977,1.0979782875838053,1.5860345461552718,1
0.6434178991629387,0.012617534020385627,0.08219014988981307,0.9580792881006636,0.8148342992147583,2.631852297632409,1
1.1883350815522473,0.05351411956263647,0.18809907257748554,0.12552928325915463,1.3789392298508885,0.16542706149468991,1
1.5093299070084434,0.14796352324197243,0.1558224754509817,1.0917857916883174,0.9725131220481058,1.2988958411347185,1
1.6708620751328438,0.12247601315164267,0.1537980126249929,0.8354368800273912,1.41029815139819,1.7629460749310086,1
1.2744772033870337,0.22433965599158215,0.06029535861436722,1.1091476949465917,1.331123246799776,1.6916220624544214,1
1.1040537584405739,0.11270607363653158,0.08876857942001451,0.8168322744191302,0.998401516694863,1.5540410419460504,1
0.9193812025371365,0.27866978233391915,0.07390099161147502,0.10659122624451303,0.9581473694565859,0.8682062179901892,1
1.737345922958986,0.2586018142295434,0.10701737997108612,1.4243281378513821,1.472199126107402,1.6731414081549394,1
1.7599217648628613,0.02285688721122489,0.031316478415322,0.9762045872550101,0.8282452814361215,0.9008484958235615,1
0.5974850974589287,0.2866973977964331,0.09370506066025018,1.0388639642914896,1.2213127570561653,1.6994405207477916,1
1.170658546954333,0.284951434609356,0.15745862003348285,0.37237186793533916,1.0634602109663371,1.0951783196291576,1
1.8294135884880478,0.11779328907933036,0.15220638168681225,0.43256562953194433,1.224925014904386,0.9841435623952949,1
1.6099303959017415,0.17587548252577387,0.022547378002370937,1.4914937702852045,1.1802313437237608,1.5976617830862974,1
1.425160570356426,0.0734017654159794,0.01213371027622982,0.3616400640299823,1.2631163158304142,1.6993347415246496,1
1.2571914122918781,0.0745658133604705,0.1293470957153802,0.8401976230844509,1.1039246746677192,1.7364962790025447,1
1.5923813056470786,0.2607809123706218,0.1367802232095504,1.4863924565132332,0.9470990425662505,1.2892169923954775,1
1.9466441938186647,0.032382917443272256,0.08682705767253991,0.9571694097367147,0.9960860385630447,0.9797602655363749,1
0.7292378584302812,0.08330176485629934,0.14296650927169646,0.3795733979789645,0.9800566069791864,1.6746128548171217,1
1.5940488727778888,0.10140542484699322,0.05580594488534837,0.3430534349172217,1.2993792431062698,1.49047457857492,1
0.5740756166118601,0.02473815878223174,0.08481639064132068,1.140066562978231,1.104098925522534,2.8587244947577215,1
1.4750070543939635,0.2855248192891031,0.16473166440661755,1.4138909663044712,1.4170965655308958,1.6592703862259897,1
1.0933703475708894,0.25533045771174956,0.13380055285479717,0.6068073226695913,0.9159325629152556,1.135796308757933,1
1.735637024867159,0.10766420966814179,0.1747525733089449,0.47182188341525966,1.156693220131747,0.9514370320226871,1
0.6301585181637148,0.1785675531460329,0.16377014223027878,0.2599276927344999,1.2660672151019043,0.2614678390961361,1
1.6268054397668428,0.2474949532563099,0.12564707890890545,1.3648734270860559,1.4446946281955966,1.6858128433241673,1
1.0541690573334668,0.12665974019615087,0.0743948617698541,0.853267540623763,1.195631446289339,1.8046990601844906,1
0.9438391799144601,0.10818908209491629,0.18411489208738083,1.002190716136147,0.908758327485959,1.627639991408344,1
1.6005348352468876,0.2655542987502177,0.04393020700169076,1.4733058926224338,0.9100138128503868,1.250157640399247,1
1.5517398102088547,0.019382171710094348,0.05911309376730758,0.6857327168187599,1.3669706658034344,2.6148754254571718,1
1.677256890529366,0.036764267741408715,0.13613246152947342,1.0518096299919797,1.3602033323937297,2.2603461687295634,1
1.3394412338342774,0.2823936510682382,0.19209982793689653,1.056391268987048,1.1336758514506164,1.39607277656961,1
1.445796566114052,0.06564645000641739,0.03406471028231779,0.12832995936053368,0.984691168786886,0.26871263421728336,1
0.7288429747766144,0.0694178132777523,0.09531362903144328,0.7816149187925184,0.9343855483313843,1.8860359849062538,1
1.4734668279410625,0.15527959520585444,0.16240979624118046,0.15920818754402338,1.3375928378481343,0.41811960279078914,1
0.8151334588565257,0.20003030312925388,0.12714780895772324,0.6296284512539879,0.94660122281518,1.4196368253387552,1
1.2740411151981466,0.24599185701340007,0.11402869629081018,0.8604645935487278,1.0424308351653142,1.313080302986055,1
1.9025340394508492,0.22227542485451637,0.17551285750753945,0.381633160041154,1.4216289360758299,1.219583591946803,1
1.005389005746565,0.07573666976902889,0.09501646799186532,1.2598614520371874,0.8271034498203392,1.7147250426497498,1
1.900570010383808,0.03702690155477699,0.13791401139921025,0.11897511198041898,0.9623050740024163,0.12096632431446742,1
0.6329128682859632,0.18099211145359337,0.19247031965173847,0.1960951720920439,0.8115268132303943,1.038734704906887,1
1.4823487473605719,0.14281049744402652,0.19672886304026818,1.080431833531585,1.3936996599694624,1.8228761147410566,1
1.2703753425023425,0.03783553286322704,0.059657012142278205,1.2826719802783328,1.1435449935037358,2.2479325973661473,1
1.2636762130166586,0.18182656070891984,0.06397435661046837,1.0846426580964241,0.9276615459761515,1.3619789268345286,1
0.9544081898550254,0.03004601076580106,0.06677129227304138,0.8415656019993699,1.0566397652711421,2.295906835235904,1
1.0670507705100727,0.027629741442967065,0.042298599370772676,1.2534453061310058,1.1203276258595292,2.509843866676322,1
1.94147655818215,0.04449555974125236,0.10178082536986224,1.4392516085321305,1.4354647303260273,2.26851079573362,1
0.8584634854692738,0.020855132569106948,0.16256133804187936,0.25984876793357436,1.4415986651759691,0.20921341855172207,1
1.9997873051312727,0.26166468993074576,0.028188681051456638,1.24103218329064,1.2047675612648887,1.271343453570617,1
1.6903996867874302,0.11332737518151778,0.17525581735509121,0.9383009653302439,1.2350545370939465,1.5441902516600272,1
1.8072156446284415,0.15127098987987012,0.0924929365787138,0.7255653421929443,0.9278082881571712,0.7413454018576285,1
1.027245958681131,0.22239821597916984,0.045834009864349635,1.0941541926972456,1.066107024270073,1.5544379941932718,1
1.4371809839096283,0.15034058956045687,0.15283804245894095,1.020521401661674,1.2028337843997898,1.602343984152361,1
0.7073689166024,0.19901142436503583,0.13877457981652158,0.6457382184051211,1.0768373909059612,1.605158318524607,1
1.0988419835656302,0.19971740935621893,0.025995560152250005,1.2863285671347995,1.3714755633880265,1.8540543590293685,1
0.6840206957388355,0.2575613082724307,0.11139803603464879,1.4292273716284785,1.1973156961366072,1.7615050588832353,1
1.0835938241683998,0.20135782162424942,0.19163727140286846,0.6331718621240336,1.1456685382849,1.4761005257230613,1
0.9533254759617833,0.029731709669322495,0.1026882859908896,0.21820822789901367,0.9466408723693076,1.3803573826903208,1
0.9094901234678736,0.20412116215280518,0.183786467713627,1.2407288195367638,1.0934900400354586,1.6732356652061968,1
1.722967918405304,0.14287690797353336,0.04618927979667418,0.5245632606508829,1.4145627736539175,1.608362980938693,1
0.546890386084707,0.08851125074768011,0.08174506601320408,1.0718214991735129,0.9183521419059437,1.9710950804117966,1
1.5172695720005924,0.014848777937945836,0.12893313226242817,0.10346593368883172,1.254986761405803,0.6036993771375981,1
1.940714600633431,0.15679815245025752,0.13411288101694868,0.593487521989428,1.2212746228790228,1.0230098296998367,1
1.0856906132943478,0.28359528450226046,0.15603195491713015,0.2862476105761236,1.1662503664028037,1.2384499820068788,1
1.43260350690682,0.09515691891769583,0.1264873822951556,0.12390539126189462,0.9023683256321627,0.1970288828550164,1
1.515615302218995,0.05170665440889023,0.08638542158817887,0.7339022986103545,1.1455954588806438,1.6393154287595202,1
0.8196412164048341,0.0357656614117755,0.06953050243056141,0.8735741027632339,1.0619499625153206,2.3429272223074786,1
1.4902775976944937,0.28963529602596383,0.17798339864498386,0.5625376978584462,1.2606930159062522,1.2753040540899299,1
1.8773868903960156,0.25563909349115777,0.15034674244314994,0.6483431222489653,1.1744391871465956,0.9739456334449716,1
0.6404576175511594,0.1348649050421758,0.1503294961965927,0.6091761277791488,0.9069794122214613,1.5909146067176057,1
1.6803536434752986,0.27194528907149806,0.12181984719290477,0.23490366749389993,0.9984819998685603,0.33736207687673503,1
1.755665754758866,0.14310022651185375,0.09680725803171603,1.4212571623159893,1.0946732474459504,1.4622080586602146,1
0.8035682412506606,0.1292034659972772,0.09178299880066647,0.20166969310398902,0.805247618048716,0.9068233738231732,1
0.8865610243361244,0.1299501894821184,0.19880578731328366,1.387202210799124,1.4540442721359295,2.169158181642675,1
1.5174447559460713,0.19707745170484128,0.12638781815636127,0.11209633683794554,1.4578413844743996,0.17651461002970187,1
0.6861584562277402,0.1975396925361613,0.15956888435504943,0.9506118598779425,1.0680376545281647,1.6839290494693904,1
1.7985840962835526,0.02091542258740852,0.18478830879522423,0.4069721806608779,0.9739714402341351,0.4680940934372636,1
1.9499700332334005,0.06613937078045885,0.13654351432232067,0.7861563328769677,1.3810015514462417,1.7303278329346512,1
1.1475207752399548,0.2552587779030137,0.08487844065632216,0.3412756599763669,0.9967012488809299,1.0169602175558676,1
1.084045670010398,0.2542176797150697,0.059560166167629006,0.7133879026462924,0.91795216606509,1.213114511405144,1
1.9864403874749414,0.18477495053300363,0.19295115448143518,0.2594587710995053,1.2121524694136603,0.4535863801326144,1
0.6420326970848336,0.13203028996153385,0.08932902567775038,0.15098499307905225,1.086774956402282,0.27589829740784094,1
0.8777895793894552,0.09834691628193004,0.1756149915583581,1.1334307836127886,0.9768947228913158,1.8204286073964355,1
1.83226880344416,0.1876486511596779,0.12841950613507666,1.2304076831557065,1.2390021600391337,1.4588060937110632,1
1.3403955657472284,0.13707888328495332,0.10937808552512518,0.5039848021488987,1.197553048765089,1.4778023279898265,1
0.553309123485515,0.22791179840439155,0.19768817688333398,0.9306015930069566,0.973192092548884,1.6033580037899016,1
1.7156849314223392,0.19555634617984352,0.13999014211268423,0.5981530085297,1.467147558323091,1.5769049419223007,1
0.7033573764559377,0.2636373713849802,0.09408668555858495,1.236260083058305,0.9735720390890188,1.5782803171626614,1
0.6271623065103493,0.28282734748478855,0.1833411814585289,1.2731176710085086,1.2511463791955693,1.7430367277983776,1
1.161845959360753,0.28360452802501135,0.10276433539830179,1.479626411547439,1.302697839040333,1.6783760831521477,1
1.7517624462944004,0.058653398856367986,0.01865012754552437,0.9172452094856145,0.9104097243407246,0.9611213336564333,1
1.647859453261435,0.08235262855131584,0.1408730756519768,1.4735820862983893,1.0105748825190128,1.561712024131319,1
1.8891328730743229,0.27982592614270096,0.08069759091071615,1.1486952420076182,1.3867979299893036,1.466655680095611,1
0.7457071205268302,0.04342354275820412,0.08915229482920814,1.1136178948209483,0.8050076207260137,2.0174909448493934,1
1.098430118954041,0.14557499848151734,0.16734406004955912,1.0751722096272127,1.4544484092549013,2.01252669811626,1
1.3333951115129727,0.19549321041488638,0.022640695614313283,0.237503253535141,1.253589753386289,1.3543907951580358,1
0.8703910527420844,0.22667711740550212,0.03177647168208769,1.4407551046869471,1.4062632047144028,1.9041548500130896,1
1.2534411904776903,0.2932203270182331,0.04667173657793022,0.1817660270415302,1.2251482641873337,1.2055257461114153,1
1.399921687667483,0.02246478521352037,0.03455515937017114,0.7652919515261946,1.353291371674207,2.670599926562809,1
1.216880929460168,0.21525778742858648,0.034952098969496186,0.8797741987318468,1.0489080023141706,1.3967917637491727,1
0.9767169651020143,0.053403645015141686,0.03471652521169949,0.8058820235550277,1.123074735978168,2.112045986304059,1
1.681042142554271,0.21124418559735209,0.031509362668548355,0.396095343193244,1.3149584152917582,1.2802423870317303,1
1.7897039698141994,0.1250336322966412,0.1785510800781652,0.3593118853707127,1.4868950797214755,0.7537481419673534,1
1.8065972724708526,0.18147162851963036,0.12276855901626275,0.7242205797457676,0.9716393788543403,0.7916156721851358,1
1.899553919803522,0.15502277813878856,0.11909176218990619,0.2594307766737943,1.1059968364976127,0.3754849359142934,1
0.5176188694238621,0.23449559472000378,0.1679190500645929,0.2941137616901387,1.3967494041659738,0.20254237758431068,1
1.8617098750723484,0.18330100808986008,0.12026536239830764,0.9829434294200948,1.293615815335476,1.4312035158703877,1
1.3422692100752993,0.28775017279534004,0.042028668017062815,0.5107959215264156,1.1023407863320451,1.1500576508479767,1
0.7459872231961543,0.031967949729539466,0.1638624118576341,0.18593760681240318,1.3714653583809095,0.16071319430976058,1
0.7293123122305415,0.19783507319909535,0.09368316863368444,1.455781527273128,1.361546697462273,1.9676145932582547,1
1.832773862926984,0.2374121510827023,0.030297424573908625,0.8243845291198145,0.8545192924325449,0.7212369970794402,1
1.9222394102646527,0.038064063817496066,0.08944301721185278,1.4842449027643392,1.4356742500154078,2.370854153591618,1
0.8872896450228216,0.16788528623406412,0.16574075045886172,0.3808370909783465,0.8989853712046949,1.1837422072506265,1
0.5433803262920129,0.1768861395665181,0.10693767695083817,0.9420179947304034,1.1517135376520775,1.844194809143816,1
0.6762879532358785,0.27114296466327004,0.17630309175413028,1.2456730314341584,0.9961683633556755,1.5889065727034817,1
1.1213370731000136,0.1632765525273742,0.15389307957213907,1.027532157040562,1.0035345495517127,1.519549748765391,1
1.4420230778540524,0.15398812427518396,0.05324647611232001,1.096176691387422,1.1587829792443067,1.5759087768438402,1
1.7739785378461923,0.2727324756871342,0.11705662140478336,0.5941453857846254,0.854139519212722,0.5575690609601697,1
1.3823284034365226,0.0959740281241872,0.12104682870863114,1.1488781227557685,0.9382217356510245,1.4631305138454658,1
1.7739912659649015,0.24326935301162758,0.12492600824141807,1.1427648724362012,0.8335809742505681,0.9474467366521454,1
1.8424502536925933,0.05780573583515175,0.09932685474883142,0.12050288602093784,1.074720411920874,0.173211636471174,1
1.8935028480055007,0.29508301375802154,0.15987032338361473,1.2203188040204427,0.8998400847799519,0.9713880400934429,1
0.8819821978185558,0.25631620210372463,0.04401878325380638,0.597673667707878,1.131333093261548,1.492655516136048,1
1.958429513636248,0.19488393984568086,0.05272169858318484,1.4696146437080728,1.3844440457735732,1.6289045491744798,1
1.127869575375346,0.27406438444294606,0.17386656224648303,1.074215421799127,1.041640229610565,1.418082458246089,1
1.1259579699440363,0.08691783158563507,0.18595870397958797,1.3547670455348029,1.082297047864027,1.9113583782617312,1
0.8985657224592566,0.17375714552741198,0.09721131683509779,1.4729874335734336,1.262161019320918,1.9130692015423816,1
1.8066065796090205,0.07987544966000168,0.14559184052978452,0.3078935316526038,1.424693997776329,1.4798284365889887,1
1.1727143598230572,0.21788830663524372,0.04423731339337285,1.2762427538601262,1.1535214373461997,1.6221763095485375,1
0.6460557952337047,0.25310408323695865,0.026468115953634838,0.3562925986126857,0.9055237621566219,1.2969526692771267,1
1.2528735734016612,0.13393380602468619,0.12488644561629242,0.9588853358263971,0.9263323668802816,1.3704514326608337,1
1.8799863850333867,0.1836145635639244,0.12668896135896093,1.4874689193357709,1.3097312354403863,1.5992164555977455,1
1.772775134525588,0.02190880738475566,0.18894805749152388,0.45156234254348304,1.0229746920806535,0.5994561126507177,1
1.7784310898584885,0.06378224411136695,0.14127781920103433,1.042367465216784,0.9566762147924792,1.115207117545605,1
1.9663134482005225,0.1959481471179668,0.15859076287190757,0.4650170062707891,1.0571247449146917,0.5315730294055467,1
1.8317532130797503,0.23247136401738297,0.09016728921985236,0.655917216299838,1.1120887881182624,0.9254803730973218,1
0.6000609760317311,0.1566788383870249,0.13109514724997778,0.25727298077326677,1.1912516688595933,0.3088883256181355,1
1.0628946480746742,0.23227383692350118,0.06709036358635735,0.8250517057698855,1.2931641885954819,1.6587945121252186,1
1.8405920977195374,0.03749468716856411,0.18669934301775806,0.41207068461608065,1.038148208366702,0.5224216943313401,1
1.9592598770095395,0.06306644181467792,0.18970724483389498,0.5727787786283628,1.186789664684964,0.9216790421850634,1
1.561884565284565,0.15475699972091286,0.03430201737098603,0.5392763402141685,1.1936311015058996,1.299506220193182,1
1.8659095654450306,0.15373884693737752,0.17882589685581743,0.8009548676111109,1.3255413210878197,1.4279600187674386,1
1.6628302957216077,0.26430200010927685,0.19466195705466346,1.0377492768410792,1.1235651689932564,1.2485571713430528,1
1.598295985030945,0.10964896383168458,0.07041556290018058,0.6059628202381188,0.8408228660158545,0.6681645366128244,1
1.0220559651694225,0.12328296384198338,0.19817646915293016,0.5485917880237777,1.4962117819538565,0.439075674812782,1
1.138617559957798,0.2995345149483432,0.10426349047590414,0.4042794616930152,0.8961454841425105,0.8819131227638535,1
1.5746730673412328,0.2819299143184786,0.02035855838988538,0.2795381234618096,1.3821476272720497,1.3259102735804322,1
1.9596666705701682,0.2322545605765692,0.19307897869787852,0.19416381969694727,1.2329832052084833,0.38631256744842163,1
1.0818146851008303,0.043372186949646195,0.12970637816331856,0.6385260708290935,1.1911952138365516,2.159266062316712,1
1.7898884163095239,0.029441378253106575,0.07752886534581625,0.19191578184757152,1.334740507597173,1.430433108481157,1
0.8924272840770366,0.20227268561452927,0.07974407225000162,0.8624323019734962,1.248572128004254,1.7377073506151692,1
1.32417487902186,0.2301922048604293,0.09200139434507523,0.9161450419263713,0.8196023542871307,1.077860972090637,1
1.7791357732326927,0.23314749618450856,0.1756758740834499,1.2747566198717044,1.3839862267592518,1.5791078575329187,1
0.8364653865599148,0.18397860517689416,0.03489448818752848,0.6828502555777958,0.928676098848265,1.442721822641703,1
1.5747108775392593,0.29757126415181906,0.09692381786577602,0.31954473232310276,0.8800103119779535,0.39483132186753084,1
1.024707987342263,0.12923179222092607,0.18681481664906424,0.3652591619738498,1.1022193736042851,1.4328576806245703,1
1.788654580580501,0.13349417840821984,0.14468083110267518,1.0023244052145344,1.0625927488004212,1.1909949503202244,1
1.57993174851304,0.12124013808374788,0.17559277355601158,0.4562962531589446,1.370362151405967,1.570377552025585,1
1.3170290604269466,0.14993393776736444,0.06738015383571454,0.12752759674167582,1.17184826008182,1.106016101538998,1
0.5427888422102782,0.2934261269141651,0.07495436085329593,0.8627194036280946,1.033314455304601,1.555660215167432,1
1.6130701135140275,0.16232575386053497,0.08084268183236469,0.16809851534805703,0.9054378878953953,0.21096105892296382,1
0.6097947716798694,0.13975941947554657,0.16569659333703682,0.28798794444205017,1.1700244430678084,0.36828562580303104,1
1.9948400476388983,0.20498573573168222,0.17999830987761864,1.465184988391603,1.384256385399678,1.5861118202447035,1
0.5064527708357655,0.2880473072141052,0.12984273178576744,0.8295566359624732,1.011877186886893,1.5490550063416704,1
1.6820647913023914,0.28083146557458294,0.09749379114608346,1.0577569710195942,0.903245683536549,1.0070046756829247,1
1.1966244914035178,0.2992986315344579,0.06939803505576705,0.4036837046672189,1.2048001248319675,1.3103208086521825,1
1.3068279779973622,0.2626689028406189,0.12196660179380153,0.37571049540910906,1.1109564298464953,1.100466344179531,1
1.9156197923632077,0.21297165879465504,0.08003075900586681,1.2446877064977855,0.9845207297469529,1.0928530639609983,1
0.5232800253402883,0.2767597026814253,0.07910767952301677,1.0481077963877694,1.0541430449827023,1.6313152153506443,1
0.9421133293612997,0.2329363185551238,0.08563070240503003,0.9612815157411795,1.2149613131822785,1.659404697840317,1
1.9498471586034074,0.22681451557648064,0.15965968712219247,0.4531643688901855,0.8293088299131783,0.3564583853461911,1
0.801452142388182,0.05926734748106067,0.143104958893397,0.2786557100455326,0.8682924743494694,1.3396279561439324,1
1.84590159404245,0.2119763133595921,0.05517489559809575,0.6455505054969213,0.8827814883072245,0.5953417734103982,1
1.5513981817321107,0.032326338468571345,0.027889859734454944,0.5008439024523531,1.2137908329917302,1.7773893813985093,1
0.7450089669798043,0.13921580702511027,0.1050227225106597,1.3405445308474335,0.8433454216219157,1.7105364293408178,1
1.8486110239290068,0.07177747602160434,0.17222496668702172,0.9372734201045391,1.4734630566215072,1.9992358489780448,1
1.3750179064507777,0.1914052888141724,0.1676106665795806,0.555639015020616,1.3529200312812968,1.5701225952955673,1
1.5121002075141137,0.21391052468691837,0.10293549383583274,1.2259519981479339,1.1135224393254401,1.4384377619312858,1
1.2011232658853643,0.2293870555148148,0.08110944216978093,1.1130328787717088,1.388976498474981,1.7527451800538631,1
1.6658035308454489,0.2018751942102641,0.06258917255017227,1.1830291071276047,0.918734506927644,1.140795712447651,1
1.1183040001543558,0.052135692959022546,0.08062078406061549,0.4927859771496549,1.2047023725145372,2.031742850011428,1
1.7694785809817009,0.07992274195087784,0.0974950118497089,0.42577465256400004,1.063567741305657,0.6495907844272419,1
1.7489258151108777,0.010085403283909493,0.018618333128017417,0.8068520208082014,1.149665557965751,1.685882851573322,1
1.1035109189544348,0.21531166375371416,0.16198201796264558,0.11067935717247479,0.8013069772168415,0.23072922328193168,1
1.8894103124218398,0.10772340490322435,0.07459469370899754,0.9579007928452362,1.1491882477276705,1.2747298609860467,1
0.962318896972272,0.017273059191206426,0.08716923171080829,1.3863322932907953,0.9296631459263144,2.531710667229526,1
1.6892992138935239,0.1290833866574526,0.15813039929939335,1.3973156493437566,1.1153898844400214,1.534969115517482,1
1.7596048886831661,0.17062425360719505,0.1315629529705259,0.4594431221627855,0.8785431257619787,0.459792378162138,1
0.8084219761293501,0.09554251595479352,0.19748864204784378,0.36078684684908957,1.123006191031381,0.7390247677996203,1
1.4026535515351304,0.06998758579465515,0.07430263872269753,0.7309329058830764,0.8278733214811461,0.9647140381703099,1
1.0919159912119785,0.2950893310218593,0.13946512320148063,0.46599163891784934,1.278384253963428,1.4477916099686676,1
1.4835214395111556,0.1018570631763379,0.04982131354430237,0.9591249241062875,1.4844361904128012,2.073453388288589,1
1.0910270604446435,0.1904530947201518,0.10931328902182653,1.494259625770689,1.042985263586956,1.6547865506356674,1
1.267630317644118,0.022207961623285765,0.05102434661161218,1.4469726369470575,0.8757397295929819,1.9991509235997753,1
0.7041285926242604,0.09514984334794102,0.08733368497979654,1.4264158675301173,0.8095954505050035,1.8616285313173504,1
1.5908637269201797,0.15460830523239336,0.051508567232373216,0.7413961939208551,0.9251423596576916,0.9202161943006198,1
0.8714575517146745,0.1190228532979322,0.09809462793920402,0.12845355803456476,0.9658364829211654,1.1347359770415257,1
0.5537063330147174,0.26354832148661,0.014385412031091536,0.38205995644478874,0.8547251935386982,1.3000200463474176,1
1.5087067976118198,0.13735937316761423,0.058598607177354975,0.6957757270131554,0.9867934422999898,1.0701985857731158,1
1.5997375412953008,0.24892481706670672,0.1328668158462478,0.8834234886254575,0.8554431647508607,0.9031928016078382,1
1.165023648716343,0.17288805449180925,0.11216698435343285,1.2962175664344342,1.3785085172524223,1.897459097457832,1
0.7548239326276572,0.05449730869245308,0.15605870254703177,0.3032265601073768,1.4961480977002175,0.20190345198941295,1
0.8557652260304829,0.1485135888660414,0.0391356107817768,0.48235884393889206,1.0664010150742071,1.5832510674085476,1
1.4857581374658386,0.2506516467208803,0.18138225458678234,1.3250824133549717,1.2577636033034145,1.5554434075378885,1
1.0145839878194796,0.026640170527966113,0.06102526747419778,0.8465189111265962,1.2134626533522832,2.610788132743568,1
1.8051947882761332,0.15439772933380128,0.07342363111234564,0.3092248653590816,1.0881684368628906,0.4895135954973459,1
1.6961256242720173,0.12893186784936836,0.1545610223430733,1.2810290637603772,0.8718380811330249,1.169689209538673,1
1.9107133199958708,0.15731980331213233,0.19965819392886008,0.5339436069318708,1.1583702461482095,0.8156465249030869,1
1.71085157004406,0.26938401850066546,0.08096425428509721,0.3362770454383285,1.3775205226233576,1.2630397465266268,1
1.7799643547589874,0.24234609313098338,0.144840205522641,0.374722587237876,0.8593753031105573,0.3564447164727844,1
1.163638602806949,0.045590443008312616,0.13119106910962322,1.3111493240214482,1.3594254039202198,2.5317147595308804,1
1.4187242045815642,0.2823489822388758,0.16344481361317978,1.45644579267559,0.8753145649375427,1.2810796090145438,1
0.8929707046041665,0.19717220422321868,0.014580834913938339,0.9588048593757124,1.076077057154356,1.6231850009970317,1
1.5139654633546755,0.14143269433945624,0.013617888967631166,0.35490388395129024,1.1914559631764272,1.2202592264128567,1
1.0687392437823977,0.188302236650305,0.1423033052975554,1.2228048283610904,1.3023020118660151,1.814322645062096,1
1.7340262964323552,0.0601302736590139,0.13942554765958962,0.611981526939148,1.3181713256175311,1.6991922944613873,1
1.7177827735388511,0.2716311829008912,0.16871046248623997,0.8533680678475734,1.4123998473288024,1.4752750647360484,1
1.7524395874338472,0.27229625689892134,0.11712137266713586,0.5250876797662125,1.326059143689669,1.238549462816052,1
1.2818598816320421,0.21351395901184722,0.07669070461181088,0.8106139120278583,0.868834889854881,1.1083238610781496,1
1.6329600859930458,0.2671098234375323,0.17863190923396685,0.41000060846081343,1.3712915689289056,1.2831968183444784,1
1.7291838281385328,0.2477757955402698,0.09874540941835577,0.3390569402653413,1.0119798450859803,0.471121157430063,1
1.1276049748356771,0.25741237716849386,0.1873039352619186,1.194949426533478,1.3835923408099169,1.7262393276969201,1
1.5067037537624726,0.18184648885988938,0.10600614105590567,1.199883835982061,0.9820171367907801,1.328956304257968,1
1.6311146167447652,0.25417803826871277,0.0928114809007799,0.23661994264827216,1.0914757356208908,0.5121950026169391,1
1.9260139653097266,0.1611841090920735,0.143094626401305,0.9900988273584936,0.8163456867409139,0.7622765822488103,1
1.798927285515347,0.0985239299189581,0.17566820159788066,1.4406097639332422,1.399689596621628,1.934845908096547,1
1.812614745876981,0.03157468586982889,0.14824509669918903,0.44639633630819775,1.4877319986493815,1.0167135271975989,1
1.4919420063800393,0.2894855207504653,0.12923305340505478,0.9353790744375032,1.204004061546682,1.3636965245082435,1
1.38075099487516,0.2679594847053965,0.11759988592939007,1.0074803129130487,1.3003430688070985,1.5414780116902584,1
1.8868555873704511,0.2407310229744974,0.10118685546054774,0.7262668729635589,1.0590664094224373,0.8528315803309486,1
0.7667079147825153,0.10321668664239109,0.13537177925988136,1.4876490779881133,1.1895390972721676,2.1300201690990463,1
1.0782759044966852,0.18232655795375474,0.19118736488468505,1.0799657660499864,0.9012665042720454,1.4261494137606414,1
0.6173930616142654,0.17370259670175525,0.07781456179855267,0.6949966241113451,1.031710319129738,1.6748036181299355,1
1.3291050575814438,0.03642000606627076,0.13411093357510326,0.25762027204454474,1.3950767673171622,0.399836120980068,1
1.7030089625744265,0.17558696475708016,0.040294421590188235,0.2819623105246999,1.391244198573903,1.4032467083318951,1
0.8187222441210587,0.18721901927318077,0.113964677807691,1.1522865302724767,1.0373447529934714,1.6803308774938406,1
0.782819716460289,0.23542923459939438,0.19041718829598073,1.2249060640476581,1.397303520251593,1.862609650450983,1
1.6303741762018233,0.07925182673157605,0.11632045681798923,0.8201859036549636,1.0537837621559563,1.2540749205691115,1
1.0868298254233932,0.026364625875562812,0.16045525128679636,0.5246066544771951,0.8802397696363367,1.3399939542265902,1
1.8842330912764884,0.04792423728648003,0.19172957918660938,0.5428038854171734,0.8825814517315673,0.4847345645158288,1
1.2086268195404952,0.24530665007092756,0.1320982647385643,1.3574339475580877,1.0862066703897542,1.5323683428137507,1
1.995964893758182,0.10524529564663256,0.1969269425740333,0.670037270691591,1.4457797019615326,1.5790505682759137,1
1.4623662783365239,0.1133649582422313,0.13160825830253672,0.25047179090210114,1.4506038765733988,0.3747698681216357,1
0.6481518774866126,0.2970435959434987,0.03085400464944428,0.8400696932179069,0.8992744198357175,1.4186824112418306,1
1.4643503652819427,0.22303180528475788,0.16523915823319843,0.9286184308728518,1.1565331066080828,1.3864956876676073,1
0.8189272253695479,0.2260402161418429,0.011587908030322669,1.2467970038326464,1.324738542538787,1.83848168467799,1
1.9220202557935517,0.20804045689395045,0.09498054597551964,0.8504809199722253,0.9723950083171496,0.8185854608511253,1
0.9413495760733395,0.054290547874603516,0.07616242089335906,0.8333373738554899,0.8162863206906724,1.6221231498131798,1
1.8140639557590712,0.10552429627883517,0.02478204557126943,1.3525999577977887,1.4369309642735986,1.9455875175270267,1
1.5251582281501042,0.25145611625848985,0.18643718938797554,0.8809447802344982,1.0939546563515452,1.2291116790656105,1
1.3452699852358005,0.20883326551248593,0.06692814701831877,1.29886260553453,0.9387474172724237,1.3808350607726596,1
1.7439705458103316,0.1834921032847805,0.0424078725250585,0.3343887515636473,0.9950514037356041,0.4403735885227493,1
0.8326074365306709,0.24317662517355934,0.055210361248444965,0.5042286312366085,0.8132848759089126,1.1493543495825267,1
1.9674784018197333,0.15059907145364254,0.19073696893300895,0.8616119035149069,1.4293928888803866,1.5592243577349314,1
1.8674685498858035,0.2582293851515168,0.07999103540965799,1.1345669076227396,0.8048972399707205,0.8650482003561163,1
1.3423766077791246,0.23246763700154593,0.029771888281849415,1.1866468949299434,0.8192769160968973,1.2087974030143152,1
1.0342341166875066,0.27838563863858784,0.1722118509514451,1.4619931360889191,1.1121328928445544,1.5870146830635257,1
1.4321183773499706,0.1620514169514317,0.0850402992930593,1.2499262765762855,1.2019726563759219,1.6554650739792451,1
0.8535548291652071,0.1041216132751372,0.07082616407287474,1.464346491339057,1.0961098463149987,2.0140608222659986,1
1.0477431582501828,0.02617955284542569,0.1572540426271462,0.33950729811194347,1.3670284476709824,0.40022353313571496,1
1.413431253896218,0.2182180243544109,0.11405204410438968,1.4485003497858426,1.165922735748886,1.5811170260261078,1
0.6383674187936382,0.052248338564822965,0.14268741530973889,1.010970369139208,1.1459868759281049,2.3897762500021886,1
1.3597756837776358,0.2867344141054315,0.09090941072917165,0.2965153288999287,1.222964140402274,1.1896423591620657,1
1.664024209909362,0.14658542426179305,0.08408431157968414,0.39392975320009205,1.4361308712295506,1.607462371743806,1
0.6311118548900282,0.18320973224119896,0.15492793455517026,0.1333433915449826,1.3685267219914907,0.10585243094688454,1
1.9746274519091376,0.040719956606460404,0.1436263292231171,1.19261556331271,1.3866926396351738,2.0879008331035176,1
0.9413066673709163,0.16662845540040708,0.11266946355273653,0.8854358977626869,1.251464904589684,1.8010585126318368,1
1.3015697012549767,0.15423496182383067,0.1564241246358518,0.7403663190138503,0.9960759382734284,1.2712505491349735,1
0.965866772848566,0.23122534535045086,0.07747735325100474,1.3144616613898292,1.4817314380189281,1.9065572276945006,1
0.5314500622956075,0.19302046020277908,0.02316354267264721,1.2725711041542167,0.9338379188155794,1.7283799962401432,1
1.3591891633270075,0.0760140705975183,0.0695832221012288,1.3438723972747524,0.8917544249278101,1.5708606716118187,1
1.7159869490572754,0.18212782756379078,0.05654036158487161,0.772632810867737,1.4170289790819557,1.610147094829469,1
1.0477778599028915,0.22601736861979105,0.09838877474758158,0.5026301426413743,1.17847251785206,1.4715011734661552,1
1.1069330185724642,0.11256637211515144,0.09940724182261589,1.1530754125636058,1.388287729383455,2.0942841830428756,1
1.1997722043736014,0.02235596448853068,0.048448295124517406,0.984523482182416,0.8253730833076446,1.6063907265483193,1
1.178710552702929,0.10699965240728085,0.07976786071133812,0.7435512347322885,1.014676510676135,1.5010921072553327,1
1.7722904469908762,0.14798848435385964,0.029264586265183877,0.8988214527033366,1.4406785939685283,1.7266550642071767,1
0.9682666458260334,0.09444870910343689,0.03954397928935185,0.9898157523012262,0.9390139062883525,1.7010050017148481,1
1.4863640349612945,0.06175886572974377,0.16919520243253922,0.7625660231032305,1.25989672835829,1.8513242286103124,1
0.8893673105099592,0.2825013228834566,0.14452072390868848,0.5939554100819194,0.831573395931404,1.1471578499631558,1
1.9031023080500622,0.22941188969497658,0.13051693529651728,1.086320327288625,1.443328783178794,1.5605001348462997,1
1.3485623157566684,0.15644652719332655,0.162070826519773,0.5493023343343783,1.0508475216353272,1.179421164045383,1
1.1801979752547145,0.09384661461852145,0.1051363454673553,0.7398137263969772,1.240720938536848,1.8787370797775076,1
1.9037948095908992,0.16413344265669927,0.18038535353239807,1.1060871267114174,0.9000648801930917,0.9348183840500063,1
1.909391242986128,0.20807530938254104,0.1733736983317685,0.5183622393187428,1.1005031730993624,0.689117531323047,1
1.0547197488193132,0.2555991149659432,0.1601995263700305,0.3240608368455852,1.1513726080687743,1.289456649680755,1
1.7669932950277067,0.02338905483617517,0.159779881721481,0.8640815648275963,1.2564352006333057,1.9431682907214365,1
0.8128822286229578,0.05952611533936459,0.05269248426693959,1.3088101002631625,1.0602957510096442,2.2171447349731452,1
1.4986926126786018,0.29130190967193853,0.19870907241175095,0.34877800802157577,0.9794360161767848,0.5873100887583572,1
0.9304981495021611,0.22030990060546085,0.039728966309973676,0.7912978163540177,0.9249086126735018,1.3788209937365632,1
0.5074026926408984,0.04260563565798075,0.18612598640086395,0.4857794466150609,1.3773426913396656,0.3438532520409465,1
0.66244406908633,0.24677859148411804,0.024674253028343286,1.4478980611077072,1.0138931820505985,1.6795276468941374,1
0.8477123167435434,0.24124134181947374,0.08808373959908256,0.3768032964607252,1.1413940050295353,1.4637009035626778,1
0.740291336799758,0.26033148077557444,0.12893309013555185,0.7123619702414712,1.1856158412999793,1.6057927676892294,1
1.1635361882069062,0.14840813886296844,0.09264899558574016,0.5803082798114025,1.3260580555731238,1.764870568772137,1
1.5720011548212651,0.12958958987235827,0.18904515802397173,0.4184849956812611,1.2877566992049716,1.3578344412174177,1
0.6972292784140998,0.23249216805341433,0.19460171494496187,0.6098380900057654,0.9508911828122932,1.4218558530045977,1
1.1486910106667665,0.28085789352708457,0.12368521640050892,0.797798220651675,1.4125373965399923,1.648944404472648,1
1.3013473042493044,0.11574972678278728,0.13904073009703466,1.035125873841602,0.9113793979222561,1.3847211515178337,1
1.3117349120369006,0.03275255858191536,0.1755932690371713,1.3115247562083343,1.1260525260316552,2.2333005808988693,1
1.7502204145699336,0.03077783341980861,0.06949057873070258,0.3827368650856876,0.9546958923603209,0.45444157197645574,1
1.8489387262689763,0.29022888972448635,0.14284212442082742,0.30870013023175985,0.9630329028185967,0.3305637634669035,1
1.8984398007465917,0.2599871196706444,0.08056970323082949,0.44266148880273015,1.2206367587279214,0.86768958311901,1
1.411461227236677,0.059831275965793344,0.04951416903595092,1.1209013586747711,1.2514490430312413,2.0737829612180763,1
1.0470672387947633,0.20905406563167805,0.12317970661468325,0.9399384469531048,1.4316153057339578,1.8355483426834898,1
1.4420398657583753,0.1690685952639362,0.16541953875859605,1.0319731728422605,1.476846813794445,1.8509218281558608,1
0.7545094086901889,0.2797072395163838,0.13576707535895688,1.1185569073123227,0.8618991388168158,1.4417409355432536,1
1.6646419268955321,0.24108508659032427,0.04491012438883567,0.6732442990771124,0.8263452990960434,0.6652673738773746,1
1.7961627740779398,0.26663751937403396,0.0793683206470388,1.0620057740094049,1.0275277601391275,1.0873345980165174,1
1.936519921151231,0.27675941544634824,0.1532840996873593,1.3248079717798447,0.8027377125107762,0.9288898537214584,1
0.7366967151852817,0.19324394747647783,0.1054099130805592,0.28106434938200064,1.0198963968756423,1.406027633945011,1
1.4146778010889114,0.17391453150964883,0.042669327366096285,1.4042728891245269,1.228837209929079,1.7045225556041228,1
0.9859349619005966,0.015747816856548778,0.17330312154733332,1.131432986437854,0.9670528419185026,2.481589241923135,1
1.5274883370885872,0.05536436916814345,0.08456355830084761,1.3072195355523641,1.1998851687332095,2.002970844667516,1
0.8875262208084174,0.28360941176897514,0.04363248074415551,0.2635239700887567,1.1303651520472136,1.3448592049723416,1
1.1947708180936052,0.10854713055500313,0.18452116976584831,0.382300943059001,1.4949798698658034,0.35559504812307696,1
1.9030347064116064,0.2076407649197851,0.06141487434928496,1.2320519922778101,0.9570797883215328,1.0658033033207541,1
1.4076990688429767,0.13303480609178298,0.10789553886343298,0.6271447933110962,0.8370821974283544,0.8333735224972619,1
1.9101811974529728,0.2643070128295467,0.05028842769227113,0.12427821359099411,0.982796412120563,0.1314231486837746,1
1.062042998801831,0.18866701128470506,0.11514764503696724,0.9137335759505915,1.0217572594614799,1.4913138342605357,1
1.5609159210727548,0.07600119795050798,0.09925669397075934,1.1903164074214536,1.2175092005623358,1.848056154689992,1
1.7758155681183412,0.15742963711668695,0.14134413433276083,0.41449510831122705,1.1053322963599894,0.6935882131845292,1
1.72784948020221,0.23326802623355877,0.09522934621530248,0.7719215683396538,0.9296173711122169,0.8251811614014732,1
0.9053176436980526,0.034652955785102545,0.10572816975763424,0.45136993521080004,0.983951899814538,1.8920101318380698,1
1.3670371960438397,0.256304689446678,0.08674392179233045,1.2714784239918984,1.1152625540916223,1.4655306291870493,1
1.371338541709695,0.10789386796150004,0.06426120339511994,0.6400646903110487,1.1578563021252064,1.5391460963766235,1
1.07370675648637,0.20857292812380518,0.03657079078787283,1.3782637113567582,1.2873341984713016,1.7940144281129982,1
1.631107149772603,0.20427081183463475,0.1924094077002971,0.31324336048095625,0.934292487603845,0.4003539568484914,1
1.7859195929441256,0.25754849509230066,0.023278747771506042,1.0433828409759527,0.8470524684162614,0.8915579458249094,1
0.76320330704913,0.10491955115512858,0.1299571083011882,0.32864561177557194,1.3704085748029353,0.2912269076669028,1
0.6836742734346594,0.019869816487562385,0.18335063413722213,1.13386580669892,1.065873246253168,2.8343507767674208,1
0.6714781756615377,0.2526014329923978,0.14310914883876316,0.9133175808426841,1.1080965424385398,1.6232889573614717,1
0.5015957864491326,0.050257829899635405,0.19689328182674645,0.21359539554543033,1.1570659044141482,0.24620881339849993,1
0.7123591866768488,0.14140023734516402,0.13371799829345585,1.4650489788193553,0.9096333535238006,1.7968670689908743,1
1.8847948669651753,0.09839420761425072,0.07963818036563561,1.379868905167567,1.0248700953152619,1.335450393081544,1
1.5700428738299885,0.19906233860828867,0.021636326390842304,0.411578105211425,1.033578418800038,0.7576656733355615,1
1.4291363214097723,0.054495156298478745,0.1221389638770433,0.49716301570252097,0.9140203816117818,0.8043122149939095,1
1.662535123125092,0.06596310956727909,0.19878110011124292,0.22023506868818218,1.1660508703103822,0.5721899405507206,1
1.5844432645035749,0.026023561855651682,0.16914281986534696,0.21857563454141501,1.2439022161569446,1.0064433727942645,1
1.1780404119500645,0.29969096622495955,0.02041130931432525,0.8818535381434544,1.2688279336733335,1.5238507900374287,1
1.6959117057160515,0.010929140555984457,0.02406162288855892,0.38215919629030737,0.9014740663988182,0.43242355648678443,1
1.50837326937249,0.09615377522227057,0.14278030286801452,0.5712363091505536,1.2457124359690146,1.566401503326097,1
0.9282227755064509,0.16594751869032434,0.1588259823175243,0.6227666462008876,0.8998726737138824,1.3321641381429976,1
1.6573425159562318,0.13530614999216245,0.17849726775333194,1.1182602407818905,0.8338601383429535,1.0427741487456053,1
0.778158968291542,0.2816995098829608,0.08332095803626535,1.0130169563348486,1.077267792814249,1.5544081476225513,1
1.7863928366730508,0.054121116983196396,0.0947179926273368,0.4412743290585084,1.1453027871549395,0.8720768410293254,1
1.3181724409730524,0.284707142250929,0.14364727854883633,1.3692000345191266,1.1029374488493986,1.4649059294879867,1
1.6643561912297538,0.20966525011378917,0.06557955880148388,1.1909270994104084,1.3124582390577093,1.5762082109512356,1
1.4481428419268778,0.28641186711574307,0.1466727391954503,1.4457542617242756,0.8265353330446328,1.2275711710462527,1
0.9492264463065532,0.18227990387252174,0.04040980772322812,1.013163389456026,0.8214996701591504,1.4061488901312895,1
0.5417606458691617,0.08883899113884546,0.08097959178854548,1.0765796986873415,1.0512209266211154,2.0952135954166953,1
1.8560119131719466,0.15352305917697134,0.10110708711542589,0.9109727436125991,1.3719729470378281,1.573599612029847,1
1.314314691634512,0.08095628181766643,0.1165307277746474,0.6191914710746765,1.1635580195185604,1.662428196025565,1
1.2311285521074993,0.14047212293688593,0.06245798735524716,0.34332134860186136,1.244989975297138,1.5632232666530106,1
1.9323661475805416,0.28537627100853674,0.10904052543679835,0.1873652013671854,1.2138136612335808,0.38900766882834986,1
1.7157645897985634,0.23716087797269483,0.16380926606584054,1.4907109439920458,1.2266130674171298,1.5043608639041557,1
0.84868518779575,0.23061831973184377,0.14342041557115187,1.255530031825599,0.8900091676608384,1.5161543078807016,1
0.6997358226551172,0.012972152450647825,0.1350521657664171,0.865382980747557,0.825120899292749,2.48786376120626,1
1.5413551881687737,0.11383481426745455,0.14063247597120318,0.7882016441442482,0.998943702425896,1.1528199683631877,1
1.0005317544502739,0.14749205664481496,0.023801921772460786,0.5694809219713356,1.2134113517783272,1.7175181730388727,1
1.9042205720286942,0.07833461296488413,0.13319431596084758,0.8649208298966506,0.935967245422288,0.8179143408284693,1
1.3554534144595296,0.1083452333500804,0.08924804061164761,0.5253562515292485,0.9148081905028771,0.9177136334346905,1
1.5659839375458209,0.15466798266730852,0.158104191671341,0.5177789675271429,1.2918833059928443,1.4284161127791133,1
0.5859007195303374,0.05942793981534993,0.14906195393759522,0.7323789761741393,0.9638185003041493,2.059583668896349,1
1.0959260566709557,0.041258133017484065,0.13963242710404308,1.464414880943544,0.8082122472860973,1.8853209833600375,1
1.7878943818876347,0.2574027007562697,0.11163203011618095,0.2322981770666731,0.9632035772007937,0.26773314425435407,1
1.6608112360430474,0.17058567779864,0.13134511135201227,0.8932838547013133,0.9639668393212046,1.0348595560822689,1
1.4107993866426147,0.059707461116132614,0.14619035269284583,0.25168422628295734,1.0757891588682718,0.8070291211169542,1
1.9226989421853755,0.21417328502477748,0.109366184758655,0.41653868663851934,1.2020282287315363,0.7698558938112035,1
0.5124323399395143,0.2416776501927309,0.0592558392507175,0.3222873340881319,0.920034311198533,1.3875008151928299,1
1.4589456749077716,0.08419166926507972,0.124295396144094,1.1475451841156674,1.0534355502742834,1.6083885899250276,1
1.7806435773595333,0.07986295647550029,0.08920475323826786,1.1537682271193423,1.4147029826250774,1.9920525049932107,1
1.5240192661331502,0.15458839318327774,0.04418178602551618,0.7690815757370775,1.1408316702638996,1.3673081278534611,1
1.5578242175210784,0.29595409554992447,0.12610211340613106,1.1088196855294412,1.398771238439645,1.557497533809381,1
0.927070632711634,0.1694285026851085,0.1694365684910231,1.32812909593511,1.1951292369407733,1.8335125451076077,1
0.7538703674661771,0.11091230987159112,0.18241715970769237,1.0123346246747935,1.1607361663647442,1.977283812982322,1
0.6253811030187781,0.2687480761749706,0.08094439497256081,0.7411211385781091,0.887863470372578,1.4186612476845617,1
1.982126847685933,0.28575856285649415,0.04647513741134761,1.2417025006269975,0.9064627768373941,0.950228261539481,1
1.654247537603571,0.014787070529500611,0.03549081030200881,1.4369913973787933,0.9312064176992874,1.6712412723300367,1
1.4780925985491573,0.10299204938098071,0.1087119523394646,0.10228579490557384,0.8887166617601037,0.1471625746456499,1
0.6335805371715627,0.0933873939698778,0.13544140450187525,1.3645118819354025,0.9231013966341524,1.9796173980930696,1
1.7663584506281331,0.23201479129331587,0.056874026987123676,0.5839561751805998,0.8730378314444746,0.5720040442709353,1
0.9628834853353154,0.1313475293169359,0.0411227061758093,0.6956106383825325,1.2704113090942957,1.8765752489058225,1
1.7711549171588155,0.03371594192820074,0.1255203948458048,1.228631959030722,0.9205344873349453,1.2509129248440627,1
1.6602674762577234,0.2996924588181446,0.16007038518191605,0.9329487407612211,0.9235493780950675,0.9565021316193341,1
0.6515336602379279,0.1228357225728181,0.1424415822261597,1.1017564076902888,0.9799345261218768,1.8448950538401705,1
1.4295726580225905,0.25255481677058067,0.028854277345148158,0.5799063182192693,1.2792378366306747,1.4064032326270899,1
1.7361869213957895,0.12805164387258847,0.1519697562761607,0.18626067087320056,0.8321103473927934,0.17713978414550433,1
1.3843689751604136,0.29207783458040176,0.1306045779617133,0.2962749572384264,0.8567810424482533,0.44428162809000493,1
1.3861680101121667,0.21934130499958257,0.011696065696496779,1.2312767255189958,1.0778276871591574,1.4582030860241877,1
1.3650683767880543,0.18179961343765216,0.06219451507340812,1.1800388872373608,1.2937923874798851,1.7184162318716263,1
1.1698037453395145,0.1980203869498651,0.10902000672798424,0.16697955514245794,1.0464635617870661,0.8844100323886044,1
1.0930619506738464,0.2732842255028567,0.14342615827763705,1.0881800835608066,1.1774586473750264,1.5463068821756332,1
