alpha,beta,delta,F0,omega_ext,A,fit_residual
1.660934072833945,0.02799830089664502,0.1701190740732297,1.260909597684367,1.3012699794611229,2.3143455222465867,0.01487421467687544
1.1583176596280784,0.14289599204558906,0.0948140035073048,0.9317343817316629,1.049980917127633,1.5348655639505084,0.02469074493922189
1.7878968798670738,0.047418716582792106,0.19106528069641965,0.4427966460712023,1.396307499022581,1.6295680990045256,0.004894240593128962
1.546052043589046,0.054174745945696955,0.13365097204636997,1.1439450009244196,0.9686840121841822,1.4663947248965026,0.008666073943293846
0.6412660218314743,0.19336201577876094,0.032020784410657394,0.21827325394790073,1.1768754430606374,0.2932943497124913,0.01569836284190161
1.963433527455134,0.12394894355536763,0.17816766776309215,1.1841849682282963,0.9288974520044277,0.9954093237396382,0.004822695666291238
1.6417095529855295,0.27733721054494853,0.10296038625785157,0.9259793111402189,1.1467104314700896,1.2281781988412004,0.015704220829526126
1.6790964579154308,0.1025553834363403,0.03691140391485195,0.2550504457549622,0.9067265562848704,0.29737754825157425,0.009025986788908874
0.6921704490133188,0.2205922372313313,0.03901112542986994,0.2113077883293183,0.9131050370600654,1.2066673759660547,0.01978260262889963
1.1755789068433506,0.1437188347449232,0.14063144767087565,1.1511708668110474,1.228556363929411,1.7560881708406522,0.03196648395848831
1.056197036348872,0.20138587732749086,0.01900077627860306,0.510110269105372,0.9846502295230367,1.2362557542228674,0.07271151805754711
1.8901474832729028,0.1839116534476372,0.06445281533362453,1.345022591074099,0.9206570585949732,1.1017778850861297,0.011553349180250545
1.4657976801209969,0.14710735210010947,0.03655964218927494,1.1669022294422464,1.4508377750945511,1.8711709481735312,0.03163006520088551
1.734142419906245,0.2855177174410867,0.093804711627284,1.0774663426048026,0.8301022755180358,0.9150334697090972,0.010878319805112113
1.1651212982409966,0.10938695639893718,0.08872721667892865,0.49004847368683135,1.195603678887121,1.6503302457713107,0.017951241878390724
0.8408580826771653,0.061398295362289045,0.10915652259088263,1.092522326630265,1.1837846892832857,2.200984489603627,0.03707394999397167
1.3318771805237521,0.2066472776551502,0.06313090252948074,1.4274067583207677,0.9754262120821419,1.4291341647280953,0.03550316201269569
0.5957258841562629,0.25534219277929354,0.016088281981853667,0.22818376811879648,1.1169402215789725,0.3489567517963646,0.10176232145914273
1.741446757988873,0.02167358458257789,0.1267333602416853,0.5566276988049924,0.8614164481578449,0.5529718327102061,9.071542904598402e-05
1.4474965986830972,0.14039347964257737,0.08100642054764676,0.42854117164623173,1.30488910214672,1.5354272222347332,0.014078373433903594
1.6371316101280606,0.2688214300093246,0.13375364976060883,0.6505501881609334,0.9551880038637763,0.8062627403256274,0.003948435702568244
1.0317889521948025,0.22738939948763157,0.03064672445281101,1.139265716795525,0.9353697518785892,1.4070489408340057,0.044611392101038504
1.9560470365923548,0.2976242377843122,0.012617697505869562,0.7639396139955411,1.0204149347942522,0.763234335706308,0.14316023183342438
1.8396816819832966,0.1641100053632007,0.05717590709820562,0.8990228485683447,1.4316589441841994,1.6218071370172304,0.017675881361606118
1.6675752456106427,0.20139875845233388,0.09674399136886992,0.5398168433096793,1.3575266537984798,1.4166117255938884,0.013535105683740539
0.7919580617779514,0.09771928152999915,0.08487367509200879,0.2978049739219407,1.4628246037936303,0.22003278147783742,5.101191365260405e-05
1.2000815055905512,0.28478532390313777,0.16395748550195863,0.47370710851281994,1.25637364222316,1.361290396245167,0.019718618479395513
0.5657056486808432,0.11623729168139552,0.08178915239663655,1.303552421738782,1.2640450577224613,2.071152690275157,0.05327882023371057
0.7314342381013217,0.2241681066791223,0.11078382412458498,0.9433837470147746,1.1360216995983519,1.6124109910060873,0.04490524889988134
1.524573429863682,0.12691065919453376,0.12276796256401652,0.6291841424761272,1.4336304263568829,1.7709328514453382,0.019237493072265303
1.6171432338617258,0.1729274897182698,0.014147964412704205,1.2058683744298226,1.1576140044892305,1.4460234684728117,0.12369430668762989
1.951264598651315,0.2187369351562484,0.1078753416007759,0.19024040543687226,1.0485420495565172,0.2213059724949886,1.525075837265231e-05
0.9887380372072279,0.15759090400789275,0.07551793928577918,0.45544752309133996,1.2482625069423656,1.6620048727635872,0.025395100769727324
1.0556895590523032,0.2730550348037575,0.09004322425981838,0.42214441568027494,1.1822976453806744,1.3597556861006819,0.02161325692148571
1.2043337169137118,0.13159728649906496,0.02905460571409755,1.4795103870355109,0.8868138707169269,1.5412620763764522,0.04409627351942509
0.7842070386264286,0.1976508214615643,0.1587359074732426,1.0885380153498643,1.0749077897387007,1.6205010409811968,0.04586246378108642
0.6948822580032075,0.10928510565701569,0.1890568076536193,0.9649003109439758,1.019327787766136,1.8011147093983912,0.041402722462932494
1.2135573893389007,0.12836543378699378,0.014231075919624001,0.10697895141226206,1.3927836425077924,0.14886258130664679,0.12265257381391952
0.8403640235763261,0.1376145313877302,0.12426082493415609,0.35803400292580034,1.0651897898811762,1.5153555568417996,0.020433745587349544
1.5047209920237656,0.04648403531056272,0.15513037278478806,0.9897578101623095,1.375088662847225,2.231662385758195,0.019428693573795643
1.155727878308496,0.03659986692711194,0.06411344184347899,0.631607057074332,1.1096727157306618,1.9964632629825623,0.01475252281939914
1.749017294086756,0.2035720777125598,0.1596355611240112,1.3939925371506852,1.327450394411927,1.5796944046880168,0.024524035720928504
1.5503976530033736,0.20010014411948515,0.13014745964559724,1.1706139067984611,0.894697349957833,1.166939992832554,0.016774114705582925
0.9685499620730615,0.20224381712092762,0.18654090013150332,0.7263377019257679,1.4472551537609237,0.6385643127805042,0.00041788880009561855
1.7483897020928016,0.015732269149380584,0.19639091415721685,1.1493209685535786,1.1363919235592428,1.8593157745036457,0.004377790455937272
1.7071465362452027,0.10469858437481616,0.01804576165975391,1.46556605335671,0.9818587719384145,1.417259596655296,0.07315793139533681
1.0812175685452616,0.0673648557051671,0.09453817459513118,0.7453731545820588,0.9690427244553649,1.6209314252329239,0.016058255020646638
0.9324921558953662,0.2356639125377636,0.11392767963986146,0.9995362430439466,0.9855541020024804,1.435373540252233,0.03935771453316666
1.5237432559624633,0.25958281640487774,0.03788121430945397,1.3861304610858132,1.0567069210425775,1.3563029762766252,0.03023367750446562
0.7096287254139647,0.08153730939558272,0.07389430778119872,0.44814452685064254,1.3022636728729318,0.4532194848727577,0.0001733561306306679
0.7998623037126624,0.20367625606591602,0.19765301507372773,1.3411810791327896,1.4647221300305555,1.8975299433048938,0.046660827780767924
0.5110434046265082,0.04751521300289959,0.013083786705069576,0.2365625894821757,1.2683262010865426,0.21499688305690415,0.143382884040359
1.6803865662532076,0.08979423242449686,0.09597650698963296,1.007827438822705,1.1830163896608705,1.565550658688016,0.012167755226495994
1.497276284888048,0.05020980390769166,0.1701043781264573,1.195973417078098,1.1140184656119942,1.828348138179813,0.014542723087535896
1.5577480679395026,0.09222102231377646,0.0715412399166648,0.9604487069533965,1.3797361269263315,1.9144818615133954,0.02113556889141107
1.6710935465329517,0.2056735987312906,0.10116171552347913,0.7937487258135602,1.394760041712249,1.5377912527481412,0.018930454359671188
1.18837366330751,0.2739948039537232,0.1958286916997162,0.9642859398959603,1.005126372102973,1.2976067786933545,0.02737480293539335
1.3531117939293407,0.06873149829801392,0.10022659893038373,0.31232919229122236,1.467394174057401,0.3843497555320983,2.093562535041344e-05
0.7096954971914862,0.16720292013570856,0.03487504930783482,0.4017989944623057,1.0765807542444674,1.565412250774868,0.03349654893044569
0.6717951103039601,0.21340341936059537,0.0198270834166143,0.4778590815388787,1.3600546484340694,0.40559631180166056,0.06535176102735973
1.5026044426857075,0.28634751586081403,0.18962914876359022,0.9368910768820533,1.4767739146575634,1.570329845788896,0.02669479649909465
1.2066443092146988,0.18691754003728042,0.060503788522262486,0.7186615032430986,1.2925606705989279,1.624922096908343,0.02613984112702678
1.3478541597217832,0.08398100999794039,0.10577214224726467,0.4422661794801753,0.9130855085158356,0.8107192691393814,0.0013176650190228176
1.6474982861240384,0.19138866550504152,0.027233335557094035,1.3359330650024122,1.2102958686217515,1.5162309579137985,0.03617939924606484
1.4520774800008862,0.10294243688662467,0.09049447290461496,0.6234905764105128,0.8831439861669049,0.8728552833584183,0.0024290119054728924
1.3303691009869938,0.29307723330059526,0.1867200486575236,0.7244444069218475,1.3523994279082485,1.4646816572658485,0.024287518685294787
1.3388107411181203,0.1259060791974547,0.10545846878987829,0.6735815071685923,0.9969206217117181,1.2359110717601183,0.009252021885990084
0.9559251470939183,0.2087740390206941,0.1945156788424423,0.35472013738745367,1.286650376142013,0.4817282286420543,0.00017879896699046533
0.546226751851909,0.01673599888055996,0.05917877107510594,1.1242778216023268,1.4370627718911393,0.740549843999194,0.0007915007500839821
1.1550760838485434,0.12601781937907905,0.10586359554374805,0.7278415671764011,0.9267068954691207,1.3152105522291466,0.014388673570449876
0.8218770092292937,0.2637812078635284,0.1733108504437718,0.12275995384980583,1.0750004870208167,0.3224807569546383,6.588748939908028e-05
1.1127929655869542,0.1869659588856413,0.09516794736521132,1.4496191833037158,1.2529831516514964,1.7462727067663377,0.04198203980294707
1.7801046099022493,0.13874343705483314,0.06310260097833602,1.2420690562335792,1.0937610149666508,1.3695183841965965,0.013552021507118298
0.8509092287980111,0.2814218748363605,0.17254031904939754,1.1129830957285247,0.9223732591373007,1.3843077724815611,0.05098674035486592
0.587454112533599,0.25765546908269643,0.0840789990857957,1.3167286187259406,0.8203501299181579,1.43526537187551,0.09060409976884017
0.9220758380329948,0.10344254540865208,0.11083742530144447,1.3695301550477703,1.084618700591374,1.88719557236113,0.042982183897975326
0.9403906366500254,0.16791903659198848,0.19554014261887767,0.5724855889382141,1.2544463186073442,1.656651189217642,0.0265411924298884
1.4928747720903426,0.15204903426681418,0.045431826003614145,0.955342149783378,1.201788945706742,1.5371225063402443,0.019603907627909617
1.3355482285119176,0.19333872503331007,0.06726612097683528,0.9523309328878318,0.9093688678324497,1.209868412325449,0.01743206789350425
1.6758473136596201,0.10689226741803912,0.015903224013269587,0.4742195363348357,1.1154854107071706,0.9595612503528582,0.09411540675554517
1.4964703104910813,0.08081945022210758,0.08444916488291002,0.4107331520258941,1.058629732326877,0.9591319994571696,0.0017931521419445554
1.1095802921601057,0.27467483222410544,0.04803485181112332,0.2594701567466309,0.9919416816053799,0.9496282201854368,0.007254685942004378
1.721030576999052,0.2779236048545668,0.1392066377274994,1.0230398742830338,1.3104898707022725,1.3941824423508298,0.020109540769536357
0.7504593798615559,0.2545636368709739,0.04445107716551195,1.1932865874430918,1.016756421019029,1.5229197334939104,0.05625646398112168
0.5340681097007907,0.2936792849217228,0.13821442295711525,1.1653341713238052,1.1780993666331205,1.6093902989432118,0.059223083034481934
0.6350717911634627,0.22604754247610967,0.060060331355970366,0.5427855280589641,1.4462564746887314,0.37267785430649236,0.0007102031165518068
1.5835390258946753,0.2317534962829799,0.07749138848302796,0.3873637906512831,1.1774931875775076,1.0314491476633405,0.005609012476564424
1.1928158453770812,0.2311511266691658,0.07628352388881551,0.7350598498364707,1.2319160371123925,1.4996183293495626,0.02589024345217663
0.7419076685504027,0.1493762129732689,0.1461828325310858,0.8655388443367148,0.8512721903172861,1.4965146644921676,0.03999519835085314
1.2515671626550453,0.1423711364091388,0.09863675999628518,1.386721979155978,0.9246939006192154,1.5066706154088592,0.03326202525623917
0.7284681540697526,0.0796656200832109,0.07864679078200978,1.3247524159836757,0.8706658395086795,1.8615050349194402,0.05390339436124649
1.544480562616604,0.19699756636419424,0.17199831661749548,1.3824816638225588,1.335369063849088,1.6584231140388381,0.02912734693986846
1.1692344133610462,0.09390283946967701,0.1186706188718285,1.2903673391903714,1.3851447566417896,2.113607987440153,0.0344623721549836
1.0715318391447237,0.08476443881368277,0.05062785604281959,1.4504136862108357,0.9305187052362044,1.7743717810957522,0.03827007481687555
0.9522681337218148,0.17992879848785587,0.1810173428472997,0.7516999960366804,0.9534902256461637,1.3935838121775455,0.02586335139553878
1.4454238896783327,0.12889489258526252,0.07510355624639171,0.1664628964063321,1.026245102644948,0.4140045468000019,0.0001745539695816865
1.0427189158300856,0.07346841655044332,0.017406081732090874,0.21698684500786952,1.2137543318676849,0.5056499226994265,0.08722491019178263
0.6314748789741516,0.24665624485832102,0.10397404255514604,0.6463865984812803,1.2352573356600136,1.6269087791667847,0.04135032893825741
0.677008853180773,0.259565276595369,0.033548230343766784,0.46076192778219616,1.2807277709790204,0.4819463834688092,0.01374777858401638
1.9428464968242718,0.058632860706556475,0.05530862430599109,0.33791682790549427,1.4336349293494237,1.6776624146740224,0.00673744507700246
1.8628710360614105,0.012177039511999962,0.1519510658106081,1.434485284312108,1.0065280983475766,1.5762441712011948,0.0023400639019308827
1.5495607007161243,0.10747769087351837,0.03484284454150053,0.3735874237748714,1.2611312924447429,1.437334949697292,0.01524588957623323
0.8988049421892794,0.24127814234741823,0.1633194026272668,1.4431309812413233,1.1918059920443844,1.6517102706558968,0.05091559015735221
1.9537645660215859,0.25336042120795405,0.18801238474488122,1.16517437644969,1.014086068288797,1.0327290297047764,0.009459232754960183
1.6681263559486919,0.05011543033365427,0.1252410990775095,0.9973239409753127,1.4351906306155713,2.2125795404271047,0.018510144160537513
1.5753352837384935,0.23455741134308483,0.14496824648433757,1.0464265441251297,0.8668383883714523,1.0364463636887487,0.01289056829961283
1.1740422532156831,0.04355420851973454,0.1455814558824093,0.5640640531227735,1.298400718782436,1.1140639515120752,0.0010706604557579977
0.9083623427677385,0.12311815114539346,0.19863351188138453,1.004997853281595,1.3095115991158215,1.9391582971010177,0.03594718952535426
0.6445864432302489,0.2995967593534556,0.07489226981830834,0.3613689655937714,1.4407285693829732,0.2519290065476627,0.0001430270602021531
1.8539035948157625,0.06585133873696385,0.04094274473611347,1.4127876055503712,1.1630064146459476,1.6766924450215224,0.013516565267950897
1.1836644347504166,0.05464943894751167,0.10864177463372107,0.5225106759448309,1.025135636753472,1.5256412951301472,0.00853720079823453
0.8035450471928455,0.1326120964385701,0.11131746386802456,0.45726111721095897,1.3794184689020144,0.41286282113175465,5.245521258039778e-05
0.9589349362259787,0.1897038725312598,0.04380337277626745,1.0956279174718204,1.3395671972826748,1.7952605919671651,0.04079361941048894
1.368829353412844,0.28054122689984345,0.12649078960888652,1.0190282052926547,1.1502209300936292,1.370299881846036,0.02597488439738513
0.7651591744088475,0.2944381322045799,0.012683699360596554,0.7318184856806274,1.3375001629436678,1.5353028222539447,0.2325843544805173
1.7849214261385633,0.03019578461150444,0.18625699646630212,0.9854247285671007,0.9875129214540825,1.14318812101654,0.001650187718681588
1.6377792947528151,0.050019280030892545,0.06026911278603971,0.3232903004651986,1.2126544312824277,1.258224348105427,0.0025246239885467064
1.5791944339264052,0.2393140124298382,0.017516439594136443,1.0426596303627371,1.4056284183515129,1.571546310080839,0.10090602485985548
1.1481395596626556,0.08848332415854952,0.030567393880222837,0.4788549732732714,1.0225891532315587,1.4185054961291648,0.021003083738186632
1.440963261053665,0.2666062272568446,0.05564730017313193,0.48197036734704024,1.1384849877015202,1.1262777767678547,0.010207423627635262
1.3761469533691033,0.20240144459643516,0.06204217203514859,0.32705190892129843,1.4657313979210227,0.42282128227723603,0.0005828358611683688
1.47476990233223,0.042434992690396384,0.016233899904568447,0.5653279890506304,1.3587482893802156,2.1357551864474913,0.13219772293368665
0.6266664817098336,0.25143349262796205,0.06307741431680854,0.5637514844358593,1.420927314231387,0.4052646944612539,0.0005235655755614511
1.1237111032559144,0.061143350202341996,0.046658929933761605,0.735850616383177,1.0696729426233125,1.7979381628195426,0.018296140747051978
0.5624212607928387,0.1328136644570996,0.08193797621255852,0.3665873065328893,1.4975536817441912,0.21761852907327306,7.026562636372127e-05
1.2409862288667783,0.17013362928220568,0.08318187009763414,0.3702105506222728,0.9067959232786691,0.7924922026488855,0.0024648216794755126
0.994791818499178,0.15522218323328069,0.07441147071454703,0.8584340003285197,1.1631394082514164,1.675863999509466,0.03174124244264394
0.7167862832990703,0.20898724552839362,0.07230553787083376,0.2804283665386652,1.1354913676073746,0.4912095939938922,0.00031808889004776363
0.6551044515838275,0.199279153112084,0.027048942770837733,1.0644558111843692,1.3589025335600942,1.8466814720451836,0.06223154314017982
1.3814668582665681,0.29769218160313593,0.014788939953970813,1.421525976207635,1.4360324407605085,1.606735585674716,0.13717726670505723
0.7558894528053292,0.2998323536750145,0.048401717029728654,0.6975138703301295,1.3117975638356418,1.5898491071684715,0.040616457338028746
1.887680177565196,0.15977322676433586,0.1537633912091569,1.3615474384109474,1.238771365291212,1.4979666939981486,0.017313506520801995
1.3715917095505925,0.03760773521865055,0.19825385545471322,0.2376432275762102,1.0992004335939527,0.8491479832456246,0.0004567233438364372
1.0203047068022557,0.22107455670092832,0.18641997326089252,0.1601406783259024,1.157228141953014,0.41982867379598426,0.00013788050787517063
1.3863732372221251,0.2932325826828108,0.10580167755217604,1.1099164285193759,1.1565102192573753,1.3822744724493221,0.028348751751244832
0.5342058065445463,0.10231465241241589,0.1110465325978075,1.1654302021740952,0.8142579315790645,1.7506254450130136,0.06740561178467602
1.937838819862168,0.14375057689289641,0.06977049811681009,1.280281537352052,1.1521320633793743,1.3637057722760926,0.01224626909321717
1.2234551554143502,0.13318530819648222,0.1570484933411547,0.17954474975997398,1.3991795601218873,0.2343364536467428,5.420194872515189e-06
1.6741028408754293,0.024911554821509516,0.15530377070720325,1.1876698769395626,1.2964918077995737,2.3230247562731363,0.013406917879135068
0.6240949998836578,0.204956685054799,0.17041174794066447,0.6271542259152144,1.3569960354875032,0.5096246621130472,0.00019204605545114584
1.2299874962572406,0.11246793156985564,0.18014586966740803,0.524672685755078,1.0733394928379647,1.365489811498123,0.010357677617417179
1.2360604915317814,0.23836452364313565,0.09252635716280619,0.34223348988061564,1.1702812658390707,1.2520783060832776,0.013110169021811564
1.9067396824624743,0.25131482183177595,0.15570635794036755,1.4944220571435378,0.8234384982979703,1.0427207308894815,0.018197610884556112
1.3575920785641131,0.24815692811337517,0.16321575847121694,0.18912902504640908,1.0680985595185406,0.6342182026282321,0.0010041292642270386
1.2102341015854308,0.13083313943156524,0.06860732827457253,1.2578112204511993,1.1320912314248508,1.716435773582983,0.031887985390818496
0.9004634946378404,0.10324824784986085,0.1865560263611685,0.9952922096867385,0.9786462297193572,1.7007982424951198,0.0326330791457727
0.9973534960138283,0.2271580261034459,0.02792488550153454,1.129112621966614,0.8218686852934549,1.327632105501087,0.05148261047485382
1.2810086037073067,0.24240293581438965,0.19891114404102375,1.0964039678905149,1.2832856761452665,1.5635713648332663,0.030723407351330684
1.15836719045757,0.1524646594534962,0.1563172364501852,1.3018082791024557,1.1045614255941902,1.6590902329246395,0.034991514765797815
0.5324181198204956,0.26897899566552785,0.02772147201162218,0.3573088977985516,1.090974735178564,1.4639774745774121,0.06472850686562051
1.7394378862915367,0.0517335218627819,0.13468363313995013,0.10115446356855953,0.9749907278199563,0.1264913996893322,5.138562654936232e-07
1.84424115775965,0.26492994610109843,0.01649408807636943,0.9379398846605725,1.1764812792986121,1.1723688333497044,0.08845180447305004
0.7103736334979162,0.03786761756184557,0.15633552039439474,0.5954020950526675,1.1066187468895121,2.277831083200754,0.02775444268787948
1.331054215308574,0.05452240139583803,0.1618523551152205,0.2733022635639928,1.1317891311203638,1.2245098554209655,0.002721708188139681
0.6628636117031653,0.16481360384944851,0.12445794808737505,0.3605942557459344,1.2066099439054674,0.4490478633207676,0.00011954107588820857
1.5083601395597175,0.029580359254350354,0.1728034744641484,0.5644490374429121,0.8044272530678148,0.6446691438714355,0.00026146780364996004
0.9218506757585125,0.025314059406032003,0.028597823240823342,0.1983267192413845,1.4353871324768956,0.17432128376281625,0.023060482917849047
1.4891339520378526,0.010150435808054602,0.06242552998775451,0.1796784829798312,0.8497611778615569,0.23367146391522348,0.0005535284928312222
1.590491921430324,0.1365318313113363,0.0886937291026074,1.3824367567654219,1.115647323121196,1.5528215587460643,0.02207842506548304
1.6529712378764856,0.23464092557474664,0.018067011037338675,0.5369438490951747,0.945161012667567,0.6791191965160629,0.07513077628953627
0.6616114189338449,0.02010312158117554,0.09516105663852156,1.475122976463019,1.1666476585589127,2.982228344604951,0.04394070485835944
1.8740177677064118,0.19915470587509806,0.06039055666138754,1.4501138116625598,0.9961610761579965,1.2267087569442952,0.016266157574836727
0.8453209863423212,0.24870692205069408,0.08461965229933306,0.2995997952579593,1.4020045486438226,0.2661262453081397,5.453440883555212e-05
0.5561188342642697,0.058720246087582625,0.09076950007853822,1.1008940240546674,1.0774518837736942,2.22536225086198,0.048149314907956924
1.332278704087225,0.05259048309820723,0.17708822936266017,0.9411268447778968,1.2471288890379062,2.050664638087591,0.019181973809968375
1.0563834257936582,0.25963228234995545,0.06136478440025142,1.066905902347215,0.9742158097035153,1.3738855799926328,0.03745754948602896
1.7446846146986197,0.24870613688552745,0.1798111944560917,0.23466740002026468,0.8135843053458123,0.21471391930118286,2.7618928022657942e-05
1.7123772080964528,0.1662931122166142,0.09093448331444136,0.3639841100883813,1.0829081749292933,0.6429430704639495,0.000717503884179408
0.9757083392340731,0.24756796499525427,0.07228346693185735,0.2072941260312341,1.1755405426908032,0.5124509297684906,0.00039127346104345047
1.9293490926046175,0.03689926245310348,0.10547728937367774,0.9457878873038996,1.1216830058832252,1.2745883083259093,0.0023417320903214864
0.936376757210178,0.12439964020223877,0.08937122440893953,1.4812275061887277,1.4734100546732019,2.1336707517613966,0.04447267572621283
1.2725856938475717,0.22396129127084813,0.058900739480477755,1.0407783527211178,1.2947874216922197,1.6056952276714143,0.031046222581288502
0.8839476358514041,0.08466106820394936,0.1055090717112527,1.0950661490307014,1.4969688604377767,0.8154771523261978,0.00043192345706621194
1.904065355073445,0.2281753851857303,0.03884232928497794,1.4784190581605936,1.0065420632197803,1.2117082711566747,0.018679479505151798
0.7469117263730272,0.156211795273336,0.07686668917436355,1.0492161758405145,1.3523372957250026,1.9320374409557681,0.044425435473519216
0.5673659290884935,0.2275771365049876,0.11750014168107721,0.15625420167985846,1.1888909272826298,0.18224281640484769,4.864974643142116e-06
1.152645590004557,0.14475709497862557,0.08854756643407312,1.3138078411992367,1.2282322481139496,1.794565953949361,0.03634944725996803
1.9885633460837555,0.1166922586643271,0.16654334859965134,0.6105496065303148,1.4900972403096295,1.6155047076129845,0.010745595131353713
1.837515899382371,0.07356487277880336,0.05877713469168159,0.10610907012060151,1.2577910398257819,0.3973912369502519,0.0007797619118540147
1.6229120291854238,0.07043000901615434,0.19425659997789194,0.8101278485851487,1.4291718246358425,1.9801936246104044,0.016476232930516917
1.8361887363177873,0.22793233506570484,0.15909718396175676,1.4118210012267691,1.3080251643034728,1.50171891088944,0.023052254599322267
1.8401699595467949,0.04448400092984854,0.19384267493951973,0.46026296207297646,0.8891702852073251,0.4323488031257278,6.492414134555327e-05
1.2782875405796736,0.034934881532174084,0.1692459454177578,0.7881184422739759,1.2895965972256187,2.295566391882864,0.018367573259258724
0.9738935777461895,0.06112449585641774,0.036999745911812106,0.3432876428953471,1.1390209120798374,1.8706715447874647,0.02257482033826396
1.658018648166482,0.06085048832163734,0.11002741722065261,0.18076974033301613,1.4431585950876396,0.3994956601972488,2.0359064449786534e-05
1.4924918947516417,0.2487012106140009,0.042295919027199286,0.21276292539835845,1.3647841130333185,1.3351767348729904,0.01656005456373731
1.0604865933105652,0.12556692080752158,0.1654631969991789,1.1178152683458977,0.8728942813250578,1.4917833594149956,0.03070191082434061
0.641700002092273,0.2972126526345399,0.12099080834482621,1.3097042590390087,0.8937409505574909,1.430253526232295,0.07805308062399337
1.6201844170235389,0.049791264759277594,0.0600553697278121,0.30061837495348753,0.848727701259024,0.33339919212731284,0.0007053023143994063
0.893690773884297,0.19952654945115655,0.18662380468136255,0.5036459949346562,1.1452714123212322,1.492008210254697,0.02475069415429611
1.905219725800669,0.14013155708836267,0.03188535012970953,0.3730412547027582,0.8565402314451471,0.31788641961356257,0.01606061052746937
0.8614558625085271,0.12394627124215143,0.11713385665954966,0.1375980876969991,1.306574835602286,0.16011535219064435,2.109777206056203e-06
0.684136898617229,0.2637744177256839,0.14699770538667783,0.874803917841777,1.186651007015303,1.5872082521157356,0.04483183435268055
1.7466690081873593,0.2929227372902359,0.02118122209316204,1.0798910381927065,1.3851195122871998,1.4552998776578323,0.06285425799742157
0.7299264749367411,0.26312909804451184,0.12359264630917868,1.0070284732390986,0.9958570520699215,1.47030065585821,0.050232021222951645
0.7689024622366086,0.06576719692018858,0.1650212309379879,0.6432749662231466,1.1633985489127985,2.060565246642399,0.02953792539419138
1.3990741872812653,0.07403139715059086,0.022830189739430143,0.8770143443158674,0.8822357801373811,1.2110173217789306,0.04161161514644247
1.8118430612561967,0.20026142493756835,0.10732616451025914,0.23173902929071455,1.4192270018551962,1.2456259073193168,0.006949791072095549
0.7946519985718599,0.09383423867507558,0.05912586384826061,0.3160252062117582,0.9225034736028869,1.4429315227588868,0.015005778489777745
0.9654855093501422,0.22307028792636815,0.13595564579201497,1.4045124673741767,0.8716535759452835,1.4428029958270452,0.058246049261405516
1.6661072573617663,0.17426198873479695,0.032548699744980536,1.1661108469478556,0.9435354189662284,1.1732468850307622,0.018656430067763557
1.957739639091451,0.16976354286221684,0.1880397718273963,1.3918347341552342,1.364362042106087,1.5950694577142686,0.01938394589613173
1.2511117793035136,0.2502786082032479,0.17999843052579906,1.383352398299114,0.8740701693792781,1.3164603342167387,0.0416543409038992
0.7158462538268762,0.21605450380537655,0.045335139776384745,1.0091496639508368,1.2300992463867162,1.7091831801408692,0.04699897620832959
0.5209044315623024,0.017707551849214593,0.07142051802936987,1.3995341073570313,1.3223269104305881,1.1551017302545494,0.0005089998684275745
0.8444840449982829,0.024343149772344547,0.12165064518407817,0.6833857443154484,1.32575681233801,0.7405788331734885,0.0001083760885521173
0.6977333266797816,0.18445195121224456,0.1464318439605076,0.10506274269891731,0.9330426206256919,0.48818383240931373,0.00032618314126416943
1.5164880104192862,0.15099570193045989,0.09410464288044905,0.18759956218462312,0.8431367988643285,0.23166868439273294,2.737643161319109e-05
0.6827487569427967,0.0854535500494675,0.03969535117258526,0.2532822559811413,1.1141644686405523,0.4537850546435324,0.006736370897006684
1.2594948974309494,0.13141026532129246,0.0297887838225456,0.23349483445600436,0.9417397416711824,0.6080668146484965,0.01932215600114461
1.5413936534643298,0.22979399243252954,0.19995541401372535,0.5923833471903688,1.2894895663097565,1.3364337576494782,0.013589375179174818
1.3716749138313535,0.2497173305507997,0.09651690307426257,1.0817791299531005,1.0496849597587947,1.3307303738048022,0.025064765761990435
0.7996634774900864,0.1727546896881128,0.17578103233821465,1.206908329240693,1.1145477587231924,1.7141929306008865,0.04683324708326126
1.706186789273394,0.12175714944855985,0.10165144087953175,0.9262985840824745,0.8794394531711983,0.9311401087866286,0.003993546018396481
1.5731106944237025,0.08850206083358103,0.18524795132374064,0.3050106443797713,1.1972852005837342,1.0209760991491545,0.0019109237953876773
1.6084760058733125,0.1613563565230835,0.02667428272659461,1.1470622430074453,0.9298669327423351,1.1937755161323822,0.028917351195280074
0.6965866273359699,0.10127738938367048,0.03166364635356468,0.5967226867926385,1.275289962640456,0.6496688815187791,0.01703762680374815
0.6856307054755169,0.17358758974369465,0.18663011566760263,0.11819068814051475,0.8498181757835256,0.7450156416029379,0.002070383715066127
1.8913438265097615,0.20622919092779493,0.19002367855850916,0.49282406874584905,1.4831262145969264,1.4016717293518381,0.010819427593616565
1.096367290737411,0.0291629711666245,0.06979631501841903,0.562840775797369,1.2791688850100682,2.480773018884422,0.021649011283581508
0.9514230376714097,0.0103095648565967,0.07748132852883564,0.483943749305344,0.9272106974683484,2.0966133657495427,0.006912521846364647
1.2328760680272999,0.07156037026381545,0.09596554461860402,1.2366182144626199,0.8098662518232991,1.499611713508263,0.020431036283184285
1.4942963191453735,0.26940833433844646,0.08907071921278525,1.1638969566317265,1.0341240245436532,1.2737774883490822,0.023634707169995117
1.9334348855704548,0.19742432133628215,0.04610859103232337,1.073772842577698,0.9069692848365453,0.8994789735296912,0.006241879855641398
0.9296693403230825,0.05986850206173663,0.18069132294848117,0.29460710991717143,0.9528879331836821,1.3265978412061787,0.00595876639698396
1.8872126439680406,0.26817654892884946,0.05812844413407231,1.2309674735887948,1.4109251809065226,1.4987433665179446,0.022757100120421578
0.5372892370793845,0.1462872226833286,0.1440017578007538,1.0480463463286531,1.2222432620355947,1.9073851083759261,0.0503478389139812
1.332797063490237,0.1480666094368116,0.02275957876964485,0.37277276107394863,0.9235203571202297,0.7330790042667797,0.04299693379749715
1.4509626675216276,0.28130716371437,0.0173627529904016,1.007331502394123,1.1896615804812143,1.3640508797955193,0.08895016897934034
0.6588461056261299,0.027251140733168602,0.13420878978961492,0.7769162974051534,0.9790464573974953,2.3651084550158066,0.03080935013477012
0.710509395595869,0.07240169964232837,0.07441301293891947,0.715090086598715,1.4833406050506626,0.4794527218244426,0.00015902304930620357
1.1286714789744559,0.1798736842948695,0.13453728461680026,0.2569724288613443,0.8229300611845867,0.5418202026623875,0.0006931266067013142
1.9493478682147725,0.06669108777878117,0.027864028412077767,0.8256259861832315,1.3126228955174706,1.6048679824631273,0.025371126468877833
1.3940638298515593,0.20706283267059777,0.19047176218401404,0.2399045325613091,1.341097918333999,0.5093060033477969,0.00020880396807207728
1.8995348324003167,0.07208676390764886,0.15221774870968813,0.3299547421559733,0.8470139347703902,0.2774179306635594,2.0645665196251024e-05
1.706541373419456,0.03875552147365616,0.17649077427490187,0.28556483998466775,0.9203085549619461,0.3263392544082564,1.638133595403545e-05
1.2010724023329373,0.07002569629584351,0.035929405268457074,1.4357515906980107,1.0690146613727702,1.9318572628362023,0.03217612479399382
1.6771451738782812,0.13259286993889804,0.07083058408964518,0.49881056662144607,1.4077083785703475,1.6168782260078085,0.01406012124075255
0.5267551759654816,0.06108010676019317,0.07998539119920538,0.5972860530344108,1.1758999568929496,0.7010692453661197,0.00028891134879089594
0.6637159951486025,0.04906068722777072,0.11206280318209552,0.5509128488144505,1.2587147950051034,0.5939002160539528,9.948958433878588e-05
1.7441429223241045,0.2594817470034928,0.06640501224640871,1.3575506232494012,1.3481089848197898,1.5218577406141005,0.026433536519812596
1.6952256324877426,0.10291518904321927,0.021519841015986974,0.8881522758688438,1.3796859518362639,1.7816902782777062,0.061496620435966085
0.8489611129496506,0.11462001909029353,0.08008689234011943,1.3868238585066364,1.1333991801585768,1.9135999711632539,0.04686363494956104
1.2961543858985802,0.02602841875535601,0.05836436977918361,0.5198948681590537,1.156155197141437,2.031488583866003,0.01002544932962454
1.4090237310500164,0.11363719081559569,0.08332504537801082,0.2607685442047285,1.3026040999614457,1.5411188985753834,0.011302310710169676
1.8016084306640168,0.08679408142325809,0.04742231309780499,0.8787058338138444,0.9843396511149385,0.9911289021832462,0.003795281749242329
1.4046607360080885,0.18704066952911866,0.05976031116729974,0.5837517885060245,1.398142815455867,1.63134947190676,0.021909030918978934
1.1188573539105204,0.06956318632499793,0.12912094468213106,1.2226695668870478,0.8145507771330891,1.5908166452758778,0.02512568605056224
1.061276065110774,0.26762598138822374,0.08374922856983236,1.331192772476322,0.9370401215468073,1.3950356322169788,0.049191564998844424
1.1388231295602649,0.279603320066671,0.07562284470220348,0.7616029152699004,1.3601399601255522,1.5662320735189519,0.03138350974742297
1.4778965383699614,0.038951006581269154,0.11144207021725085,1.4599026337197116,1.0381807483248706,1.9201880271339624,0.01642011159441493
1.8012359476284874,0.04114685732368739,0.1566535027603459,0.8742182088821682,0.9048829828846142,0.8680558057752187,0.0009359145342254996
1.1808453231144496,0.04344466705218651,0.08198491170611187,0.4792885507408374,0.9307283289979824,1.2386036373008769,0.0035278676340701675
0.8717593444270372,0.18967508432999047,0.1216287035856097,0.7845657214819842,1.1715294813552486,1.630982457675843,0.03473316136683077
0.8549935444963717,0.045370999620790636,0.1935784988199535,0.15223440936409866,1.3923270705414916,0.1363388395909597,2.1042196005309998e-07
1.6190214203651696,0.2571908721997772,0.10917622168242963,1.2256016243682946,0.8494555010397775,1.0798449299366513,0.018576297271239234
1.7248531451358655,0.2287387393319888,0.18286153953833345,0.24200907119618933,0.8213366363872546,0.22802500773474169,3.137668525981949e-05
0.6579171197811875,0.24774456888902696,0.16079779860872112,0.532247883904207,1.1256176950857903,1.5055285620903842,0.03533721586635462
0.5998382854327673,0.16255755279694606,0.021156549513528446,0.8914431658069206,1.4693311905375444,0.5768919291253696,0.054572571264343096
1.3916504956346776,0.2990363913405545,0.09152878557915879,0.16016517590565843,0.9953068623898885,0.3856898593835652,0.00019688315733442025
0.7192598662890475,0.022810779853806768,0.14268049749503176,0.21104365885402754,1.4714193773469337,0.14445427113896264,1.7174154124457214e-07
1.736996285684512,0.12636683961397285,0.197475263365158,1.074562900658218,1.4213768236130009,1.7642299563044983,0.019479820214179804
0.9655020108861117,0.10394163399191447,0.09709149532068738,0.20048793028507622,0.9981945534712579,1.2437879672163024,0.007336471639569954
0.715807899456714,0.2851071946266659,0.027629236284080497,0.767916012746327,1.3718636449793027,1.6646355653648301,0.059227449893856594
1.8814557087311754,0.17728967796430192,0.11678174319544488,0.5741738867890505,1.280107111798173,1.1804594897576783,0.006251990130677591
0.7482975841029172,0.2437953799789703,0.03404712050355246,0.419311171138983,1.15827567223333,1.4992310911677422,0.03629062055764634
0.9270801235069033,0.05939894616097047,0.15278871645308476,0.36429045700913154,1.0960413001300124,1.777117058603643,0.015127434676515686
0.730420092788088,0.29380390173112725,0.10645862951773778,1.1687758112256112,1.3708519291478196,1.6896060120520615,0.04953602892522572
0.6732350954980324,0.1546054685941314,0.14745195999168445,1.4321590704103955,1.3551556028865148,1.987740953489072,0.05181165916009187
0.5317220245046601,0.15316490211848727,0.17517874710691952,0.29625163908466445,1.3298554351597915,0.2354467163545832,6.773864406037555e-06
0.5830931137463902,0.29155657127826395,0.12950012326092766,1.4435537068437778,1.4987791658507073,1.8094516277315138,0.05575523461620982
0.761962206403779,0.12041238475297204,0.1263634725581045,0.9326675048651452,1.1349587226589688,1.842161746166398,0.039562174263758326
0.5800728989407631,0.12528225712094795,0.15336835613352995,0.9983245675085598,1.3648460844739412,0.7859958564529338,0.0006587646100345529
1.3867157241664567,0.17957828381343163,0.1700664502760068,1.0938969293996146,1.403734856888435,1.7450685945492814,0.02884795349252247
1.5210717901992596,0.04713525705885821,0.17512021939263053,1.0857664464964134,0.9481218070175788,1.4215279518552844,0.006870456902700819
1.0904456852480424,0.10311483165943791,0.016921737179747827,1.2477355514599635,0.8294465094371427,1.5248792096319577,0.09435238220856476
0.9769866454280741,0.06603041350908785,0.11567615639157997,0.7768561118867764,1.0833238815320057,1.8978065062037657,0.024378623685932847
1.2567893555333451,0.039952208941044384,0.05109116886153477,0.8467020225205815,1.3997156791057432,2.478647329604062,0.02547682692848327
1.8125074133519128,0.2611819358359958,0.17346571924853885,0.5533578034487823,1.0023722968361573,0.6475900650261253,0.0014202721057571565
1.7766974402333089,0.18090603817696804,0.13319556018863862,0.24736063129636388,1.2900071078471969,0.9369147426300175,0.002388328500577244
0.5652125930191879,0.11401510954309424,0.08984227101616324,1.0304962672967066,0.8051436973449839,1.663585491303232,0.06012574415351974
0.7722476143947861,0.12851411943634672,0.04573980334305675,0.1470539568607513,1.0487551026241664,0.44871589667769013,0.0034254045205810405
0.855117306656594,0.13514051106933284,0.07441448892476703,0.48588907151671556,1.2308616863307058,1.766130887817628,0.029291433836714346
0.8740813637483178,0.19361326282196573,0.14371776196264266,0.23192181022454036,0.8908300330506358,0.9853162139809248,0.006824592770804307
1.356848977614159,0.27876312353180804,0.04882831359021137,0.3670180202518053,1.4276248385032038,0.5485780071801756,0.0027297118609921514
1.1243936385547884,0.28050608970052493,0.02778075961429082,0.994223278056333,0.9093917839819555,1.255729875040013,0.04022765312244381
0.573881179891391,0.12353267406389237,0.1787254640632347,0.9798672822868854,1.4368554815027963,0.6538048748550053,0.0002780897449922067
1.0604212076893573,0.10548611328335317,0.1551999664202222,0.6894768781939968,0.9514725160780824,1.4390570019820967,0.016239775330346057
1.2856294230764558,0.14080348505372398,0.04796103682504519,0.22624076708528762,1.4959950717410886,0.23693661970364926,0.0026225456943437093
0.652507854355574,0.17470092682426283,0.06553919325169841,0.7067234830431717,1.2233240993069137,1.7626126717540829,0.04118355581306971
1.7501878306828396,0.143927194320427,0.1946933336548683,0.5938428206016108,0.8590414261068179,0.5734410153549463,0.00070642029010733
0.5779427996976564,0.20103848884684328,0.1445550524842323,1.1086428139983298,0.845694064135062,1.5099152896644428,0.06835687995231385
1.887262803527093,0.17077571678013145,0.1259991808006267,0.9106372514786724,0.8524451873816282,0.7581866983811484,0.002747985261067244
0.6486697123698133,0.10300750854128206,0.06844941223058476,0.7881920742717985,1.2129249231036663,1.9989518751826258,0.04089482592523105
1.765362427396629,0.11026193367116344,0.06683377739163923,0.7817749152269932,1.3667054416291697,1.6680635337417498,0.014234726593936802
1.8539797158914255,0.11979190839232196,0.017509487551143788,1.4528156421645864,1.082073919239354,1.4187807840576119,0.07906705169443046
1.969356020879889,0.03744553279232272,0.14841155471136697,1.1588119103848307,1.1113850314973033,1.3837884756414782,0.003423229297319248
1.7030388204103903,0.058158163400052205,0.018203292760808062,0.7957713846441788,1.2125013925652397,1.6044753752261165,0.07480321928263638
1.6692163111569933,0.21970300262216197,0.010922894177683017,0.7709116580445686,1.173128423350449,1.1892678971451343,0.18037379984101845
1.4637249139933215,0.12283804634140319,0.14860406669358606,0.13707074182694884,1.2816432131708893,0.5331793964627536,0.00016523932751160176
1.6684945318671935,0.07221630204244166,0.19028601385833382,1.4195129686477292,1.1302500041141186,1.7108582943664061,0.015961837018360715
0.7018283126197207,0.1731749990667086,0.153735579068189,0.5468435604742615,1.2997024795448473,0.5480305781209899,0.0002387189640975377
1.304102053921456,0.2291064673172939,0.09961163621863195,0.4583147146330413,1.4981175197826437,0.48541716717764266,0.00014957062644738945
1.2713343052856216,0.0846524850801577,0.10234859741656586,1.49917249554274,1.0452084895741356,1.8119471790954633,0.030595011195366836
1.7863582161838363,0.24976906575788588,0.09286592030333002,1.1061655401063342,0.8085508240407456,0.8936856189359971,0.009293413045448997
1.1941990483902738,0.2789764092912644,0.0716822967509634,0.16630928261900318,0.8879375318861584,0.40057005551379693,0.00033404174462585326
1.0776342441505302,0.18324441343141382,0.10912570069530964,0.18663966783580704,1.1874599294908676,0.5363745194351492,0.00028961476071035505
1.4593449068556652,0.20399482110755807,0.09191868185681186,0.135702189544277,1.0409804510012566,0.3483857745393139,8.319170640440739e-05
0.8996949762512692,0.02524703719368606,0.12365189720774719,0.9394664593180166,1.4579878155934947,0.7613366835189699,0.00010319254606626603
0.7096526164309354,0.2842007683963529,0.18064281529520795,0.20019030008673253,1.239212263075168,0.23406512872394775,1.4413847572390742e-05
1.2168159110356187,0.12382057293683368,0.19905178929152398,1.4067436995829028,1.1642486301758277,1.7847942303029056,0.03353195624264269
1.1253340528923275,0.2779311161581747,0.024961225077754255,1.4116691560317491,1.3586276508904132,1.6581884873151578,0.060108091333312665
0.8488549107933105,0.17790348217757035,0.08308985980565486,0.8644756934473116,0.9810129097343666,1.5171057891805755,0.03620794328588181
1.051267715172692,0.011339451664565008,0.0443341771956938,0.9632945039543311,1.373816978197652,1.1678956144580008,0.004199673551271663
1.049588674739371,0.021177179803796357,0.0769028900458514,0.5086521621353497,0.8021427734048651,1.1683174165130854,0.0018696481871581245
0.9912433466188182,0.20732145364427737,0.06461987352420037,0.18956155937158264,1.2337741534950024,0.35440264801407656,0.000444322580472821
1.0691961195903934,0.1731737240112606,0.04316205500908978,1.1324446232685417,1.4543300057320452,1.9001010987803166,0.03899875927772749
1.5286150181839182,0.017694406789761558,0.1551744501500452,0.24250038424862444,1.351501966423709,0.668887822369164,5.261359042791983e-05
0.945314711856928,0.22560338875449173,0.1042948611375548,0.2197806974257504,1.3975439345031515,0.2158952562983334,9.269970309384865e-06
1.9232868900730107,0.2571221477500627,0.1846566606212729,0.5357123528859133,1.0778682866200504,0.6564221783463873,0.0012490848038396994
1.8745220293072669,0.1539610699073994,0.016192564216932753,0.11745192377303489,1.3769672622700884,1.0479192637723813,0.10937613381426593
1.2213656424501178,0.14506965770360394,0.022725822495078086,0.7076498620588423,1.1855821655211867,1.5849082040979101,0.05550085735431912
0.9925418075070331,0.01158720156204197,0.08662198075676537,1.0907532741121073,1.2329781655522392,3.2083052090949407,0.02698334424398768
1.3031521847450047,0.2381284166231438,0.025252690876767056,1.2218885039907146,0.8412407375350625,1.2349331980476494,0.04550720541454366
1.7728407331604368,0.10590765935637056,0.05991862331881837,0.9460302253184897,0.9410861880220746,0.991807646236149,0.003850695152797687
1.478881010840153,0.26484144973693646,0.1973456511845585,1.2856238843594776,1.1856750908594869,1.4384781616016282,0.028538813889007867
1.7065877419206161,0.11818757039183538,0.04970232542207668,0.6691030852739543,0.8411607404764484,0.6599409868310622,0.0023900481164855565
1.2990834140986103,0.17387259408290462,0.047642370868297236,1.2882809190846674,1.3190127646113994,1.7550229941228677,0.033998946913901186
1.4493764439014312,0.08839911857780497,0.11899172707118472,0.809062634697731,1.3880399059653312,1.946094997447742,0.02123941275127015
0.9322334212736926,0.056570610649626416,0.10461967525069978,0.41225057919761343,1.4442536529063634,0.3544918435772211,1.2743817935930771e-05
1.602339743465436,0.2347232919805851,0.1202832764685405,1.4218039053246523,0.8712379214258642,1.2012312628168744,0.02559105945766494
0.8036068896885775,0.15401123886542167,0.08157970285962386,0.48495922337196307,1.4578041736159602,0.36594832790255344,7.666060359967095e-05
1.5421971932277474,0.1655814978881527,0.16708484838003995,0.13668207786291037,0.8473340053405065,0.16342377130966862,5.293164192358069e-06
1.7910786024888412,0.2899706265097033,0.03633030477406794,0.4397436601370377,1.1318393511494707,0.7649157210922346,0.009197014204720166
0.698154255952316,0.28943817454442455,0.09139460270987847,0.6133625857603988,1.3881757144394682,0.5010896377016091,0.0002445409736088157
1.4215696108128797,0.258136215293697,0.14105475120437655,0.5918895566049697,0.8492177969951188,0.7710357520228992,0.004122722867661729
0.6426436223449019,0.06440669490185973,0.17496492365375096,0.8345345132210003,0.8127617510922885,1.779390003548973,0.03649109196281375
1.5885734424071403,0.18233908134745816,0.08021860520778396,1.336377634850293,0.8174634030946555,1.1645051756442992,0.01984713774276613
0.6267398282352803,0.26466275315010585,0.11787166382781303,0.5092735179535788,1.1578891676052234,1.519585562592189,0.037468128779431745
1.903909734050939,0.11859454157019192,0.023136589551379684,0.8290788511428363,1.368117721217664,1.5796652921131482,0.04564703556511402
0.7061118950567032,0.03932078812131964,0.0423606267412475,0.5761945351638711,0.8891986697508198,1.938465624752296,0.024055421877414288
1.9383203688636206,0.24517924164957733,0.023136250868561754,1.2504822831224807,0.8872271778556785,0.9666338626931044,0.04194859167499394
1.701326264127645,0.14971142989502978,0.14829736947971917,0.3206421186038697,1.1979827985348541,0.8738182458625818,0.00174692346712747
1.390523006699531,0.17367387730416178,0.06473139405720672,0.2449143756340819,0.9640069205683466,0.5176553628555544,0.0005801779826432862
1.6739361569443203,0.29482184593217486,0.14751160513644918,0.8041933545326424,1.3111496146014119,1.3314876519271666,0.01724897356467771
1.6926722584746288,0.1860913148432809,0.022615673018222166,1.0406426200716887,1.464744771723725,1.6937366017732447,0.059222592898496296
1.9190405942259954,0.13324402184316939,0.17388408207758185,1.2137352815270732,1.3362233846202891,1.6049564134572882,0.01585031102205681
0.8800750307587808,0.11729546667568735,0.16875073764110743,0.9254747940674429,1.4140227564652417,0.8339150824247997,0.0007380169598872867
1.3851138430374639,0.13110959486967322,0.026896461179553702,1.183389665846601,1.1637102403001691,1.6560376276341084,0.038335138618737476
0.6425737963466018,0.04433573412181394,0.014513736226865439,0.6497940819852932,1.3826235129522733,0.5144081930559993,0.1199511748828056
1.424248550036182,0.24047766194109582,0.020694874466578323,0.14601473837305656,0.9280322287906777,0.25948898863650804,0.057732171720042566
0.7569369561391832,0.2529378888742419,0.17218973289787945,0.26253903106217913,0.8478435232769392,1.0152031349070858,0.01147145886366491
1.3474259172086627,0.09247516902628856,0.054593662919860196,0.15421164172059465,1.25916717708728,0.6477556292060965,0.001456024064301756
1.3586457710507744,0.09810101933888378,0.11417193039305584,0.5605211106670897,0.8363667526306392,0.809634301682728,0.001918675972245779
1.198977729471841,0.2635569343370958,0.09098639860421077,0.7936878777761552,1.4247369933977763,1.6272631993036812,0.03129881558560944
1.2839476632696842,0.016951403103107082,0.1611498499834344,0.5988444771197151,1.284087902975193,2.5548525614206947,0.013223200167944123
1.6458850850098818,0.16093265869249604,0.10289067727942741,0.884839265092949,1.4665405077862383,1.7355282529343725,0.022094818378221196
1.6988670747681,0.1444659572576353,0.10512555972564123,0.7728528078899027,1.019720659419265,1.0127552533689226,0.004573447418673533
1.2382298233631437,0.21013676317775332,0.19792746850498147,1.0491199226095165,1.1403108164411346,1.493167938923467,0.028006998374181896
1.3993901622839184,0.0573835930433418,0.03852461578235885,1.0337470289887687,1.3191832555315832,2.141455540812998,0.02443087085895476
1.8968543535351527,0.20381591483059458,0.167833748361727,0.5452898059521513,0.9699452898225744,0.5553989720462398,0.0006548777301105599
0.6796003827516842,0.11925286228371415,0.019832451664738113,0.5847002375055281,1.1792941740781668,1.8418358263911376,0.1013414787355463
0.6756553488501658,0.1894272856691962,0.10075326621886443,0.9192069502978245,1.2616270925038346,1.7794005942387867,0.04490570264483898
0.6315635178661526,0.02162755286310502,0.1784036165472745,0.9350054550471785,1.485166058112929,0.5863123165904006,2.943566722254841e-05
1.4867949275607917,0.14390088718350771,0.13639065346478305,0.5405798790919863,1.3212923059696693,1.5554368264370209,0.014936103560852976
1.1279124511855692,0.16145275925488792,0.14019077767956525,0.5624450400855953,0.8826915951953518,1.094540537509596,0.009436842474306331
1.6614821242127649,0.07215465682794611,0.06003028362873226,1.071663018460606,1.1327334159683171,1.58320107381194,0.011206140607391219
1.506847119962889,0.050490859711945,0.08952921035867631,1.0063751520264974,1.2121395480927004,1.936924443690444,0.015347256530480321
1.0004566374923574,0.0646575478735674,0.07965040206481959,0.28907112655168454,0.902636200005047,1.115252782691127,0.003605713584309152
1.8475498210423036,0.10980091263837093,0.1090742099300189,0.7174586315455508,1.102376239886755,1.0056459522717807,0.002798254783014321
1.6437982206059785,0.038074943298441716,0.09782330672729694,1.3497885101948264,0.9988040714350761,1.6328337028389883,0.008833426402021935
0.9058024113652636,0.28472274076158527,0.07211068685662797,0.1508279465462653,0.8831792795834182,0.7633598121437563,0.003615427663823965
1.046288026658081,0.127448277833787,0.06804131635052231,1.2972295250778991,1.158429353424418,1.816483004143778,0.038441861650149914
0.9716599703063944,0.2446011847269572,0.05766204941447321,0.32844941988980103,0.9159431567086418,1.0330557362748036,0.010292697886917623
0.7364174729374995,0.2925809657015655,0.07935897690810409,0.8101480854464023,1.2133761860100063,1.54969480625087,0.04285369991935295
0.7216750588132874,0.03341323120079434,0.03848888080747152,0.694071000492216,0.9187878525693058,2.1016336788221612,0.027465281850918916
1.9041911950636161,0.19898414570114825,0.17569981738067902,0.11418107227804236,1.3065164465219747,0.3752935064238105,6.492009885640335e-05
1.15685605579813,0.262708635154952,0.12440268444835119,1.3815557119254849,0.9366691361207693,1.381078219429685,0.04586616486505044
1.0749797341661147,0.1939279858503512,0.035419420862832535,0.7368953182680278,1.4273995705433047,1.7785535337414156,0.036809619611645736
1.5945285630160668,0.13441757519364966,0.14183327349971028,1.435975587464861,0.8183465495841662,1.2488900949884336,0.019143850119280662
1.32948959787935,0.13501214371500211,0.17105662891961493,0.501441461370905,1.1653981709320151,1.3907242287814825,0.011318225005516033
1.9042099802576933,0.02041067694213408,0.05513177768992919,1.3127860827823614,1.024073336120583,1.438869610155216,0.0028583641671115737
1.6704522408640883,0.16503421787388983,0.038614112924080145,1.3913454035938826,0.9575535680422136,1.3003704655927089,0.01973423420148225
1.2190543461868106,0.29812746906818577,0.01163727885541289,0.8795653829190928,1.1301219454156035,1.314586726378721,0.1770508240725766
1.0645392102212394,0.2880251825318609,0.01897756438273217,0.38374890301480447,1.3894136754269826,0.4442696340058273,0.07320679322210487
1.979947317386483,0.02171577636422732,0.15482775617766723,1.059346404948008,1.4406940438686542,2.408197975505762,0.010627129225130368
1.5766403540054652,0.21468113105255157,0.19756540308792184,0.8685692931412441,1.012274032703492,1.1053768935075057,0.010089630184324551
1.9267919900057617,0.09751181134210993,0.018527261270492555,1.4223415321936763,0.9079705354665499,1.166629635098716,0.06484575086428626
0.677717865825562,0.27186685448777964,0.1521334822251796,0.7149808865346885,1.3040983132964152,0.7164599590738404,0.001093023250320823
1.7758005187861738,0.023083276255690774,0.02365381150978241,0.47591910669575077,1.207399107819192,1.3094574206583633,0.0377065773225082
1.4556108259868115,0.2814034895832134,0.12250523673169669,0.2936018020917499,0.9407113040742919,0.49544182058139163,0.0005785557128142736
0.6828825175026689,0.25286796569845527,0.1536543036613652,1.0780869961613513,1.3322070516612055,1.7236775551573151,0.04806894268279869
1.382386999953831,0.04407627085325444,0.07824883548087015,1.4637534665728151,1.1632513046694988,2.1515488945720196,0.02374009648831294
1.529144547658173,0.027349057822016763,0.01207759701102611,0.13968127879995787,1.2573766396551853,1.6458378122229664,0.18336947519959884
0.5184540288329043,0.2520652226548114,0.12308597690383091,1.1366234966893776,1.0515373237743721,1.589213304201076,0.06288162713798107
1.18147694276262,0.05516972458262802,0.19833647934660528,1.3977025075835334,1.1073682929116633,2.056891816989449,0.02812782091613102
1.7380992667944817,0.16512046436300246,0.0589473103393142,0.20469414791828908,0.9262394688624596,0.23204043693699247,0.0008061999873760986
0.9430385380161348,0.27556600878482573,0.046003342665571004,0.25423806314858644,1.3295611073517386,0.308103832831441,0.0032914463351105365
1.1878221226978267,0.17455995292930376,0.033545919623167844,1.068739937829592,0.9099079269062543,1.3665129864976433,0.029976061200988037
1.1634711906018398,0.12519765742711897,0.11549856778101066,1.0071487262541037,1.344811816325743,1.9010852914058558,0.03127188942644324
0.9528910871637374,0.13905465590765773,0.12332456887845193,0.19635838144274398,1.3586054984192102,0.21617875323783386,4.367100742198664e-06
1.8776628432733313,0.02830397950412259,0.16053145906237645,1.268191853011619,1.3226206748385851,2.177017842221948,0.011171217156329724
1.6719410531472738,0.29093817319486365,0.15308392198789686,0.8327933869828492,0.8135959516411183,0.7695214254199616,0.005506056918626887
0.6658826164941658,0.10008971367351399,0.17958288401106656,1.3700763226712576,0.9911932488246715,1.8992711060919991,0.055434854539559805
1.9955519867563596,0.0649154125851276,0.16309681268503726,1.329187233389786,1.1278364199542696,1.4418132803093668,0.006970021382457318
1.818800036461618,0.09295371753371462,0.05698074578509445,1.237510876670232,1.2168810651017572,1.6211683544485718,0.013951897210381306
0.9258626567960584,0.28966822651852886,0.1156167069263946,0.8222584547421897,1.443455469558335,1.666801189737334,0.03838387391498689
1.7553448694914073,0.03734295551152203,0.06650827222778019,0.4523948984492051,1.0629241804900915,0.7118891722517791,0.00043287233406756007
0.6596292978070744,0.2615178817453426,0.07265922211478545,0.8083657054755855,1.412516323141768,0.6141255995918131,0.0005192040482074393
1.998657095711358,0.21527472937641987,0.1870694301536993,0.24113592892249208,0.9144005016957856,0.20517278678470108,1.5225189533732898e-05
1.4985271041598054,0.25070556195611815,0.13956022196274398,1.0223846078627965,1.059896341256039,1.2594846714250305,0.019055481833909826
1.4751875233381955,0.29301028670668994,0.19517217851771013,0.28756810692061063,0.8365974075749262,0.3615533383120824,0.00022892807093874938
0.6356610904761991,0.2542248500998928,0.08921338197656145,0.8156421475010123,1.3197425037389356,1.696968109875026,0.04530704214166319
1.8455500983449378,0.28358088187057734,0.11211313893725554,0.1761347638335449,0.9054569302030391,0.1708621098453777,1.0108210753495268e-05
0.5434992548067041,0.04681122446936673,0.10255192978412012,0.5193174863845043,0.9799140109539205,2.0974810151136905,0.032739325348196846
0.8612420870617206,0.2407786838984213,0.03038454092950811,0.424912644937703,1.3426632765352504,0.45322469724357933,0.019348655752035444
0.7145328127499525,0.16824595128350386,0.054973378960054636,0.9680441597963386,1.174301702195897,1.7640693842889221,0.0447536716887235
1.6651519110383277,0.1676137225731596,0.1102509085148516,1.2015013968315122,0.8097809035929239,1.0490795130800514,0.011728845724614967
0.7973063408193468,0.27068725713294894,0.022801117975271186,0.1802241363567366,0.801564643323178,0.7965824896063908,0.04169859868649752
1.865957340696328,0.29182310740754625,0.18697776656868897,1.2903971592175378,1.157462442217928,1.2527535005271975,0.018247038596087197
1.4844035589912352,0.21440311368252246,0.03353029956924045,1.3050747729364462,1.0134688596244363,1.3579065665549543,0.0291159083523894
0.5542440657420443,0.15005213294681732,0.04761634181921235,0.5791767040032318,0.926218012196624,1.5735943167656041,0.03982150456117863
0.5081447511930507,0.14235711879153515,0.15541103254834096,1.022605692358451,1.2295157564012777,1.926458263551361,0.050336429830011215
0.5774868755215984,0.12203902259472271,0.028417562939969603,0.6636582443848292,0.959905530202199,1.689828780264421,0.05034615209913218
1.4088877664715915,0.11486371857607215,0.1810528389269278,0.3158672350654841,1.2145450047794637,1.2616654038872008,0.005708950369462618
1.702222716289123,0.1235369840884851,0.14788318443728177,0.8401273859883545,1.065486165410391,1.1573789743128498,0.006070747172511551
0.8578292309410827,0.036028438222846626,0.023037962850683193,0.2209035443022353,0.9307223523688528,1.5752669686609857,0.048099081446165606
1.7741132643846094,0.03245646472552708,0.14145094164427405,1.329861017554383,0.8966733165081241,1.285968530652153,0.003704834640186584
0.5858479102298906,0.2361622547229704,0.1300094230125504,1.394005663173452,0.9658024221891017,1.573606214772542,0.07418817945646278
1.7014457804625143,0.13936113894686558,0.15389639222058454,1.250258391815965,0.8208824756090896,1.0799091073455886,0.010515379088796331
1.8916931452584205,0.27989850167793995,0.1673575919729738,0.8875393690583699,1.015688873425388,0.8964312595653149,0.005679557722881594
1.658162598656571,0.1875440924922462,0.14648660700289948,0.8806380275756369,1.4313682831272558,1.6277181259719455,0.020763349197523602
1.547181175967956,0.020201034833481728,0.12137349610148467,1.4784503272413017,1.38195348811812,2.8153642407725794,0.02163033944522546
1.7569703279830746,0.055681768982069044,0.07126803053053776,0.447062365763656,1.0604026297037612,0.6931027052515342,0.0003973876412852646
0.5602269493205996,0.06968773997377219,0.14248199574768655,0.20632771226729046,1.2030835330072627,0.22837117420599232,3.370611553207142e-06
0.8026731660785831,0.29296344707300154,0.1918246010798481,0.8867172930416488,1.197152391309841,1.5255476972037272,0.040798674665653546
0.6873855189584646,0.0734242255839741,0.1216291383004861,0.5602998369341446,1.3801162774355986,0.4566879471297261,4.302235495721024e-05
1.2567964852894797,0.15956914612353487,0.13622552500250826,0.5512742819312619,0.965403071061876,1.108351275887868,0.007999647435370908
1.6177821924932667,0.2814913101756569,0.09305432801796214,0.10991949583792726,1.0074712421551086,0.18013326351911563,2.2854070450343518e-05
1.445017766864598,0.2933858916751636,0.15366295385118414,0.9347351733671061,1.0112498036219282,1.1666785679629093,0.018089181479485725
1.7766966496429024,0.07854452626122792,0.19955680454434083,0.46964718318585963,0.8286089928401721,0.4253432198353511,0.00012863457487166744
0.7328194886616364,0.024244116687511637,0.04047397157286986,0.36300196746975333,1.0202815043024345,2.3032450400523916,0.02288893599960364
1.6019316379027424,0.054544531435949964,0.04845700310571484,0.1566047039502052,1.414539643611605,0.3873736786394251,0.002516483973972115
0.7895622363033561,0.028365258823741843,0.112493174146234,0.6101062070658557,1.4383913533000365,0.47342199514041344,1.7938274297305654e-05
0.9061381269767004,0.06658602991677755,0.10146132547971506,1.3305564213410404,0.8767447420379852,1.853852978509051,0.04058019186085357
1.564857045921956,0.17488521726408326,0.11859825905627656,0.5713391306363212,1.120640979132902,1.1264434571022972,0.006795279106675686
1.9703071773480227,0.2746101509257361,0.019324069067611877,1.0507038941674312,1.0669442311113473,1.0201312359464958,0.06287073178181189
1.4173154089656044,0.1657934762713586,0.0868125267027853,1.1591657487626703,1.1425514376363717,1.538191070078868,0.024524435384350736
0.5817504724869433,0.1915369714427334,0.12076586979245654,0.5593411328662794,1.188303666841074,0.6849661833946629,0.0007740156542274425
1.424463454891299,0.06854150296676692,0.12118635674794291,1.2502970290168578,0.8141811320124223,1.3590739344215874,0.01270284615444935
0.5635258273702506,0.24216924999541653,0.134893452735991,1.0686315235337287,1.3895695735448126,1.7973395946067587,0.05060152171100641
1.8262185670502258,0.18915878346661913,0.14684104551050614,0.882939120181332,1.481564851221337,1.6177231495910254,0.018838303543855763
1.564367427650931,0.2605996804658902,0.13189396863476274,0.10138944967088048,1.2573833684025497,0.6109463819888673,0.000638165364053357
0.7596917696337548,0.2851645010316774,0.16014619952399267,0.1491270722919314,1.2623165669453584,0.1738582586843044,4.241871048198846e-06
0.637581508736297,0.11089122496941176,0.12870452059007242,1.4872121817484887,1.169585900481496,2.022897691398492,0.055623112807767716
0.7752998433204785,0.036267926975277406,0.11212645588206885,1.1951974929049831,1.0339913882000673,2.3438162782080605,0.037515224464482994
1.9700407693312887,0.0755193977958669,0.12517732148868407,1.4125913622821258,0.9042844769256648,1.1402307557285238,0.005498835749570638
1.1878409636877347,0.13697405404599278,0.02922673968313315,1.3632244868852386,1.2088443398872355,1.7976119290122907,0.043750305038384826
1.676121422512112,0.28425115902909726,0.0618997427378488,0.12862017639985118,0.831458982456445,0.13041461826194856,0.0005765314471971493
1.4546125131616652,0.11970984848829042,0.11020595832504493,1.2085862057075034,1.3771517973843117,1.8914416107070569,0.02748661082370114
1.358619724937956,0.2335242319629573,0.17586757092632435,0.7316040416156163,1.0946381896294308,1.2584264324789045,0.015756319669813928
0.7176953819975745,0.16673824072951896,0.1390197956947187,1.205381485600918,1.0903279569133824,1.7339590407398375,0.05075234803575398
1.9190366803371426,0.0630145434249832,0.027177534909660538,0.1094020978287392,1.029019600933134,0.12728228449127366,0.027239702532382396
0.9520139487720769,0.10301289449650096,0.12253224058443683,0.50347902168079,1.4785477220890106,0.404200686351675,3.252717045072892e-05
1.3670258237113133,0.1994256466566174,0.052130217651048805,1.151853286107823,0.9224418669395033,1.2894914631797758,0.023829181630603994
1.549663916883599,0.2051274844586191,0.14946314635985736,1.2102291040422257,0.9059154750326479,1.1920980180217362,0.018361798224395723
1.4738497328679634,0.13608032657462338,0.167213761976662,0.9676004417004734,0.9158720510815211,1.1792432833663475,0.010493171462665426
1.9108916145432777,0.07630722477201324,0.12275669179209493,0.5217586652247692,1.2609692379955348,1.1799346876971188,0.002703293128720661
0.722658484880087,0.21935296605867613,0.12235889585282485,0.5345076278030081,1.494326723110719,0.3518125591672543,3.8406709113304444e-05
1.262529107670413,0.05897318206768728,0.07433237421005466,1.4534695490988456,0.9648326192812283,1.8331978588720481,0.025758811804201226
1.1060515861111488,0.28163421064088673,0.09478750402064878,0.7148970509278862,1.4339321779472414,1.6185447429959001,0.032425805058291686
1.2112530942239272,0.06449203792057824,0.17418058722491564,0.7259757703413718,0.9950315914457207,1.5196896657012906,0.010854577667421582
0.6788262892966169,0.04112058522143092,0.14743086288375976,0.8732658503369792,1.2535299440877101,0.9835720606597143,0.0006367998594159079
0.701141914809148,0.15431783368595986,0.10875319534221019,0.6733032716101441,0.8283492663533575,1.423002029830528,0.034058200839980485
0.9171133186718861,0.16066938345181128,0.07996415338719048,0.8737401904363797,1.1469577822033323,1.6787737997710899,0.034672722796979506
0.957056905641247,0.157375945285691,0.019572150274825326,0.7052695918745809,1.2581989763952872,1.7264843918380772,0.09264095754337909
1.141854820522025,0.13663357190826345,0.03717140625201317,1.2574008874430613,1.17542384405584,1.7670916125521388,0.036294579004675795
1.4164813205549425,0.2984963189205864,0.04667478601248042,1.3726714277175975,0.9664847694172538,1.286717902030057,0.034840771940839524
1.4519436761273945,0.15102137767446874,0.0809428732191482,1.4049543637415063,1.3799478637875409,1.8358110058630193,0.031689514210968585
1.1177163448783554,0.14860450841455097,0.1893872929444922,0.8900146881611412,1.4790955578667682,0.8383638040462617,0.0008825583176253552
1.1131746641430458,0.13231215818722278,0.10597914502316225,0.7190079804502933,1.1214372669844457,1.5933376015049798,0.022450699511133976
0.826442790045443,0.02937946886342424,0.054619631019253906,1.0873360823085731,1.2451434856324775,2.699572669778275,0.035672738851353185
1.3824593726135124,0.18195742303338866,0.030092526117687673,1.2736530278142693,1.3532892878419007,1.7384130213482043,0.03921628785024776
0.9755613669758568,0.0761106539447229,0.07427804967456317,0.888175138892928,0.9690423424352559,1.7324415154898511,0.025187614313792597
0.5540897514160456,0.19490660426642445,0.1649888207547008,1.0799734305511657,1.40511526735015,0.7737043105220577,0.0009053682647300804
1.1276000662352905,0.024741703965058374,0.0828351307479965,1.1496210910097473,0.9961406337169982,2.1916769304899555,0.019073072727879333
1.2111990126352554,0.2946022593633705,0.15677610314425858,1.0469512874042013,1.3430815624606671,1.5567669209598471,0.033900902240523105
0.8383893023063165,0.14601147291367494,0.162513945464107,1.1445869780210334,0.8784694626984955,1.5625859520874805,0.04604119847017736
1.3586868996831736,0.2700590577613025,0.031055946242753783,0.3921034655783977,1.0018706923899188,0.8653163376532691,0.016690603892511535
1.3486578506478815,0.14791274023755108,0.1256453529990889,0.7977243658305164,1.1735339537579075,1.521840982278419,0.018699499585630185
1.553003271665557,0.027495937386524304,0.19222825204051106,0.923575976447122,1.1674454669930205,1.9131136580118173,0.008166375859479085
1.471922723301815,0.248441928367204,0.08640623423167523,0.10346910319983232,1.3953018291404564,0.21128557257147224,4.1810605866812e-05
1.4786495847815473,0.19797328160346894,0.019679376910574232,1.2983475123391548,1.497289080347025,1.793369489755744,0.08692386586882338
0.9743212277360647,0.2367095437964441,0.18542751114899694,0.9540343118228768,0.8750475921020985,1.3113390174632247,0.035022556857890366
1.6811483329789307,0.13416926041757327,0.17789659349877177,0.2807908643774846,0.989971692977526,0.3874481759410232,9.362365295430092e-05
1.3237165753995193,0.19500165583152704,0.10920687496971034,1.242899901606158,1.050318747156153,1.462275198962001,0.029378491113910773
1.1471272927698353,0.25830641110101615,0.11492809286536183,1.1038797530167626,1.1352428854670036,1.4762569177360496,0.034947399013242814
1.4390187214115857,0.19300897843284737,0.050230809527463734,1.161619360849092,1.1457368202080793,1.4891985877705112,0.02522571131420069
1.0409860016753814,0.11082535410241194,0.1656956435534811,0.6488594466065987,1.3993365442038916,0.6976247736602184,0.00035132881457732983
1.2691088669101374,0.20213358236619794,0.10473400729450401,1.295883509372989,1.3393915119495698,1.7185693664534147,0.03543893554744737
1.6050585327233304,0.20483771469807951,0.016436781077085738,0.6796386149853071,0.8131961053265674,0.6950425943469416,0.09167268755963455
1.8296043300855616,0.28857021912692127,0.1397728417253096,0.8987128141238279,1.1185152324082315,1.070851411667288,0.009694408022538414
1.8815857959427875,0.11756457324708405,0.19059429126251418,0.10089922517982322,1.2326516867708621,0.23363410898469605,6.563816114939592e-06
1.2554493877746489,0.13327371257909804,0.16753859316569256,1.0028223605490072,1.1222769109651165,1.6029627493789649,0.023606535426341658
1.2804126721108537,0.24551565874424716,0.06266764664000256,1.1054461089791114,0.8914516792179916,1.2411713110377454,0.027726199882052185
1.6998056161457546,0.15667107127539495,0.020131766137334722,0.8939531116843091,1.0782318585834538,1.1954234869644769,0.05659215845506645
0.9716760376163018,0.22360619700356257,0.18866676838225432,0.7951823438610623,1.0881589865908152,1.4609550880831215,0.030031375737650294
1.756073543517603,0.1433157446915417,0.1880419177271433,1.2339110631963917,0.9314011457148312,1.1547322196267973,0.010142644274292123
1.241212469776135,0.07249359112568313,0.11115891074544518,1.0539218040313385,1.3294149801296675,2.112448324443483,0.027597862647856356
0.6737850865029026,0.22610911440649314,0.13204030821759166,0.48930365560803213,1.0249804760997339,1.4393884015392366,0.032209258342098916
0.6080887206094155,0.04803499906356588,0.09789401153505357,1.44270267331198,1.2122911033980315,2.4982846089276602,0.04969997554478382
1.7629898165591946,0.06758926242407934,0.08975541974876414,1.0901740718734771,1.1610111266711374,1.5749651948792012,0.009654454252588826
0.5833518753603169,0.1917792450074205,0.032695202826453065,1.4831145004773945,1.414198955451472,1.9505515454251443,0.059121572319299466
0.9209171542004839,0.22670824205570023,0.028383050688608247,1.4597658427764157,0.8854104523039867,1.4686257710032409,0.06860430402040354
1.0011950607523188,0.26945948719166635,0.05421910786847562,1.3864736119341259,0.8799841057774221,1.382040170107553,0.05882494074361182
0.7594916677873906,0.08905008425060858,0.16896174181724344,1.1575201577154306,1.010223768386111,1.8932694928212683,0.04310115843800307
0.9708400547029838,0.04211003499416076,0.0377081371397792,0.9532011158957543,1.1018504776880844,2.1933355240372583,0.028847729545548022
1.6140388500876286,0.28725353126156244,0.05307274386379504,0.3410389291560939,1.0089795741264977,0.5542480287652966,0.0016534666498530866
0.5220242653401062,0.05478269552642131,0.11423667127121942,0.8606919843932607,1.3342309576766707,0.6831214249138343,0.0001707808717367768
1.7407601367810297,0.06732342485384546,0.05087493143487214,1.1715271313520583,0.9716860901765099,1.281533646614637,0.0065206514538230925
1.7848220353618371,0.09448554153195506,0.04100927009637955,0.8292000221877949,0.8593423199405713,0.7760538677150565,0.005805587546797429
1.0583923597873222,0.16352349266762337,0.11703008592261283,1.3155347797679209,1.0896598669189033,1.6618988631190597,0.04012605214765836
0.7304193485909523,0.2660194141498826,0.07993772148935693,0.25351825886837753,1.3413655016969388,0.23611817033112167,8.455270539635426e-05
1.4012606119176212,0.2305583465916614,0.12897026430968916,0.6333164872680876,1.395393360510719,1.5533411290331158,0.022313078072600738
0.6795088337973415,0.21536569061436417,0.1833190146776485,0.8083501860311201,1.3133413938543455,0.791707024735409,0.0012746188664969243
1.0473790416173787,0.06080236467824106,0.038688694972662856,0.7052554142167512,1.1905206749498207,2.03424177906444,0.026072553083636447
1.9376437713514587,0.11372796314253251,0.18355239536448215,0.2520211669501743,1.3069341912244237,0.7280246259853141,0.0005281273596213533
1.9931967088754556,0.1487374285651366,0.18147309381035456,0.31493961166248274,1.276972674712703,0.700831744253106,0.0006284624053022742
1.6581573370318785,0.052753526510819895,0.16752664083382154,1.272664209997682,0.9640566427465427,1.43444227139358,0.007887518091012383
0.9664422648811493,0.08929461361673502,0.1299443242881562,0.7781379628820313,1.1855312245422356,1.904484221450079,0.028328634465905063
1.5314975737491388,0.09941662914632482,0.12782786491845402,0.1682113974538187,1.3394265328469024,0.5445625566508625,0.0001325051924876828
1.558109548226019,0.046910097515421384,0.1314504053879353,0.12308776256870989,1.0219844633125967,0.23179667714515867,3.8292090956424476e-06
1.0817625427454747,0.1695695106533947,0.1411941547313845,0.7628655627920572,1.257781202701852,1.6715189430493589,0.02836164343962751
1.461332951879239,0.21445817699201594,0.013131618113269832,0.3301302162942211,1.1370362992631589,0.9938455174965009,0.13522846573868608
0.5160914674635144,0.030280173128289747,0.19203759004052345,1.0871763243989105,1.152211195661514,2.674379207447541,0.04302014446116351
0.8135864879033622,0.14952569951131342,0.12126471467846016,1.213452847538852,0.8630385264475119,1.5703323680507133,0.052465497575464246
1.2876324544508917,0.23684124662766054,0.1584785094864601,0.4196153918399478,1.2663520157137658,1.3664578587650358,0.01596723817954999
0.7456269563874438,0.22691713739620958,0.081683549421659,0.929047722834493,1.405980924748164,1.7925740818374472,0.04386746197746631
0.7488603018148005,0.2463711979034387,0.012355470644001231,0.3162225008795404,0.899001901618104,1.1365884252897016,0.17413947190459864
1.754456435825357,0.13998978361947603,0.10684958537652435,0.5250157122321418,1.0562739635515146,0.7726184029613731,0.0013473814855131403
1.9836995040254082,0.2479615539655596,0.1063661226700265,1.3443136918540066,0.8340672183885846,0.9463429439837336,0.0113201543396169
1.3339541420426726,0.07981839065213814,0.09302796477917584,0.8617373280752351,0.8207423201834738,1.1454455106228407,0.006837802755097169
1.75860459632257,0.11463506281107944,0.07454624029079458,1.3402441732018802,1.4927609476702206,1.9535829786122643,0.025036482850220684
1.9854824964894089,0.06114311716116238,0.057466956683847194,0.4153469258513097,1.1454300558144692,0.6090653552242464,0.0009495257133745415
0.712393832853162,0.14557051643428584,0.11023352615446473,0.5620340805481324,1.0488633130446725,1.6238416707435466,0.03197904799697721
1.1723684198815265,0.12369740650047853,0.08130284654176388,0.7593329938395438,0.9924139536375133,1.4243655794511128,0.016988843651324862
1.0888590737628798,0.07986886376015052,0.19428705777946367,0.77211210527236,1.4860088514614713,0.6737259152112078,0.00019424320150745558
0.6200739254692775,0.22801640567692663,0.042856188475716976,1.4967071540571806,0.9765755498651786,1.5974419805071765,0.07616508643238729
1.6329952591921166,0.1010155639123775,0.07073645784914652,0.2602234465595821,1.3079958770164204,1.3891399885652953,0.006408068602122396
1.1506685409838895,0.08911325574229234,0.06585248947566849,1.292751049842227,0.9986306670641537,1.747782207513037,0.03051551415434138
1.203990401285602,0.047958195946643564,0.11322874348483182,1.3091548551906182,0.8493426537498434,1.7107387015054278,0.020466929224938778
0.7260094607198603,0.1372582935225651,0.1048632488250881,0.8744780841529023,1.278293630162559,1.9119833174891165,0.04102961783203092
0.7713899783463022,0.09785974236281758,0.1323106884306119,0.5816520355628152,0.8011415933409054,1.4174983593053567,0.020894429057640676
1.8606554332343226,0.11708912398888088,0.1905003364090995,0.8269165460036146,1.2730239580923985,1.4064905014509244,0.008592599455247823
0.5669736334614184,0.07843920615996026,0.0641920062438348,0.5094547867291893,0.9752636192928762,1.8499724319066775,0.03389416676733401
0.8492784274155594,0.23131509204777112,0.14162659815844936,1.2187504278159154,1.3222729624500509,1.7369002265705507,0.04580638858327441
0.9380889954717926,0.27970097073286804,0.014757638570984888,0.7975908221944621,1.3388251171454546,1.571923400198204,0.1607182404126347
1.2352963136023796,0.15440023730877742,0.05985380981938866,1.3961790504284308,1.3068750671722764,1.8245506628088002,0.036579815226272815
1.379667759522194,0.19646954276884143,0.09810674831935262,0.9717678820984612,0.8171384090273273,1.0853447046863842,0.014800076822537775
1.2399349637759998,0.2614799602159447,0.01588900981141555,0.8200470663605567,1.2926156337506378,1.4948303191022636,0.12559152885462088
0.6261730018353231,0.299660594826761,0.1273571975051914,1.095497095568713,1.4931019298390342,0.6976588953107591,0.0008138368405653006
0.8655011810835703,0.18791978057165132,0.13887901559632457,0.805506150202328,0.969837757967936,1.4621777702745047,0.03302470379653885
1.7653825771438116,0.26803604529656194,0.15187902581922888,1.366308890587226,0.991967000557737,1.1875247581323114,0.019675736458770562
1.4563830507176885,0.2734963915011362,0.10814915592017232,0.35822434524157776,1.3694685847063777,1.3680274720995234,0.015769305289304817
1.4737235752014115,0.23952093146421047,0.12474948634593906,1.462688157244268,0.9122777635392564,1.2976471114274983,0.03283673820145777
1.5053048830270324,0.14367010341120195,0.08525239774291257,1.2370667725916689,1.262408572853186,1.692782197850094,0.025245593041683678
1.6443545285592935,0.0335346601229308,0.017838076176246883,1.3050267066108174,1.3285184642504049,2.322616990617032,0.08826366091552498
0.587162722582171,0.014583611077638815,0.02899085259715748,0.7760709653194996,0.82601246327355,2.504719053964787,0.03765265780906547
1.0499125773989186,0.14838818365204814,0.13444922559827818,1.2720821690726363,1.1876334659856584,1.7719474738423806,0.03843255055501551
1.309291152892518,0.15335121472503915,0.1991555069212975,0.5294837170080872,1.203114080975118,1.4289334692262927,0.013575165605635084
1.007684724945989,0.12813509248026195,0.013002615441026273,1.1667274499898452,1.0124100281742558,1.6293199658116317,0.15140194202773313
1.7667183099307797,0.1747685318744957,0.11594086439701272,0.2966302217446317,1.413441268578262,1.3521006711526284,0.00860635234075532
1.223858762880941,0.17012718395828386,0.152691663047686,0.5298726823475122,0.9139248035098995,1.0137817774595945,0.006677167907516779
1.6529413841890688,0.2526177818994809,0.16708721732263696,0.7240257287036259,1.0549362966541023,1.000029258873274,0.007102644001047837
1.7780232753217535,0.0415105599460561,0.11358893123230161,0.5512476054007905,1.3940680810031305,1.9614552333022748,0.009404739165560368
1.257187224355247,0.07530152317060818,0.12778403623497997,0.641823961873857,0.9334499296241948,1.2449715876848713,0.006425969925745324
1.8643283658070249,0.2399714438982928,0.14237773960216515,1.2481466426971772,1.3749618954293725,1.5042899948529633,0.021585736391066365
1.3806859108054708,0.2558726914948598,0.17320358744175182,0.45934624899903453,0.8553484241575691,0.6603016620554308,0.0020971021846516538
1.7754114482505825,0.2984990219500517,0.03323501206853555,1.1433936410164012,1.142460347032993,1.2314976569059286,0.02184948041676761
1.0108861933872864,0.2631444847522544,0.18597461729222406,0.20319689675631258,0.8527314637119925,0.5924665053260011,0.0013066391016303505
1.248225437797228,0.268070712050976,0.0149433066747983,1.172034750521085,1.27453250954306,1.5216080968625274,0.1453768393947046
1.2971165615068665,0.10116090336267239,0.16887795268197733,1.2088325399616822,1.3534210423389201,1.9855285420877922,0.0293834113388859
0.6574695738441059,0.12648187386271914,0.02458068104634248,0.6623782857034748,1.394900983772762,0.5163374063637043,0.03744642934938185
1.097828760052311,0.0877446803979598,0.04697936020493523,1.1114689524344588,1.486883575520792,2.246922334919206,0.035887739007217985
1.8760065088275142,0.18582682547588752,0.010739887812415196,1.3811937652431387,1.2704110056097109,1.4451745145895367,0.1893359398749815
1.4462483605471137,0.2822535527200411,0.09459877405184773,1.2209981629763376,1.3383433396880142,1.541886400488911,0.03151250412778603
0.7662598736554512,0.10994585708836913,0.07352825307630452,0.6466251145557438,1.1540307948249307,1.8457343010883351,0.033372760483565106
1.0082834534144074,0.17153051674562056,0.0415386531825352,0.7778989199920902,1.4389158308267884,1.8627685870666666,0.036244546809529765
0.7874045144940498,0.09592689283151065,0.09570713055274219,1.1911005627001277,1.2506308675396238,2.0831194764250327,0.04325734270453413
0.5372346976978588,0.059241992394085174,0.08645046780271493,0.509632425788773,1.4184859843759403,0.3444763798470258,4.4873293943021015e-05
1.89119068775604,0.06660380364741014,0.1558555962127609,1.225435836432423,0.9648164119097167,1.1674671983566176,0.004374468490192445
1.1723109923853072,0.02680414991605768,0.17969475815330616,0.5592995995853176,1.147716446502645,2.0684115444005124,0.011202483785149278
0.9613026086311792,0.2852951216726846,0.13398777783574556,1.2283868153397535,1.3108732447446627,1.6288799195443397,0.044264558872163545
1.3977157873366048,0.1268350864672126,0.03363797385803954,0.2215206206910127,0.9419052281938783,0.4302132392638359,0.012950100309550294
0.5109716844395235,0.25189505868061135,0.06612425099487163,0.1621562156748262,0.9479378552833848,0.41804546114324026,0.0004326192832308565
0.9170331599012207,0.20758554708001042,0.1835304763981332,1.4967456263177512,1.4846299182839462,1.8985690464268694,0.04647647968816091
1.554550198548339,0.06565713680921476,0.02685955367149894,1.3172399725285646,1.1042272525160444,1.7548715873290905,0.0320740457835764
1.4506546596038945,0.060884051507935466,0.08730260948425703,1.3359865048526856,0.9272708170466402,1.579945864909167,0.015207249358106757
1.9727089213138032,0.245476578438058,0.18907587765436146,1.4317919266492645,1.0320247173870543,1.1683202352725668,0.01510950855334468
1.430536564487066,0.08676639607966583,0.19062631987920228,0.7136428331802829,1.078163303786148,1.3835044909021716,0.00836666642155496
1.2162588104415992,0.274852703273573,0.08812860363928955,0.501569776552213,1.2361596802291548,1.373469559428891,0.020655646602424846
1.6421488447760115,0.050616067359952284,0.1368054087387715,0.2820349930250642,1.446110261333427,0.578546123797161,7.312416893321793e-05
1.8549918079460797,0.20653549819179615,0.0967816636872598,0.8016927869538503,1.4906130531454638,1.5771629429307747,0.018250991577812
1.5810439200775273,0.24619742404897083,0.15315750249290494,0.408067648667251,1.2561891312377789,1.1629057248860475,0.008501401930285531
1.9448168353240693,0.07822435264053704,0.016000452831669718,1.4097711994350477,1.2899456525584072,1.7466778928873516,0.09954213342544332
1.6730077561072658,0.09010013540240415,0.03738985829505811,0.10560442741989073,1.0252804187876123,0.16949166389197354,0.008513855239417912
1.8002021573928897,0.28971047698036845,0.12669777267328386,0.3004754328403702,1.4000110168141244,1.16735660468584,0.008070740052944909
0.6711561067754558,0.08673330555038589,0.05418492986418209,0.4450661943167975,0.9524588346542204,1.6939720166419072,0.02654082355817257
1.5986202544906816,0.13468754447101386,0.13654993686113823,0.37853939623047306,0.8744664545176773,0.4475621717841243,0.00022655340441389907
1.1601330492910529,0.13542952204028616,0.07673235621764668,0.4160898112115944,1.4812791930683558,0.4008093747920037,0.00012840519789462216
1.3296557036169128,0.08338007747960823,0.17846265604428607,1.0184666470856498,1.4048970737743725,2.07456349953485,0.025990376057031334
1.481153614223535,0.23497941506675624,0.16565928325639745,0.5585169096384088,1.0125515941766934,0.9375191611154707,0.005423954593763272
1.9547226750583542,0.233836309536455,0.10363918201306861,0.9610341346647225,1.2726195014667345,1.2767213260181296,0.01210992630983182
1.976867122147437,0.11971222412489782,0.156850066548023,1.3463611071048078,1.1269128501892398,1.3607509288848543,0.010514882056458643
0.9323423682318579,0.25218647941341277,0.061516198384667174,0.9435794717359828,1.0261897443018297,1.4350365582672941,0.038280360079695576
1.6006302461568742,0.07179173097571069,0.10390935759425389,1.072345907800934,1.0007419475322064,1.3829619604345722,0.008438013780160498
1.624975306902903,0.011248674943626807,0.047521589854022855,0.6117046175099001,0.8952192116546346,0.7400254099961235,0.0027451690707430876
1.0197392919695731,0.17563853499616489,0.17356837201898884,0.32363385467179284,1.1845226575930874,0.8311813812151511,0.0016226812535299754
0.6858046622963315,0.29828255401118975,0.16638284714799884,0.5488176874298686,1.1126176830822554,1.428344862542865,0.03535226015638008
0.5614204404285796,0.021206849849796535,0.18140843699771025,1.4499957081857513,1.158530494209961,2.9615128459816487,0.045922067282688585
1.666014691293768,0.07031944137545357,0.1767206264326093,0.9705359382343919,0.9507500172355832,1.1371893451339168,0.004160228491778377
1.2345496127253588,0.1604852463212544,0.19232328979130403,0.48851556720762124,1.4570274695412735,0.5286668885874906,0.00015541977338136032
1.9783102542423894,0.24488281356901248,0.053383884010065934,0.7312813740269453,1.247013837431379,1.1057759057911227,0.007315660412766068
1.1974601842904795,0.035822181471765434,0.18704661525110997,1.269718252403392,1.4297204601683358,2.6542137086895448,0.029370480326376958
1.9668754686107603,0.12461804959007934,0.11853050635687955,1.0358209989880829,0.8764898162229289,0.8345651923920152,0.0027653125059401472
1.1173640032910899,0.22665198218266702,0.09027406594444891,0.8849139770208354,1.2359956760993225,1.567653397353432,0.031323277614328265
1.690523225839959,0.11774753043784485,0.11647104023389587,1.3392280272873776,1.3946232730509127,1.8570187693710178,0.024077229714036873
0.627228908467748,0.0647625619379353,0.07509444776355279,1.0414154011035064,1.0316445458701267,2.094686066407005,0.04484441543245822
1.3331925652066459,0.06669378994501032,0.06482507132258089,0.9998216231075335,0.9366002183951905,1.4874695429376505,0.01227471482627088
1.7030896804785862,0.12891414820534833,0.05584972421573047,0.3656753920950754,0.9855149140639338,0.4950461938980579,0.0011256601106986728
1.887052500829833,0.14903095169370842,0.025661317996854095,0.2489441562173709,0.9910536087248594,0.2753052207107653,0.03241904705657491
1.7338746359261474,0.259926181166644,0.10434733045796561,1.4511989638803586,1.1130392754464746,1.343355562500205,0.024496836448215622
0.5554560908017614,0.1962532013847181,0.17867471838563861,0.9384017181404937,1.028174521945532,1.6252008146436712,0.05161644081268766
1.0590535119601012,0.2102165668094954,0.12972887416213308,0.6819567728050007,0.989891850895594,1.3136189675186707,0.021463072471581905
0.5730477084707769,0.295066279745413,0.10898537022359696,0.9246291492743045,1.2539586088835966,1.6209391152831298,0.050420802652172705
0.663923436671837,0.12943459768728238,0.09143265446767414,0.18653674550040153,0.8371226601703192,1.1957562790616298,0.011465138343568076
1.5129584430012262,0.1269727769422472,0.09823630900026646,1.2509781834657494,1.038254644697811,1.4772733252271462,0.01927752705758858
1.5698872944675473,0.2777706206404855,0.04976269603867068,0.40330374979007033,1.2828263761583325,1.2196009342193528,0.011630139564056442
1.6605810241274395,0.08130392023146699,0.16635781666668847,1.2263644088451258,0.9230948244967042,1.2772486109385934,0.008561475627409948
1.7981848220834942,0.22164642142783134,0.047692763023490334,0.8481298205690548,0.9546495035490388,0.874353216354369,0.005268657120651176
1.6091472027147649,0.22882621008325904,0.1461583237781895,0.48720081911966384,0.9404666377890423,0.6399675606236759,0.0013507617288342675
1.701307388159948,0.03835851925917849,0.154397152184269,0.14229392753889863,0.8006482747119835,0.1333015032988581,6.56141311219584e-07
0.5734455647349188,0.14578710765113936,0.11922511798526951,1.242166697457248,1.131637426282101,1.8602861204972612,0.055824249840340234
0.8518027256619478,0.06816311668325066,0.17395601124141744,0.34704419805702935,0.8272711525912863,1.1880051482179428,0.005945668054947317
1.4328466600628686,0.06375882911272084,0.0652995669656235,0.17252716189582282,0.9910578682424301,0.37827323756299086,0.00039868751386290893
1.7871879569372346,0.1445101520342341,0.17750727203614403,1.1582288231562332,1.49636239721438,1.8019563970226513,0.02225419546773749
0.5067501874094886,0.09393461517733882,0.1485879873238678,0.5900605113221703,1.44287734797321,0.3714433643930675,2.1723247885162468e-05
1.2719440131745248,0.24085752981150255,0.16176246727473456,0.64506760782831,0.950553065709434,1.0762881881372444,0.011505466162183425
1.5159310990465957,0.27320541850323987,0.1362701448101897,0.4458946221930066,1.017001702339753,0.7884034074990266,0.0030825271538112396
0.5444109336929198,0.24278897553362602,0.1708051732280942,1.302849870175656,1.124593207587986,1.6595426987841078,0.06262069741522695
1.1020333363300818,0.0871489530602829,0.19868878391635084,0.5162613365491449,1.3910894826614704,0.5924650418286934,0.00014584332195970225
1.8434523220755452,0.08949897416969642,0.08983094235968134,0.3942695976514333,1.3618521589751638,1.4511218242069255,0.006248794082107876
1.507419213283788,0.08387122153406554,0.16464397990481838,0.5329496168706185,0.8883690055963975,0.7140563203553133,0.0008662599714986926
0.856487545040896,0.04916104785630846,0.1514701543084264,0.38440940523435574,0.8871141938438465,1.480345781931492,0.009071617574721599
1.779171694447869,0.28370152675007626,0.09604533148528341,0.5447173091272904,1.0917125777258314,0.809806770102362,0.00309669599551048
1.0220471351142715,0.1265938614655501,0.18612030994917728,0.21611071201544224,1.4090667727296404,0.21647627721519497,3.650544251567678e-06
1.7800170067160892,0.07515994761830337,0.08494092661879299,0.32194204076724164,1.4174594993668517,1.6725135056644953,0.008609903711564648
0.9484154766783583,0.2555346046473906,0.11743852409248513,0.683874036754607,0.8751560947805712,1.2082260929336213,0.025096316563724342
1.3854803763247234,0.12576663777075922,0.0301290478282827,1.3312535978258269,1.2020081015758861,1.7477648881363979,0.03494025579900914
1.0954101016217512,0.02018387522180331,0.052897286872590585,0.1802070454112002,0.9089726379875791,0.653710008670514,0.0015321291894169944
0.9122375761326005,0.05696305537239304,0.16973227240141453,0.3977445894640429,1.2802905170019478,0.5260613469359224,6.988779263266547e-05
1.8298363432578038,0.1953825987032893,0.085345017337481,1.3716839457582348,1.4415032735502344,1.6755656835977693,0.025030425020204323
0.781390522909237,0.23704252950979993,0.08487597698889905,1.3460205438238904,1.1183385047329155,1.625052546157366,0.055244938921561744
0.6272173868536446,0.07117097266172674,0.056736393456217844,1.0512311666143177,0.8581579422844361,1.8761539924559874,0.04876586460960844
1.0128904078184906,0.27604472088718124,0.10340596351651633,0.4366629757333331,1.205477937126182,1.4004275962425348,0.023952043557984595
1.5764587214623513,0.25678916481512765,0.16310522265661828,0.6877347854781,1.0859616690950982,1.0722249901143701,0.008974650010097434
1.7111474089644225,0.2560304186777134,0.18008118237701054,0.39570939221315105,1.3676291266337723,1.2222787398076866,0.009053183974236254
1.9981150551001472,0.07602173257177208,0.023321742088394937,0.28002391277528454,1.0382411247484715,0.3038786376217921,0.04279073723468235
0.9445430855167474,0.024655436708516734,0.11921593893562193,0.631997752319448,1.4124280403308125,0.5951511973142865,4.0306476449058256e-05
1.1119129266969232,0.26155282644994926,0.09878193989954356,0.9061502470984902,0.9915902853443495,1.318343175609319,0.028893066672743092
0.7052319170444394,0.09868206633418453,0.12671355158959988,0.6039057456507273,0.9102623451220802,1.6228859107179612,0.02858045869739098
1.3623078944345504,0.1894857505403225,0.09498238051257113,0.9551543706523575,1.014536264123006,1.3188605229736585,0.01890023794557435
1.9963700558943758,0.2303903962732117,0.08574251596214887,0.5147566295310276,0.8244410542759226,0.3894126585675656,0.0002872312743150134
1.5513215151809878,0.04720504496822485,0.09965733536160297,0.5841907388651064,0.9968721768119689,0.9839538643873319,0.0013381374427742158
1.3928192606200576,0.2364431228105239,0.12057983446371869,1.2069430283024534,1.2620823437174216,1.5518474781496052,0.03037169650876051
1.088553639382691,0.2821683230987091,0.10518681009603759,1.3296406232514013,0.8995980849896147,1.3448719857983262,0.04978628385800432
1.8729481404283321,0.22122874006645862,0.09970744569392277,0.5508477141434729,0.8779554809506116,0.4945326134553181,0.0005799581505347848
1.2453748941955243,0.13795459705936183,0.16538870889203536,0.9001221218833867,0.8926697038780453,1.2757061433515662,0.015531269082045574
0.7015503699695922,0.2642366602379938,0.15167311833519298,0.4894271974491753,0.8542861719830265,1.2201857064308446,0.028017995657031947
1.0480676947987002,0.1629627127210421,0.07486191389442663,0.17466849839039852,1.4122447882900577,0.1834503347663619,0.00014302502399205305
0.6007500032716504,0.22598356906685868,0.16210965232791089,1.1330000539045713,1.4608805808475696,0.7518878951310306,0.0008646018974751461
0.8029685565331723,0.24794672371899518,0.17219362711085504,0.33940487653061047,0.8325928062101504,1.0338126769743337,0.012887351119178318
0.5265031714998682,0.22731232989271172,0.039163519021096195,0.6959975332456839,1.332050247080478,0.5637667676429544,0.0073960470876746785
1.179919874750245,0.09347791405396463,0.12070966772884416,0.7818636907308195,1.3160062227020384,1.9449745746000975,0.025588366654298186
1.4518103974276957,0.04417473126269101,0.06420927878385062,0.35826021785074824,1.4978365972270282,0.44987541883405674,0.0004596548579630697
1.0149386935683617,0.07911817351499742,0.15044274116607728,0.23237749092875476,1.0435094632047477,1.3196433328680761,0.006388899878923362
1.1305726572579156,0.15583373172430243,0.05536921257814982,0.5872182205394988,0.9998562941832914,1.3184296058240024,0.015180160238297578
1.938813909266864,0.1565303074649978,0.13756666959287606,1.4332002705704459,1.117157484566879,1.3592381939951372,0.014402474941491241
1.6279446823623733,0.1789668613012159,0.058473684650950444,0.96118982598379,1.3996026240044332,1.652266164234526,0.02240385310229071
1.3112849554174268,0.12457953288888833,0.1071173150516892,0.6339743197640635,1.3100155497765291,1.7246925975325738,0.02065428919340894
0.9268113126677379,0.238198500620508,0.1902428289040765,0.1544751490839009,1.130136669777252,0.37814462822495015,0.00010192258027377649
1.845495198159493,0.2748145876006903,0.08244843230672255,0.9403825939475144,0.9711939903001112,0.9143811841244749,0.006793584183963725
0.8526456753209892,0.08155026550904666,0.17639031233300947,0.22916069730952163,1.3089110188878599,0.25724736674481957,5.424937236130957e-06
0.9880140957750156,0.22359173313354752,0.19751947042874,0.8595616994665368,1.3981688076295373,1.715910466395989,0.034583317104805326
1.8635972216344228,0.20661183723806295,0.17622166127298103,1.1527307115804402,1.0799658617472436,1.1801083417011844,0.011320294627180493
1.2943130829276086,0.16169624479100134,0.04151454564743515,0.6930194876127008,1.268009812074689,1.6115340820962496,0.02309592293451356
1.613476924126965,0.06467376782350646,0.16573506171168098,0.5191760927431341,1.0801484148236187,0.999900725650967,0.0016340432308241458
1.3861171912456491,0.24061735498898576,0.01610838506910664,0.16633792734463804,1.1349454066990394,0.8721359933566255,0.09563868503301497
1.4801588135142427,0.28858162283236144,0.08472735790286849,0.13468902522623552,1.1674372659684396,0.7074425949458271,0.0015042924146204905
0.9490749372722384,0.21933253634774788,0.17543934093039415,0.7020371975037296,1.3430080698155944,1.668175522077076,0.0323823152093104
0.8620580924399943,0.2761793990214629,0.14086292042438478,1.336683378984155,1.4842541888902518,1.7744423712951605,0.04745430355849203
0.9837385207529978,0.2954137268349199,0.11122068119419683,0.4416878903104665,1.1110563138467626,1.2971881491519142,0.0221406131321079
0.7331623461251338,0.11209469552937906,0.0836941647656979,0.9036777080945497,1.0396205043733242,1.7924713697797081,0.039753906793773074
1.8114715479362111,0.19508483034863772,0.16433641982935437,1.0580281475516664,1.061513704530674,1.1485133004891053,0.009818641914773774
0.9248703998751711,0.1474404939150426,0.144816096750162,0.185161814501906,0.8937223485626272,0.8509217887331254,0.002796356768095649
1.342234091621577,0.2961223365903367,0.09899701072697793,0.31434052612472796,1.007857116472406,0.7740611035709177,0.0030944514140697813
1.687961637712061,0.037204268962240224,0.17957202406983538,0.5637875107873939,0.8605131892881644,0.5856347325042469,0.00019400336110509195
1.6757361640635704,0.12958872514619513,0.053690123385540155,1.0381304438079986,1.099525984225473,1.3635872019086268,0.01202843232904634
1.1575793878762894,0.2639063229128985,0.04237438674013873,0.7146491571193355,0.9171500885177343,1.1468468507051188,0.019029606387236546
1.2143859628800886,0.09237488005268947,0.1321327152233805,1.1278730955055434,1.042484722182086,1.6955310140335333,0.024263054153342473
1.9920526234025373,0.23845992668527308,0.19467892511333637,1.3146370118024695,1.3555044245741246,1.4518644616043386,0.018997394376478113
1.511896215468536,0.12100711720627415,0.05697874892828636,1.16172118723796,0.9721493554123952,1.3682792233790015,0.015340852243008827
1.721957664676824,0.2941937765681459,0.05743737199742704,1.4891460902385487,1.2283262349394484,1.4200111988274042,0.028483922517584925
1.8538309538288478,0.26622365256287517,0.03650478111281608,1.1561054962243096,1.430826993474029,1.5144211377447958,0.024937784005028347
1.6813847543440088,0.09738290372215844,0.17350707550199013,1.2930508730104309,1.1968504309206829,1.6654179540689171,0.017114192569586087
0.7777690174303513,0.233356002925978,0.05301553267815348,1.2653129018510014,0.935654828940689,1.5003223187806065,0.060319579870154995
1.3432561006063584,0.10768839771164791,0.10560392007772869,1.1223720671920652,1.041336335776168,1.5732515339611113,0.0207728623868575
0.6528412359718173,0.18584522366250517,0.19826577082041888,1.2225225433182467,1.2132584450288464,1.7878348175832242,0.050979317999834205
1.4793831898459975,0.20095942283405466,0.012306771175188278,1.4085565190143743,1.1546277978318975,1.501055177855253,0.13252677450171585
1.9330241422817165,0.2505826686348544,0.11573235719705088,0.7652903299368096,0.9040338853938327,0.6647158477980185,0.0020317044837144865
1.269098096450167,0.017090743855784313,0.10733491811393969,0.9936018334775609,1.1127574412833983,2.3906056059260385,0.014121829329929881
1.1494587393016507,0.07384578843416689,0.1634150015179294,0.8209156102018816,1.180146686437174,1.88559823589412,0.021887203434587207
0.5537641271272448,0.21645616507068782,0.07750349251502762,1.2914517820689022,0.9871329001203007,1.615767847944151,0.06936971739719285
1.9396617834938306,0.1734217387211658,0.0879648581908179,0.7039034440201102,1.2287118607378964,1.1325782207241646,0.005705558760304124
0.6545040261952382,0.1537254726783315,0.0419082163137841,1.247617479602626,0.8491120696396469,1.6084871537567373,0.06720861306010553
0.5616186399572705,0.02601088744531433,0.15075489401079947,1.2190964050799944,1.0356249234958619,2.641934393640125,0.044777158848629046
0.8690999172574077,0.11100000620382229,0.1590946927457482,1.4466405419160269,1.3629937829443022,2.1110305946614387,0.04464583646026092
0.5982956508775736,0.260879067254088,0.03596603094797775,0.4484889789603863,0.9814993606357089,1.384219276354348,0.03788200333636089
1.1826767636176436,0.018958922740449333,0.08475684405778112,1.093467313840277,1.2236237950021547,2.7173214227028395,0.02261263515583387
1.2741317018856686,0.1249665082557955,0.17965194911890978,1.1596872967064806,1.0870207995972183,1.6213850000433594,0.025363739949506792
0.9688549235428758,0.28409300342452404,0.01051438199839956,1.4107898899265319,1.0215220996906729,1.4402496333254957,0.1567669952669204
0.576440723862329,0.024755413018054243,0.06676422341830013,1.3696633852777436,1.4412921815370188,0.917364978378451,0.0004099455237529501
0.66740055237384,0.22741466780294467,0.11545803415998405,0.9029362063918276,1.0402832026562685,1.5484585937993367,0.04733408725590521
1.0767565669848922,0.08470765869279057,0.07347783333539112,0.9108144602095717,0.9656731310409129,1.6333979541864243,0.021988121919794875
0.5907926762398041,0.261316561324565,0.06168858594375719,0.3342077197659211,1.4365109209481894,0.22659014982296624,0.0005963176954344527
1.54728458841487,0.22635971389821585,0.09740712213161039,1.4649477833932796,1.3221610491550704,1.6187115966030117,0.03172052069761408
0.8105308122872179,0.2668544995489252,0.04448939054084181,0.45702444778479756,1.2772597995887383,0.5671024274191325,0.004348936600007595
0.9531073531754577,0.07261818922506713,0.11062879578230192,1.114630705831809,0.8346744594468131,1.6747654891631174,0.030873963461595082
1.0911886657671461,0.16407489889739543,0.14427222504951293,1.2141130067274375,0.8918434725010431,1.4559857535805634,0.03628793063595448
1.1249144496037218,0.2359882836366922,0.11930604099941541,0.7177017064559333,1.246837974666764,1.5212642422332323,0.027533265476032524
0.5024910615122008,0.08125292546854447,0.02769077286312087,0.39567120804068123,0.9466029855683822,1.800294955054914,0.04914537711192183
0.6681055564980463,0.0769164285274929,0.17043763669145892,0.3645445379075615,0.9579465899412514,1.6615801997113835,0.020308834386744835
1.794146845611317,0.017882818714299656,0.04324578912262276,1.2990944012622285,1.3453969607405276,2.5758480430024315,0.014368041217665687
0.5018495937678622,0.28796943525288116,0.15531428011611445,0.8150590814479207,1.0001474641858599,1.4662752238441223,0.054091395859577264
1.2622510337193127,0.21590489521584078,0.07850737104741157,0.2261917748535734,0.8501111115063412,0.4130726330852673,0.0002847163678502389
1.2342530097608122,0.1943125026629536,0.15872465613065945,1.1038272618680443,0.8255023631169028,1.245642264177467,0.02636554367183876
0.9996412415159568,0.22575846958154736,0.0491918516470157,0.45023947392704144,1.1102245910717015,1.3799257392156006,0.021864500724063724
1.1469905302196746,0.16416774642167742,0.04546579970213166,1.326952651051231,1.2319900043792522,1.754389677634058,0.03800556871470144
1.6708717062898764,0.148078808116219,0.10443491078132162,0.5334005004419653,1.408219663374262,1.584211350469444,0.014496739391007171
1.7618055593224347,0.14036434992582106,0.016257842792688493,0.3803791621262004,0.8775630765228475,0.3844592670028517,0.09726511285594054
0.890522815122875,0.19572737151005598,0.05280649436864335,0.21880182097690803,0.9376709784018075,1.0951802649423819,0.009840700677945199
0.9837356614515947,0.06844514286379112,0.1475623279150262,0.8161435912927064,1.1708604276352297,1.9989903656972108,0.02677369238428195
0.8637242795424991,0.2675370215543122,0.16910286087803086,0.7310326229456022,1.0548758535693825,1.4035198908323403,0.03321728455089722
1.2197951008265977,0.24540818765358688,0.025349219148183985,1.1518370024444,1.1377762158718463,1.4829331180259755,0.050295172882231606
1.5248875364882193,0.11137344732108981,0.17759476479323985,0.7504436220702508,1.4468872542889508,1.8517092615246165,0.01985603846811434
0.8423793131951308,0.17779669607563206,0.16152826877010404,0.5813423564941195,1.181424157705281,1.6191206929376267,0.029710003799474513
0.9961036130823,0.050897916985504235,0.17524001618432344,0.46631688188612164,1.0905844274284533,1.815045089557681,0.014240560257623072
1.8955769263837257,0.2919804119007434,0.1427014253699796,0.48940544365795946,1.4926079346898213,1.3452687061275315,0.013074569837591678
0.5728539347704371,0.27183887941278223,0.1380890827858533,1.3989870625589396,0.8456509689296755,1.4471569907238637,0.09347501995342149
1.1911544078593495,0.2773502768847681,0.10976771433552411,0.3311100429229372,1.4524794138598205,0.35621384769235725,5.567038061817638e-05
1.5673370623951668,0.10632728383400096,0.13402957265334986,1.4834469943800102,1.1511632894458381,1.7047902940218223,0.02346192602688534
0.7256810173362112,0.059049065141028166,0.184630836267655,0.5576872372691146,1.1526294364369967,0.9054402762790325,0.0007862208447352307
0.5710610300082228,0.07141392740522999,0.0290991802691746,0.22374632958449645,1.4453750339422464,0.14732560136132947,0.021799561361130475
0.7073080574577961,0.03610040340307606,0.06999525079075733,0.4481665331030109,1.1551267857151486,0.7155265199618339,0.0003084207457910434
1.8782347902960244,0.04483208272940146,0.023766444983215645,0.18178013137646618,1.1068849633711042,0.2787344602226926,0.040140440185031795
0.5138896727316851,0.030678314913605162,0.1895129826693673,1.2060416768294822,0.9907420144820394,2.505315487685789,0.04756387709331449
0.7824829622170277,0.2970486900694133,0.09460043853988372,0.8175740775575476,1.2611717367721946,1.5666470574326583,0.04155971778937024
0.5469252693524669,0.031476728177031336,0.13831544942847582,0.5717812664135212,1.1987515636858332,0.6337127789026199,9.068334004117167e-05
0.6659442013433049,0.04843720347590995,0.1698128122558211,1.0268694464841874,0.9500418058634482,2.106974492819873,0.03934449340219538
1.4302239299424444,0.24990383272131356,0.19829004713453283,0.9829051363304482,1.2965890405429272,1.4941879540032421,0.024880037229093484
0.8624583631086287,0.1782696628554535,0.04073866698053049,1.4158209249186264,1.2508608001356483,1.8188550208624479,0.04969418849587872
1.3538180756460152,0.23458098932510638,0.16190739508646346,1.4457647234477315,1.0781337189445785,1.4668335824603647,0.03555335539371763
1.3852930741491893,0.19296448225406995,0.1786103506459799,1.0529572859315675,0.8030806453324855,1.1113176820005988,0.01697212224245135
1.7741529996346685,0.26583077039539493,0.019286321601666368,1.2449422981418359,1.1126068051233315,1.2549119538053088,0.06955082107686025
0.5071120893678109,0.19515558305177477,0.15327720643525897,1.20939514046925,0.8042406819911763,1.5171136897890773,0.0846335148543302
1.7800541890135502,0.16141627694191377,0.07739781102734455,0.7878249457798596,0.8524989425093279,0.7269618668515031,0.0021371760253615416
1.428678629640461,0.2166974111907769,0.1332333903793821,1.0862416032467836,1.101426931736584,1.390633588543107,0.022981038346572415
0.7441152291574364,0.13974389801971174,0.1076691572473843,0.20956261075699828,0.8573439189297294,1.135851723182989,0.009526357739724841
1.659406082202926,0.11035850864237305,0.05935102789646102,1.1612295164104296,0.9929658036510164,1.3093912403449728,0.010990358047796847
1.7832373126858787,0.14561921121056162,0.035692058780757346,1.4465662100693146,1.258843957991278,1.6260747410262948,0.023922952356425404
0.881395225631236,0.05921709047858259,0.032219974286949574,0.2189646543760338,1.0160307398265933,1.6401292411723738,0.024581654246217433
1.8781905213540213,0.24100580164278051,0.029631342964613422,1.2705620984285964,1.4983540158850572,1.622842851188321,0.03387207999750646
1.1816861454479868,0.08560409658742393,0.13118010762556978,1.4061720373089799,1.4414114237404867,2.2231035876894847,0.03571791548110868
1.4051366814999822,0.054524148437743766,0.07676806176591223,0.41666444572288686,1.2097169332098665,1.6893115164727746,0.009060627763522766
1.9769743004264655,0.08144215011713576,0.05116035325911577,0.8347356626528852,1.4768629970444513,1.8635395663579424,0.014055877502591647
1.042304117958799,0.25420034401394953,0.14145816761412158,1.3990015156481839,1.4076121061027655,1.7372422384436637,0.04417221930803689
1.7197390187301693,0.10575837572334208,0.1405014174956287,1.4443164063321552,1.023228963188341,1.4520226394702784,0.015416862889344548
0.9775986767426894,0.20895446215671104,0.11244197554782956,0.2790353380932429,1.3247173721897165,0.3534692395654919,4.87827923069857e-05
1.6988202833622366,0.2583587928901644,0.18764198520451167,0.5886059157776309,0.8957822488027631,0.628249067633262,0.0016287470538498467
1.4011008782939638,0.03254595340826221,0.08322870397387004,1.0774024976111993,1.2791859970651187,2.359937187519344,0.019904084616330545
0.8245335428381022,0.23185707750163245,0.16881396454116568,0.41018189914030245,1.1437572785462065,1.4429593336588669,0.025226787750844984
1.1210391406838545,0.0992229852499187,0.0242764875071173,0.5546788800882732,0.8117781574769773,1.0338858404756737,0.03528172765636177
0.9764534515453425,0.07282048561337237,0.15056790786731586,0.13260748400657058,0.9919608756732595,0.8800667694414405,0.0012398387533193564
0.6171625896205458,0.20978142121136192,0.19780500862806671,0.31493035330367847,1.468767552182974,0.20096779215229404,4.033390446850761e-06
0.5447521551495462,0.2738410205926378,0.17085366109468522,0.8872612921848413,1.0210820395619364,1.4976231387818089,0.053530381404340015
1.0197179831107714,0.09555557052659465,0.12013629666891128,1.0143260928258557,0.9270181187110085,1.6198238572145875,0.02733918749967224
0.5285512217262298,0.17496180356145252,0.12908555222216053,1.0084765635341717,0.9312720126005458,1.6164121627899948,0.05907872129468677
0.7482316363726625,0.09405189301635254,0.07712501439301989,1.1897046590895033,1.1354492852493643,2.0025979125650775,0.045007005106335804
1.5877749812763031,0.1707428198606641,0.13910219146903977,0.681393979234308,1.3898544684693745,1.5886407549032786,0.01777260431109835
1.562136853525382,0.19033998888975875,0.15637512280445215,0.48288700273761764,1.3306012355933425,1.4024480202954275,0.012647065561625379
1.607870579686074,0.18699726274915213,0.19966341141239224,0.12181298005953499,1.105796405276442,0.27406888820796255,2.4822507686494628e-05
0.9757297566949681,0.1908284471963963,0.10356795423008226,0.3892817564733416,0.9461088184058724,1.172833926113589,0.012595033818250983
1.8350291856765433,0.04917313974308198,0.021647772496954033,0.5373429370828522,0.8322454300715338,0.46842204826601025,0.05162912572471369
1.3907458220426714,0.21112673618014866,0.12321301063888719,0.34948959907265176,1.1238412236379118,1.0610917422536068,0.006263010145469181
0.6890395126199398,0.20567760335026475,0.032614588496612036,0.12820226009524316,1.370342743962734,0.10785899504095513,0.014803918185044127
0.7155779921833012,0.20795055544289612,0.056505358275660916,0.3204266521312682,1.3107773955160198,0.3191374188311909,0.0010410545933331817
1.5396431403945523,0.031480460294224834,0.07246818314809007,1.0325393749946012,1.0860205373390752,1.7934404424834292,0.008562303031096369
0.759415904663117,0.13958326430010426,0.14889567589819802,0.981419583061634,1.2162918703423202,1.8565126809745407,0.0412842503328217
1.260939052373065,0.1286201882932616,0.044923543536915106,1.4099570951572595,1.1053725646623525,1.7114461778244459,0.03339990843794964
1.9876617138930661,0.03514633025652775,0.04149305990004698,1.217435607956233,1.2053112768531244,1.6903788751947844,0.007827958532585225
0.5060114071000092,0.07448669909007509,0.01854320607477722,0.8948585635776676,1.1622536710754845,2.1459875271185807,0.1194504465853091
0.5248697028463354,0.13787916322143065,0.17591558790723738,0.29257888649049585,1.2766766200876112,0.2595528847646951,9.797000265213212e-06
1.9896268728957598,0.22544282985884384,0.14176603062765153,0.8897005464952196,1.1553961904731869,1.05092670651378,0.0064183790654170556
1.3769582512012484,0.07874800232555232,0.017589828467349033,0.18623308527985308,1.458427698717291,0.24901018029022826,0.08348203697233485
0.6903649632777697,0.2506274739362243,0.01537553807124177,0.7032388563751938,1.0996197271071804,1.493053190533775,0.1417421637132015
1.8459532996311405,0.1682815028644444,0.11614811633026065,0.6463620805260736,0.8111414121277977,0.5383817981822004,0.0007719432299658368
1.8205704501915383,0.23052228870353908,0.06368153624447509,0.6989393331081183,0.9654614747862892,0.7469481626423454,0.0024993417531943935
1.3043006196670628,0.14704123516768855,0.12337800658206646,0.491756285752702,1.1504248006746591,1.3775625993761444,0.012307867127643873
1.4326880447911348,0.15476632537244478,0.0925747933793834,1.0601626266733533,1.1784002963220634,1.5619470295326445,0.02231885790568138
0.9097807872513145,0.18971862292009567,0.18542938683894838,1.2773222542182914,1.1866693525184375,1.7121275953131447,0.044231639571278084
0.5757795445580077,0.27911147636808903,0.0646837128426599,1.1759237896385686,1.3001864687890574,1.6982502450175596,0.05524033516483349
1.3918514133362965,0.1526256486097439,0.1390376200033898,0.9788529341072324,0.9922536998322695,1.3287861035836737,0.01621294179294535
0.9421327898041445,0.1633106860514044,0.020270319207533846,0.8536827190662185,1.265432575329034,1.7572562582707603,0.08417851036298096
1.4954315699905278,0.18457911942298355,0.19161350149589582,0.1435178520112425,1.292822591183449,0.47773430022628205,0.00015727797892441404
1.7543677652639018,0.22387938981634048,0.19634391890258693,1.1121075981686896,1.0878965268345784,1.2139220835869324,0.01358596079203789
0.527240815871546,0.030836597291007954,0.15042417951311837,0.8629761154098963,1.0815183694024255,2.543178228553027,0.039763707682306394
1.393570662028591,0.1595493571713719,0.09839036959707889,0.4790374709294416,0.9252473499595149,0.813758283427242,0.0025083786940069777
0.8469208095302784,0.1496615608697526,0.05179875347217966,0.5589788543948183,1.0897911633787616,1.601958023650216,0.028324284861537048
1.8108327468557022,0.2772886454288954,0.1643781046471133,1.409849501057638,1.3507714041949086,1.4877955377520284,0.025600735942791965
0.8804967598427427,0.15311690832653893,0.14990727845793425,0.9741071431641178,1.4362811038849186,0.8441909780791674,0.0009817403066241783
1.4161551998531274,0.145812955061356,0.05217126751658032,0.7662774085205396,1.2155292339225758,1.5440103183031082,0.0181650156606778
1.3303112601344171,0.2890379966750636,0.09573090588988048,0.9692904355917707,1.0095592403480091,1.238851872006482,0.023542012505598
1.0942497500888733,0.14066717444425564,0.09793179818518916,0.6792392549799198,1.277602803061812,1.7463089713196305,0.02681911676147073
1.516431145399691,0.062456484793406195,0.16701800449481474,0.7582551824842226,1.3181023460872028,1.9113803838350123,0.01487537042491457
1.588654452073151,0.0729056756136786,0.13993049002347455,0.5064329593907385,1.0325489451464636,0.8889377574989474,0.0012710511271235045
1.3504066929790803,0.037604386117722495,0.13220183327261048,0.7157946208283023,1.3785835030426827,2.3650061138782736,0.01959157978299414
1.6376333557771312,0.01016475748509389,0.1334672102870229,1.0598291254130745,0.8515870824968381,1.1394206913523999,0.0007799409689050783
1.9751256139894064,0.13526424169013976,0.061389315082670995,0.15591869512105688,0.8075276023200179,0.11776715389983176,0.000610920064636063
1.1289085818512077,0.23308034857648421,0.08062513936761145,1.2130383702146168,0.8860795408424369,1.3449062799415021,0.039454453708338
1.2718745778282963,0.2227052684119524,0.018675834232974167,0.49617135720583794,0.9092058434792568,0.9045498173342298,0.06732319674969482
0.5187048169118198,0.019323235462826556,0.15951881580430352,1.0555837108054995,1.4152503230634048,0.7044934092012916,6.0136283090328585e-05
1.6940428344655676,0.17529504204226953,0.09226966088226463,0.9998154405520839,1.0974871915548965,1.2656332866890687,0.012090283765256574
1.2803451005689908,0.05474210636990804,0.09326528784663897,1.0136792687978275,0.9924521843792672,1.6917849408802275,0.014902068921694326
1.1119421455408478,0.2829121225817622,0.05661769033738908,0.951380482758124,1.1003525811907735,1.4024665819103348,0.03266612079899565
0.6411079446340937,0.05853584989681199,0.049791183477291494,1.442742573297349,1.0763886248904426,2.250227309821461,0.052533660268825305
1.834484632513096,0.19172537313226964,0.12168616661811556,0.8116818277735471,1.011023167591612,0.9009954494936888,0.003924047775086497
1.0925108600608346,0.10460912502757645,0.0541850728886984,1.125246761721492,0.8965297076883758,1.5597142917902624,0.028423630970586377
1.5238723973138306,0.19605278452966213,0.02219968179743824,1.0876290637284087,1.2591408233817165,1.5421483938728386,0.05560073535684719
0.7240612345522262,0.12955499297458178,0.15582640903637068,0.4307746081896625,0.8956230819457588,1.4128879708234272,0.021082009968960105
1.9423244443115488,0.23029648516885445,0.08152919253720953,0.49662817486155586,1.342797116870872,1.165651455349483,0.007003430624497416
0.7676626427327464,0.07689694634507876,0.08224476094086784,0.6936239374197549,0.9411816092963176,1.7534186829950842,0.028428739684494997
0.7993129893492356,0.27267963734513545,0.09195047348800035,0.48877710264849294,1.3119599149933183,0.5335560349066728,0.00033528970064487795
1.7884742908365707,0.1550607983008721,0.16485851644753782,0.6134403385019436,1.3639102739868267,1.439994225378063,0.010852176290571992
1.8688741162128968,0.22926701283672732,0.07095901022856525,0.6473448594996283,0.8877282068421155,0.5885455148157586,0.0011919126133420985
0.8182211112849521,0.2564217555063558,0.15402688013898885,0.9454103853136815,0.8607220378016028,1.3403894488748787,0.04533016950834155
1.2047013322622417,0.2996602971768934,0.18851351974811323,0.4078460598290863,1.4647009394575619,0.4183771452549039,0.00011229398225800992
1.6002423568442448,0.07494424302224788,0.1355649572257119,1.2260086122273623,1.1241327647268065,1.6675529232759294,0.014932274289502941
1.8175486007162025,0.0931987999334019,0.09201940542363468,0.7125508994801064,1.2411648464810918,1.3898412681034196,0.006786871470914421
1.0685790425559578,0.08262559515224759,0.1520800473978663,1.0887417563565456,0.8162823080852375,1.5209759747085199,0.024367066446477795
1.2755292302741439,0.08623268632633696,0.09700050025276324,0.21401947373714503,0.9950971263894379,0.6849068554003751,0.000552916764235378
1.6125746157796024,0.17890897504641945,0.08874118151054675,0.7579515517741136,1.1537783581915704,1.2727000659653624,0.011020760853241754
1.5967039649791932,0.29812153171229444,0.10980380107880981,0.13950734504825962,1.4203528193725827,0.3120831966866868,3.804249052090043e-05
1.6744401950391272,0.2971806452568988,0.07036724361376583,1.0462739885417907,0.9900075922950634,1.0829198074709911,0.014310303705697002
1.3549007279622896,0.16276423709506924,0.029807541093200225,0.5811941077958974,1.3426339239011038,1.6412069427336962,0.03406913141158392
0.6569226452071628,0.1953178909767554,0.08882188104997138,1.42895393974816,1.2635490497810913,1.8298750853157044,0.05609749908415133
1.85595993631706,0.2593914576734657,0.033532807414567364,0.5537739004419872,0.8806895374640216,0.5070133450301257,0.013111015614373797
1.7983588089815423,0.2805507029515165,0.08798387997553486,0.8893282572248176,1.0053626209543975,0.9485733845049019,0.0073486142680475675
1.6971461537274997,0.06911958192556773,0.11581740703055556,0.4603426059724606,0.9665048255070339,0.592867937743846,0.00028177383866232484
0.6497937157410942,0.16327710139331134,0.1868351244290729,0.9681576805262764,1.1097693113012999,1.7319658252264427,0.045510771982057344
0.8065960506221438,0.25152274585183854,0.016882242898607683,0.7538592901865283,1.2447339701333089,1.5825271631344497,0.12707435957722588
1.615400547661478,0.09792860222403156,0.1280770972353694,0.618879566107886,1.1033938288559546,1.1644922734122347,0.004437122085017835
0.5347101418729197,0.13754462231933534,0.09696968546351468,0.38516508871225186,0.9711756030262642,1.5950925419704218,0.03265962336861511
1.9688369505609193,0.2958301194384823,0.013849614358786441,0.2561298815600374,1.287115137759793,0.7102892116435972,0.11782795215315461
1.0657170205335211,0.2956635420490526,0.05741415342835687,0.26783078753934253,1.209129766298043,1.3125694548052749,0.019006402156036727
1.5789688005362355,0.2727709751219027,0.032512197947412294,1.4986560245077745,1.1635197351909845,1.4356473170827226,0.03515155028809211
1.831356632732065,0.2415500200001367,0.0511908876889745,0.6772350176001285,1.188093718212185,1.0753583103940612,0.007214846288735655
1.0919448322251233,0.08804784520961366,0.062168346257574454,0.10270159102267525,0.9553304524056765,0.5319617890314581,0.000576410775734823
0.978698732899499,0.10304652147948436,0.0862482037226173,1.43410030687642,1.2763017427647194,2.0497100454694746,0.04189867885925179
1.41311169334737,0.16871202394941365,0.11051748476288915,0.12797189392173772,1.0712503748771378,0.4350024839211874,0.00014999832179146325
1.371484060622076,0.17262543862298352,0.01018809884601336,0.6860205757763471,1.0544274738110138,1.196167802756197,0.19908980930663908
1.1137099664371957,0.15659581761354943,0.040755178519460755,1.1044686203589182,0.9048139457867395,1.4388157504917156,0.031330907396770837
1.4026621338015626,0.19463438117572876,0.027777613265672137,1.3804389421204664,1.2177861341853125,1.613634137479646,0.0419042636338505
1.9030720543497421,0.12841367656356675,0.1144379458599213,1.0980408080049413,1.2218650873825547,1.4268274175957434,0.011262305701522483
1.2014603849398946,0.22726050562150454,0.07252422537624126,0.7490760568600164,1.03821045056657,1.3056438338824308,0.020518168107102566
0.795113271125947,0.10672947867872304,0.11419556984659643,1.4642188545777448,1.4018950398058738,2.181533827333326,0.046977992821037796
1.0658089743245058,0.10589632911444223,0.05214642741318879,0.1550471362465786,1.3918205291007997,0.17734965477269735,0.0016949297876301403
1.0911604738896779,0.04689552894863012,0.014603577276641124,1.4816490835532112,0.876338014537702,1.8889495761445907,0.11733052841334211
0.6966630395393298,0.06472654090838657,0.1888597112413469,1.2891481723918146,1.286526871466943,2.343569389770606,0.04392482222612994
0.7443072508318324,0.2566510548871937,0.030578543025908865,1.4005020239769028,1.0756843293295155,1.5842507789003215,0.06479340865450142
1.5268431100905158,0.13942187818832805,0.034103162112726196,0.45668139373655126,1.4998003957440251,0.6438049687485167,0.01373489370854627
1.009216631313354,0.07608165810032179,0.0378438970369267,0.2994413011979776,0.9575165407792567,1.2937239964728655,0.010456976919432932
1.9323475877837115,0.23020891900649235,0.19644253955872182,1.02864139112178,0.9963669437901426,0.9533181540570698,0.006326298641028077
0.8653951180379111,0.17065452648688922,0.12735544563229925,0.8222032131805679,1.1094744061890092,1.6253212902593808,0.03458602992188545
0.6483867576572335,0.01613524331275511,0.1259550908237316,0.8324351450421311,0.9881006040764643,2.708111674679633,0.03052552638598542
1.6302568445003869,0.10174482262764739,0.19747265828852065,1.3944668498765047,1.28439535647056,1.8122689117405448,0.02220967958550114
1.8215540778768051,0.061330409225188905,0.026803366162184407,0.968113269314567,1.1366356785270364,1.4101156566416408,0.02644167371268461
0.9171700353072318,0.20020312968502377,0.19515516958303494,0.5354893691464259,0.9546151843946782,1.2848299337111184,0.01960247478393898
0.8031321524682169,0.08975900178277332,0.048762497845267774,0.6600931789850264,1.1544618486405938,1.9243349066834234,0.0320855587216203
0.7786492023066307,0.02883456597088365,0.12838358567678673,0.2868941691285918,1.4221514364555268,0.22821074692790264,1.1143666978472452e-06
1.2830184520497685,0.025931146867324083,0.08981587740753041,0.369239656385965,1.354676952795037,0.6564965954464548,7.608518248762951e-05
1.2026249618701566,0.17870091640802732,0.08295084456066386,0.3006900982933539,1.1491802470987746,1.2965198697227631,0.011575555057715995
0.8891597597818013,0.01629980215418599,0.18693623241109789,1.2344078776958962,1.0019448221993634,2.635040589438481,0.026768844637198308
0.5677596754841396,0.2561497128094657,0.03835326840364873,1.0868228551609662,0.9259205252917695,1.4871573149653268,0.0664471047328333
1.2222370104894211,0.05506516458460993,0.1994431121044863,0.8424830246551925,1.414868014030827,1.0711539269997399,0.0009624529027527726
1.9389985214534127,0.18590423720667465,0.08203376160739421,0.624114967078599,1.2971168583490875,1.2042668848145912,0.00697056649976298
1.4787788011289948,0.13895952812311624,0.13326723173882535,1.0358920064540906,1.200514312203221,1.5874851713064646,0.020198957302422015
1.2432598349429276,0.13842694115725174,0.19390227898183843,1.2380674867740653,1.4156042521675678,1.923410979583001,0.033005293845844504
0.6660381110444242,0.0308211712844133,0.02094419957200521,1.3337265019403926,0.8851832011618627,2.325187671198816,0.07837111058534264
0.8786544358243809,0.24279815256154252,0.18534422895578623,0.8658227194888669,1.2777425002014478,1.6263410168687171,0.03728447164421418
0.9421609243618141,0.26898522057844326,0.11788416321732521,1.2478391705475813,0.9516986186892624,1.4191333831978312,0.05102194542357303
1.6472053289108515,0.013194833541426254,0.14383540700571595,0.815828334777773,0.884404208711191,0.9266905411673506,0.0004003790838830382
1.815066195896929,0.06179521095216414,0.038344994938406186,0.7643421248630471,1.1259259570048532,1.208350507635783,0.007610632938503054
1.8524627803496576,0.2721322147506889,0.11134361185789612,1.3116045978709403,1.0711750508350475,1.2024150345568507,0.017230799666346875
1.9768529123761311,0.16935314771201687,0.13796760579779632,0.6409235107705296,1.4588215265276299,1.482684751728018,0.011675362984478603
1.9735500246567987,0.05351147769198093,0.09668698840365954,0.6542777506569831,1.0267856827262716,0.7015117822891975,0.0003834187210663012
1.929498699151972,0.06880923125665606,0.03944718384015078,0.5268758833988826,1.3704315813364016,1.5833859439778872,0.00971401699026819
0.6077332107543265,0.2013960108287631,0.05638262426625956,0.8261824196124633,1.3241789003278415,1.8043618478730805,0.045789490492479636
0.7066903038917078,0.2201968784515932,0.17233463028876472,0.862790047165245,1.2675467090409753,1.7001722087222546,0.042113931980843865
0.9566997897140493,0.18383377448818122,0.01654948863822493,1.0246456034346396,1.4442803310720418,1.847989576368376,0.14238809868063024
1.3293473810966923,0.2864130301746325,0.14468379490375435,0.7027032341533986,1.0855472160669395,1.2097311216457158,0.016927483052291137
0.645466833058219,0.15327844506191535,0.19988410693776013,0.4049722086370391,1.072769830188006,0.7857351000532067,0.0013432734776606568
1.7686954367032137,0.09707885452133273,0.011421769260285658,1.3135788873794263,0.9126631965070566,1.2010413161924978,0.1558898032428716
1.4251342686159636,0.148397543892981,0.04059867973578858,0.5844012141332201,0.9930334528465484,1.0511997346996105,0.00776336841514777
1.3135466034533074,0.11430322516331716,0.13808741716969555,1.3921207877762445,1.4158435192426095,2.0202212971664815,0.03339743433247257
0.7479669850509367,0.07508060887565902,0.021398258571216168,0.390294666237038,1.1320674930379577,1.9282810539605484,0.09312067061108724
0.879883211600296,0.02332934230864062,0.12206009693261319,0.8840804667307226,1.0389473255334973,2.4143611931482765,0.024466062021543302
0.7404680374733871,0.112141623133886,0.13996001967660068,0.8512611309412331,0.9512784385575198,1.6846065930214633,0.03680073434326049
1.777899736692198,0.21630871083582526,0.12174780614167333,1.2601069870977935,1.1394721751705306,1.3326275414184836,0.01776577911604776
1.3763417900918273,0.015346962833806203,0.07938509357400277,0.29439194145116165,1.3016657593251701,0.8962098473851222,0.00018169160433761648
1.60269414127945,0.13736176882972106,0.1424836362374614,1.373912042084446,1.0006844178199528,1.409075347274377,0.019023993569512197
0.9440492943650386,0.19676272642046183,0.12291594132262589,0.8439994410408982,1.330401564568858,1.7364340474797297,0.03575416715140958
1.0568789556324156,0.1870171916605491,0.04945106269784475,0.9205531374801129,1.2408514423074428,1.6693810873298838,0.033467072636262266
1.1072824466398008,0.2352280464077276,0.11699575328117084,0.8142328106168738,1.351293793777793,1.6363119491655496,0.03195226123065217
1.6400224576160523,0.24505071754134128,0.17756237125639623,0.15043486957077307,0.9756367402124386,0.21190244608550737,1.5762907634624525e-05
1.658529481511852,0.21639468806662246,0.1366983242811855,0.7959269265292372,1.2417197013131318,1.3362426965002094,0.014125482854061082
0.8102202912710476,0.03981133188197733,0.09964038640483094,0.4689695277477868,0.9076146956421893,1.775736982092431,0.015120056444240058
1.9123082851071485,0.1477565087612646,0.07110097954519572,0.579763452528964,1.0546578875152457,0.7019702680158648,0.0010084058744324166
0.6809830061655295,0.1849877276714065,0.026318379793138842,1.008742238861996,1.307052066389961,1.8319716876179872,0.06301454455092233
1.8441831236354456,0.08121415125474095,0.056479155224215455,0.7967759812637483,1.242167869905955,1.4630978377981558,0.007355935329610021
0.6505934684747139,0.02234002711756519,0.012125483086506609,0.23050549773444462,0.9315025077362654,2.0000039996605303,0.250995517053876
0.8968097167269666,0.0748411930540536,0.19745892432974324,0.2022577846664625,1.4008398704647704,0.18373564046137145,1.1259144827006088e-06
1.7697178041019355,0.14191937650246528,0.05227162790446059,0.3599207738643184,0.8373456876416273,0.33615046924112346,0.0016735769852472724
0.7692381085191311,0.13003979252583425,0.16482642911022083,0.3672392052011131,1.2166509819616547,0.5004396594034447,0.00014407758115379476
1.1203518969649546,0.06123342458487687,0.042042527542945934,0.9516210597599107,1.4886743501621242,0.8862585457524839,0.005733081271562795
1.1747889499161892,0.2490805073782129,0.06388421842505905,0.3489402496637599,1.1720533122899242,1.2910463928191924,0.015724425547383784
0.8678884595348144,0.2784491339336501,0.08947269065338968,1.3344071925846788,1.3604702739715946,1.6989409243579965,0.04885737708138591
1.5653678020039798,0.06839101252528741,0.07163707618690497,0.39366492485877835,1.2166266812323716,1.4210013115859397,0.005515557422729196
1.7770019741033058,0.2795761455144943,0.1616866544243736,0.2275840235969357,1.3481618204460948,0.9464199062538282,0.003513052317570144
1.8118627097833577,0.01517967816080244,0.1919617475229304,1.3260444229035055,1.2589158947487011,2.3297349401400496,0.008562380698075104
1.0089832186048415,0.27823911708501414,0.17630595189366122,0.5134586065074261,1.28379241017627,1.472433542974549,0.026194436393727344
1.2962755914317217,0.28605934912346326,0.03917979472007375,0.6955916817672301,0.9594678057604689,1.086494391037677,0.015767536649921136
0.8726096057984772,0.013495040274618309,0.15757084850636516,1.4426369376174193,1.3192746395010424,3.3677793459736796,0.034859687369902366
0.8671947523252181,0.23127559606525694,0.038109913527895174,1.4221169068208834,0.9665369206650316,1.52658924288989,0.060636975808370436
0.7418810942778862,0.29135845604525457,0.18354241024679926,1.100883644970885,1.4864481925998116,0.7700621373373292,0.001197790440015474
1.910028516211272,0.2727116434571557,0.1083969293770299,0.1965145324255766,0.9594510336728433,0.19746427496613192,1.4973292296143172e-05
1.83198324290837,0.2915059467469018,0.07391240673077427,0.9306761755759564,0.9656788025183595,0.9056842935120258,0.007025193679235296
1.6660380699915383,0.1695938166523154,0.039834844493496634,1.4847091090591609,1.401071184338705,1.760235503444599,0.029794388828236443
1.2764922819315936,0.0326652805667626,0.012243726754010876,1.4256827197935726,0.9700901033739734,1.9808024547419056,0.14229829586360537
1.2359118732678078,0.25643886736346044,0.057109928415568105,0.24840348952792002,1.052631955443898,0.9422581494917942,0.005449353996920336
1.294618499273747,0.18801019418461334,0.18366381202344928,0.654354224326516,1.300248112825319,1.5544758848802873,0.020902313481424517
1.304852020365634,0.1882736558146038,0.16147981653172325,0.541751444263975,0.9111240061363343,0.929251226574673,0.0052696582494060765
1.1518446270465355,0.131003546859019,0.19426080447263672,0.28161934966686775,0.9113502283792516,0.7273927680190625,0.0012944863675233263
0.6976322493381012,0.17583417319112166,0.02914468901306088,1.0727176357482653,1.1404508962866333,1.7380113579221765,0.05503134905077717
0.6884957793028039,0.05453813593497321,0.12251396126607719,0.48338771010433146,0.9705877279629088,1.8922068752409755,0.024497084550644286
1.928374573768525,0.2245333077041836,0.05885859006584756,0.5828121243754169,0.9649605688983236,0.5746858780715907,0.0011611948438004338
1.2230461393795258,0.031755019131947275,0.1131589240967574,0.22650242738198514,0.806467244992959,0.3902942276505873,3.524849176097004e-05
1.9298082873577833,0.22163642244269968,0.07088642825705647,0.7971545822901318,1.0593147138385637,0.8877222422742718,0.003861769837132745
0.745365316565165,0.25620374256120765,0.06385845454623792,0.32143500911287903,1.0227753882328823,1.3210203922902577,0.024622350403390884
1.3316248280599003,0.14701591649370158,0.11903060738467353,0.7049265930112847,0.8218090675786693,0.9524943649737901,0.005940975155293433
0.8115758800273088,0.15785080615654432,0.044830450755212664,0.3006791109446221,1.2348632247495646,0.4222074844400321,0.0038273290707931066
0.8797769091899024,0.10054213914740269,0.0991353530247022,1.4353898459302041,1.238658627402348,2.058451192977409,0.044812946430915025
0.5450818681417682,0.2911429892804204,0.1336543303583666,0.30297554647599967,0.8495603302415613,1.1900199099884523,0.027412776826377945
0.678429966110317,0.22260609762226813,0.03435459390473277,0.8306420153908864,1.0219290940366172,1.5284674055142597,0.047228318033498265
1.8752726114437936,0.11700668045710003,0.18681291146661178,0.3757717554465825,1.4109638723967786,1.3173260722146343,0.005084022933799061
0.9822994872234976,0.06069414200757147,0.10608769289628371,0.20690652486165292,1.2075169477712049,0.4208908572623216,3.5108870649291205e-05
1.4121938178718874,0.07367808173860647,0.16571031465802505,0.38323206637893736,1.0883823068083915,1.103796911823186,0.0026746976953886076
1.1975211979839095,0.1445374629719145,0.13424203181800204,0.17668375034661052,1.1255713499248672,1.0880908112646839,0.0045757968956873325
1.1006768678679175,0.28334483609115796,0.14490017883228365,0.2951563363693843,0.9457959961050636,0.8707763692700538,0.005425975326722798
1.2978291370191022,0.22290244027066625,0.14606487878863925,0.7908778208685037,1.3683170504955497,1.6060556335020364,0.026453198795104393
0.7808584169230123,0.07242068697195345,0.1762689804416798,1.0125417294806038,1.4398032938156773,0.7785628834088801,0.0003300307973469943
1.9829058477793648,0.25927272869148044,0.12658503265891557,0.22227574110049683,1.4374648295750305,1.042546757108024,0.0042351894417086595
1.7274618030557944,0.1196781516728075,0.06286125882706403,0.7174260734659759,0.9567540741846098,0.841947352712224,0.0021463411602579818
1.6124219490972729,0.2569994329982304,0.02890683214443686,0.9137458319946926,1.01751818744352,1.1047102665194033,0.023532799114489068
1.2031389455209287,0.08009288341452796,0.1251876176955269,0.42791594669548605,0.9124359423666758,0.986508702206453,0.002737418731617303
0.729315683189504,0.18941157746153212,0.022607032716410402,0.6209097761224355,1.0150407935426193,1.5076338230890738,0.06537994240141964
1.8809987874103518,0.27873444154357174,0.05584575582101074,0.2005688176270521,1.0329637604858202,0.24556872672131808,0.001106302528297486
1.0120806010725913,0.0847892626528603,0.021534365074363224,0.4081835123263329,1.243174015945245,1.8853000674999794,0.08602613763762634
0.5751600345454007,0.21094871126989792,0.11428864191124774,0.7534540962865159,0.9327524670836873,1.4928249395911886,0.04734855827260022
1.0136055152159429,0.2963206597875717,0.04046424373914493,1.4866190504954513,1.4435778470574205,1.7154964133261048,0.048300337959630034
1.6916855457438265,0.053673503300471014,0.12597739069235991,1.4947710881147869,0.872169629059717,1.397958331545798,0.00953596466236914
1.4340631174823122,0.03563666430319558,0.16026437486402084,1.471470353574003,0.8048146077240332,1.570130917990287,0.01207122694359274
1.6262578771172895,0.2055166058089967,0.16615733694665386,0.6923209408204586,1.3984615900413733,1.5153403325179924,0.01747680715668119
1.690453075793566,0.1085234248472188,0.06881326654614921,0.21295252978053103,1.2926388654362349,1.1866171360074975,0.003701038748945242
0.8179319166208139,0.030660898436311423,0.11430136121195424,0.5530028121490669,1.048751909249199,2.2154584302836065,0.021731378216187997
1.8856749741397703,0.1478386291862452,0.1169720444164082,0.4328001255193682,1.2168497941370826,0.892029170348028,0.001840301522051731
1.1569844043805588,0.22859349709674714,0.09984856460929165,0.11977720487379642,0.9564808705874634,0.45066445786022,0.0002953012870227808
1.458520473896247,0.09268549612040473,0.13447163937070533,0.23332705440372556,0.9178727540517633,0.37074473983391876,6.311542286804536e-05
0.5034631588801131,0.10716359447648906,0.049916553526471376,0.7344687090686924,1.129804394597106,1.9459773353579637,0.04532343532184929
1.990052747616767,0.2552528261876219,0.1960562155214909,0.5755274493260157,1.0472314808046725,0.6131029225860749,0.0010199352111999534
0.9213445789462327,0.16082085455583153,0.028635167147277166,0.35249521028827624,1.2306610353747045,0.6083502829527113,0.02715211040589441
